/*
Navicat MySQL Data Transfer

Source Server         : 47.112.26.69
Source Server Version : 50725
Source Host           : 47.112.26.69:3306
Source Database       : product

Target Server Type    : MYSQL
Target Server Version : 50725
File Encoding         : 65001

Date: 2019-06-06 23:38:48
*/

SET FOREIGN_KEY_CHECKS=0;

-- ----------------------------
-- Table structure for apple_book
-- ----------------------------
DROP TABLE IF EXISTS `apple_book`;
CREATE TABLE `apple_book` (
  `id` int(11) NOT NULL AUTO_INCREMENT,
  `book_code` varchar(255) NOT NULL COMMENT '图书编号',
  `book_name` varchar(100) NOT NULL COMMENT '图书名称',
  `author` varchar(40) DEFAULT NULL COMMENT '作者',
  `publish` varchar(100) DEFAULT NULL COMMENT '出版社',
  `book_type` varchar(4) DEFAULT NULL COMMENT '图书类型',
  `language_classification` varchar(10) DEFAULT NULL COMMENT '语种',
  `industry` varchar(300) DEFAULT NULL COMMENT '所属行业',
  `price` decimal(10,2) DEFAULT NULL COMMENT '价格',
  `publish_time` datetime DEFAULT NULL COMMENT '出版日期',
  `ISBN` varchar(255) DEFAULT NULL COMMENT '标准ISBN',
  `content` longtext COMMENT '内容简介',
  `catalog` longtext COMMENT '目录',
  `state` varchar(4) DEFAULT NULL COMMENT '借阅状态',
  `img` varchar(2000) DEFAULT NULL COMMENT '封面图片',
  PRIMARY KEY (`id`)
) ENGINE=InnoDB AUTO_INCREMENT=195 DEFAULT CHARSET=utf8;

-- ----------------------------
-- Records of apple_book
-- ----------------------------
INSERT INTO `apple_book` VALUES ('1', 'xb-20190113001', '一千零一夜', '李白', '北京大学出版社', '纸质', '中文', '小说', '110.00', '2019-01-13 16:25:07', '2019011310001', null, null, '借阅中', '/static/img/1000.jpg');
INSERT INTO `apple_book` VALUES ('2', 'xb-20190113002', '红楼梦', '李白', '天津大学出版社', '纸质', '中文', '经典文学', '78.88', '2019-01-13 16:25:07', '2019011310002', null, null, '借阅中', '');
INSERT INTO `apple_book` VALUES ('3', 'xb-20190113004', '西游记', '李白', '中国科技出版社', '纸质', '中文', '经典文学', '65.99', '2019-01-13 16:25:07', '2019011310003', null, null, '借阅中', '');
INSERT INTO `apple_book` VALUES ('4', 'xb-20190113005', '东游记', '李白', '中科院出版社', '纸质', '中文', '经典文学', '65.66', '2019-01-13 16:25:07', '2019011310004', null, null, '借阅中', '');
INSERT INTO `apple_book` VALUES ('5', 'xb-20190113006', 'C++程序设计语言', '李白', '华北电力大学出版社', '纸质', '中文', '计算机', '108.00', '2019-01-13 16:25:07', '2019011310005', null, null, '借阅中', '');
INSERT INTO `apple_book` VALUES ('6', 'xb-20190113007', 'JAVA程序设计', '李白', '北邮出版社', '纸质', '中文', '计算机', '1000.00', '2019-01-13 16:25:07', '2019011310006', null, null, '借阅中', '');
INSERT INTO `apple_book` VALUES ('7', 'xb-20190113008', '机器学习', '李白', '华电出版社', '纸质', '中文', '计算机', '2000.00', '2019-01-13 16:25:07', '2019011310007', null, null, '借阅中', '');
INSERT INTO `apple_book` VALUES ('8', 'xb-20190113009', '你是风儿我是沙', '李白', '南京大学出版社', '纸质', '中文', '散文', '11.00', '2019-01-13 16:25:07', '2019011310008', null, null, '借阅中', '');
INSERT INTO `apple_book` VALUES ('9', 'xb-20190113010', '???', '??', '???????', '??', '??', '??', '22.00', '2019-01-13 16:25:07', '2019011310009', null, null, '???', '');
INSERT INTO `apple_book` VALUES ('10', 'xb-20190113011', '?????', '??', '?????', '??', '??', '??', '34.00', '2019-01-13 16:25:07', '2019011310010', null, null, '???', '');
INSERT INTO `apple_book` VALUES ('11', 'xb-20190113012', '成功是失败的母亲', '李白', '湖南大学出版社', '纸质', '中文', '散文', '54.00', '2019-01-13 16:25:07', '2019011310011', null, null, '库存中', '');
INSERT INTO `apple_book` VALUES ('12', 'xb-20190113013', '汗水是怎么形成的', '李白', '天津大学出版社', '纸质', '中文', '散文', '65.00', '2019-01-13 16:25:07', '2019011310012', null, null, '库存中', '');
INSERT INTO `apple_book` VALUES ('13', 'xb-20190113014', '一杯白开水', '李白', '中山大学出版社', '纸质', '中文', '散文', '76.88', '2019-01-13 16:25:07', '2019011310013', null, null, '???', '');
INSERT INTO `apple_book` VALUES ('14', 'xb-20190113015', 'Spring框架', '李白', '电子科技大学出版社', '纸质', '中文', '计算机', '120.00', '2019-01-13 16:25:07', '2019011310014', null, null, '???', '');
INSERT INTO `apple_book` VALUES ('15', 'xb-20190113016', 'Mybatis从入门到删库', '李白', '电子科技大学出版社', '纸质', '中文', '计算机', '210.00', '2019-01-13 16:25:07', '2019011310015', null, null, '库存中', '');
INSERT INTO `apple_book` VALUES ('16', 'xb-20190113017', 'Mysql学习之路', '李白', '电子科技大学出版社', '纸质', '中文', '计算机', '78.09', '2019-01-13 16:25:07', '2019011310016', null, null, '借阅中', '');
INSERT INTO `apple_book` VALUES ('17', 'xb-20190113018', '数据库优化设计', '李白', '电子科技大学出版社', '纸质', '中文', '计算机', '77.77', '2019-01-13 16:25:07', '2019011310017', null, null, '借阅中', '');
INSERT INTO `apple_book` VALUES ('18', 'xb-20190113019', 'springboot设计之路', '李白', '华电出版社', '纸质', '英文', '计算机', '88.88', '2019-01-13 16:25:07', '2019011310018', null, null, '借阅中', '');
INSERT INTO `apple_book` VALUES ('19', 'xb-20190113020', 'springcloud微服务', '李白', '清华出版社', '纸质', '中文', '计算机', '99.99', '2019-01-13 16:25:07', '2019011310019', null, null, '库存中', '');
INSERT INTO `apple_book` VALUES ('20', 'xb-20190113021', '天龙八部', '李白', '华清出版社', '纸质', '中文', '小说', '19.00', '2019-01-13 16:25:07', '2019011310020', null, null, '借阅中', '');
INSERT INTO `apple_book` VALUES ('21', 'xb-20190113022', '水浒传', '李白', '北京大学出版社', '纸质', '中文', '经典文学', '35.00', '2019-01-13 16:25:07', '2019011310021', null, null, '库存中', '');
INSERT INTO `apple_book` VALUES ('22', 'xb-20190113023', '三国演义', '李白', '清华大学出版社', '纸质', '中文', '经典文学', '65.00', '2019-01-13 16:25:07', '2019011310022', null, null, '借阅中', '');
INSERT INTO `apple_book` VALUES ('23', 'XB-1548580700002', '帘外1548580700002天', '作者1548580700002', '出版社1548580700002', '纸质', '中文', '测试', '23.65', '2019-01-27 17:18:20', '1548580700002', null, null, '库存中', null);
INSERT INTO `apple_book` VALUES ('24', 'XB-1548580705001', '帘外1548580705001天', '作者1548580705001', '出版社1548580705001', '纸质', '中文', '测试', '23.65', '2019-01-27 17:18:25', '1548580705001', null, null, '借阅中', null);
INSERT INTO `apple_book` VALUES ('25', 'XB-1548580710001', '帘外1548580710001天', '作者1548580710001', '出版社1548580710001', '纸质', '中文', '测试', '23.65', '2019-01-27 17:18:30', '1548580710001', null, null, '借阅中', null);
INSERT INTO `apple_book` VALUES ('26', 'XB-1548580715003', '帘外1548580715003天', '作者1548580715003', '出版社1548580715003', '纸质', '中文', '测试', '23.65', '2019-01-27 17:18:35', '1548580715003', null, null, '库存中', null);
INSERT INTO `apple_book` VALUES ('27', 'XB-1548580720001', '帘外1548580720001天', '作者1548580720001', '出版社1548580720001', '纸质', '中文', '测试', '23.65', '2019-01-27 17:18:40', '1548580720001', null, null, '库存中', null);
INSERT INTO `apple_book` VALUES ('28', 'XB-1548580725002', '帘外1548580725002天', '作者1548580725002', '出版社1548580725002', '纸质', '中文', '测试', '23.65', '2019-01-27 17:18:45', '1548580725002', null, null, '库存中', null);
INSERT INTO `apple_book` VALUES ('29', 'XB-1548580730003', '帘外1548580730003天', '作者1548580730003', '出版社1548580730003', '纸质', '中文', '测试', '23.65', '2019-01-27 17:18:50', '1548580730003', null, null, '库存中', null);
INSERT INTO `apple_book` VALUES ('30', 'XB-1548580750005', '帘外1548580750005天', '作者1548580750005', '出版社1548580750005', '纸质', '中文', '测试', '23.65', '2019-01-27 17:19:10', '1548580750005', null, null, '库存中', null);
INSERT INTO `apple_book` VALUES ('31', 'XB-1548580755006', '帘外1548580755006天', '作者1548580755006', '出版社1548580755006', '纸质', '中文', '测试', '23.65', '2019-01-27 17:19:15', '1548580755006', null, null, '库存中', null);
INSERT INTO `apple_book` VALUES ('32', 'XB-1548580760001', '帘外1548580760001天', '作者1548580760001', '出版社1548580760001', '纸质', '中文', '测试', '23.65', '2019-01-27 17:19:20', '1548580760001', null, null, '库存中', null);
INSERT INTO `apple_book` VALUES ('33', 'XB-1548580765000', '帘外1548580765000天', '作者1548580765000', '出版社1548580765000', '纸质', '中文', '测试', '23.65', '2019-01-27 17:19:25', '1548580765000', null, null, '库存中', null);
INSERT INTO `apple_book` VALUES ('34', 'XB-1548580770005', '帘外1548580770005天', '作者1548580770005', '出版社1548580770005', '纸质', '中文', '测试', '23.65', '2019-01-27 17:19:30', '1548580770005', null, null, '库存中', null);
INSERT INTO `apple_book` VALUES ('35', 'XB-1548580775001', '帘外1548580775001天', '作者1548580775001', '出版社1548580775001', '纸质', '中文', '测试', '23.65', '2019-01-27 17:19:35', '1548580775001', null, null, '库存中', null);
INSERT INTO `apple_book` VALUES ('36', 'XB-1548580780001', '帘外1548580780001天', '作者1548580780001', '出版社1548580780001', '纸质', '中文', '测试', '23.65', '2019-01-27 17:19:40', '1548580780001', null, null, '库存中', null);
INSERT INTO `apple_book` VALUES ('37', 'XB-1548580785004', '帘外1548580785004天', '作者1548580785004', '出版社1548580785004', '纸质', '中文', '测试', '23.65', '2019-01-27 17:19:45', '1548580785004', null, null, '库存中', null);
INSERT INTO `apple_book` VALUES ('38', 'XB-1548580790001', '帘外1548580790001天', '作者1548580790001', '出版社1548580790001', '纸质', '中文', '测试', '23.65', '2019-01-27 17:19:50', '1548580790001', null, null, '库存中', null);
INSERT INTO `apple_book` VALUES ('39', 'XB-1548580795002', '帘外1548580795002天', '作者1548580795002', '出版社1548580795002', '纸质', '中文', '测试', '23.65', '2019-01-27 17:19:55', '1548580795002', null, null, '库存中', null);
INSERT INTO `apple_book` VALUES ('40', 'XB-1548580800012', '帘外1548580800012天', '作者1548580800012', '出版社1548580800012', '纸质', '中文', '测试', '23.65', '2019-01-27 17:20:00', '1548580800012', null, null, '库存中', null);
INSERT INTO `apple_book` VALUES ('41', 'XB-1548580805001', '帘外1548580805001天', '作者1548580805001', '出版社1548580805001', '纸质', '中文', '测试', '23.65', '2019-01-27 17:20:05', '1548580805001', null, null, '库存中', null);
INSERT INTO `apple_book` VALUES ('42', 'XB-1548580810001', '帘外1548580810001天', '作者1548580810001', '出版社1548580810001', '纸质', '中文', '测试', '23.65', '2019-01-27 17:20:10', '1548580810001', null, null, '库存中', null);
INSERT INTO `apple_book` VALUES ('43', 'XB-1548580815006', '帘外1548580815006天', '作者1548580815006', '出版社1548580815006', '纸质', '中文', '测试', '23.65', '2019-01-27 17:20:15', '1548580815006', null, null, '库存中', null);
INSERT INTO `apple_book` VALUES ('44', 'XB-1548580820001', '帘外1548580820001天', '作者1548580820001', '出版社1548580820001', '纸质', '中文', '测试', '23.65', '2019-01-27 17:20:20', '1548580820001', null, null, '库存中', null);
INSERT INTO `apple_book` VALUES ('45', 'XB-1548580825000', '帘外1548580825000天', '作者1548580825000', '出版社1548580825000', '纸质', '中文', '测试', '23.65', '2019-01-27 17:20:25', '1548580825000', null, null, '库存中', null);
INSERT INTO `apple_book` VALUES ('46', 'XB-1548580830006', '帘外1548580830006天', '作者1548580830006', '出版社1548580830006', '纸质', '中文', '测试', '23.65', '2019-01-27 17:20:30', '1548580830006', null, null, '库存中', null);
INSERT INTO `apple_book` VALUES ('47', 'XB-1548580835001', '帘外1548580835001天', '作者1548580835001', '出版社1548580835001', '纸质', '中文', '测试', '23.65', '2019-01-27 17:20:35', '1548580835001', null, null, '库存中', null);
INSERT INTO `apple_book` VALUES ('48', 'XB-1548580840002', '帘外1548580840002天', '作者1548580840002', '出版社1548580840002', '纸质', '中文', '测试', '23.65', '2019-01-27 17:20:40', '1548580840002', null, null, '库存中', null);
INSERT INTO `apple_book` VALUES ('49', 'XB-1548580845001', '帘外1548580845001天', '作者1548580845001', '出版社1548580845001', '纸质', '中文', '测试', '23.65', '2019-01-27 17:20:45', '1548580845001', null, null, '库存中', null);
INSERT INTO `apple_book` VALUES ('50', 'XB-1548580850000', '帘外1548580850000天', '作者1548580850000', '出版社1548580850000', '纸质', '中文', '测试', '23.65', '2019-01-27 17:20:50', '1548580850000', null, null, '库存中', null);
INSERT INTO `apple_book` VALUES ('51', 'XB-1548580855002', '帘外1548580855002天', '作者1548580855002', '出版社1548580855002', '纸质', '中文', '测试', '23.65', '2019-01-27 17:20:55', '1548580855002', null, null, '库存中', null);
INSERT INTO `apple_book` VALUES ('52', 'XB-1548580860002', '帘外1548580860002天', '作者1548580860002', '出版社1548580860002', '纸质', '中文', '测试', '23.65', '2019-01-27 17:21:00', '1548580860002', null, null, '库存中', null);
INSERT INTO `apple_book` VALUES ('53', 'XB-1548580865001', '帘外1548580865001天', '作者1548580865001', '出版社1548580865001', '纸质', '中文', '测试', '23.65', '2019-01-27 17:21:05', '1548580865001', null, null, '库存中', null);
INSERT INTO `apple_book` VALUES ('54', 'XB-1548580870006', '帘外1548580870006天', '作者1548580870006', '出版社1548580870006', '纸质', '中文', '测试', '23.65', '2019-01-27 17:21:10', '1548580870006', null, null, '库存中', null);
INSERT INTO `apple_book` VALUES ('55', 'XB-1548580875001', '帘外1548580875001天', '作者1548580875001', '出版社1548580875001', '纸质', '中文', '测试', '23.65', '2019-01-27 17:21:15', '1548580875001', null, null, '库存中', null);
INSERT INTO `apple_book` VALUES ('56', 'XB-1548580880002', '帘外1548580880002天', '作者1548580880002', '出版社1548580880002', '纸质', '中文', '测试', '23.65', '2019-01-27 17:21:20', '1548580880002', null, null, '库存中', null);
INSERT INTO `apple_book` VALUES ('57', 'XB-1548580885006', '帘外1548580885006天', '作者1548580885006', '出版社1548580885006', '纸质', '中文', '测试', '23.65', '2019-01-27 17:21:25', '1548580885006', null, null, '库存中', null);
INSERT INTO `apple_book` VALUES ('58', 'XB-1548580890002', '帘外1548580890002天', '作者1548580890002', '出版社1548580890002', '纸质', '中文', '测试', '23.65', '2019-01-27 17:21:30', '1548580890002', null, null, '库存中', null);
INSERT INTO `apple_book` VALUES ('59', 'XB-1548580895001', '帘外1548580895001天', '作者1548580895001', '出版社1548580895001', '纸质', '中文', '测试', '23.65', '2019-01-27 17:21:35', '1548580895001', null, null, '库存中', null);
INSERT INTO `apple_book` VALUES ('60', 'XB-1548580900003', '帘外1548580900003天', '作者1548580900003', '出版社1548580900003', '纸质', '中文', '测试', '23.65', '2019-01-27 17:21:40', '1548580900003', null, null, '库存中', null);
INSERT INTO `apple_book` VALUES ('61', 'XB-1548580905002', '帘外1548580905002天', '作者1548580905002', '出版社1548580905002', '纸质', '中文', '测试', '23.65', '2019-01-27 17:21:45', '1548580905002', null, null, '库存中', null);
INSERT INTO `apple_book` VALUES ('62', 'XB-1548580910001', '帘外1548580910001天', '作者1548580910001', '出版社1548580910001', '纸质', '中文', '测试', '23.65', '2019-01-27 17:21:50', '1548580910001', null, null, '库存中', null);
INSERT INTO `apple_book` VALUES ('63', 'XB-1548580915006', '帘外1548580915006天', '作者1548580915006', '出版社1548580915006', '纸质', '中文', '测试', '23.65', '2019-01-27 17:21:55', '1548580915006', null, null, '库存中', null);
INSERT INTO `apple_book` VALUES ('64', 'XB-1548580920001', '帘外1548580920001天', '作者1548580920001', '出版社1548580920001', '纸质', '中文', '测试', '23.65', '2019-01-27 17:22:00', '1548580920001', null, null, '库存中', null);
INSERT INTO `apple_book` VALUES ('65', 'XB-1548580925001', '帘外1548580925001天', '作者1548580925001', '出版社1548580925001', '纸质', '中文', '测试', '23.65', '2019-01-27 17:22:05', '1548580925001', null, null, '库存中', null);
INSERT INTO `apple_book` VALUES ('66', 'XB-1548580930006', '帘外1548580930006天', '作者1548580930006', '出版社1548580930006', '纸质', '中文', '测试', '23.65', '2019-01-27 17:22:10', '1548580930006', null, null, '库存中', null);
INSERT INTO `apple_book` VALUES ('67', 'XB-1548580935000', '帘外1548580935000天', '作者1548580935000', '出版社1548580935000', '纸质', '中文', '测试', '23.65', '2019-01-27 17:22:15', '1548580935000', null, null, '库存中', null);
INSERT INTO `apple_book` VALUES ('68', 'XB-1548580940001', '帘外1548580940001天', '作者1548580940001', '出版社1548580940001', '纸质', '中文', '测试', '23.65', '2019-01-27 17:22:20', '1548580940001', null, null, '库存中', null);
INSERT INTO `apple_book` VALUES ('69', 'XB-1548580945006', '帘外1548580945006天', '作者1548580945006', '出版社1548580945006', '纸质', '中文', '测试', '23.65', '2019-01-27 17:22:25', '1548580945006', null, null, '库存中', null);
INSERT INTO `apple_book` VALUES ('70', 'XB-1548580950001', '帘外1548580950001天', '作者1548580950001', '出版社1548580950001', '纸质', '中文', '测试', '23.65', '2019-01-27 17:22:30', '1548580950001', null, null, '库存中', null);
INSERT INTO `apple_book` VALUES ('71', 'XB-1548580955001', '帘外1548580955001天', '作者1548580955001', '出版社1548580955001', '纸质', '中文', '测试', '23.65', '2019-01-27 17:22:35', '1548580955001', null, null, '库存中', null);
INSERT INTO `apple_book` VALUES ('72', 'XB-1548580960005', '帘外1548580960005天', '作者1548580960005', '出版社1548580960005', '纸质', '中文', '测试', '23.65', '2019-01-27 17:22:40', '1548580960005', null, null, '库存中', null);
INSERT INTO `apple_book` VALUES ('73', 'XB-1548580965001', '帘外1548580965001天', '作者1548580965001', '出版社1548580965001', '纸质', '中文', '测试', '23.65', '2019-01-27 17:22:45', '1548580965001', null, null, '库存中', null);
INSERT INTO `apple_book` VALUES ('74', 'XB-1548580970002', '帘外1548580970002天', '作者1548580970002', '出版社1548580970002', '纸质', '中文', '测试', '23.65', '2019-01-27 17:22:50', '1548580970002', null, null, '库存中', null);
INSERT INTO `apple_book` VALUES ('75', 'XB-1548580975002', '帘外1548580975002天', '作者1548580975002', '出版社1548580975002', '纸质', '中文', '测试', '23.65', '2019-01-27 17:22:55', '1548580975002', null, null, '库存中', null);
INSERT INTO `apple_book` VALUES ('76', 'XB-1548580980001', '帘外1548580980001天', '作者1548580980001', '出版社1548580980001', '纸质', '中文', '测试', '23.65', '2019-01-27 17:23:00', '1548580980001', null, null, '库存中', null);
INSERT INTO `apple_book` VALUES ('77', 'XB-1548580985001', '帘外1548580985001天', '作者1548580985001', '出版社1548580985001', '纸质', '中文', '测试', '23.65', '2019-01-27 17:23:05', '1548580985001', null, null, '库存中', null);
INSERT INTO `apple_book` VALUES ('78', 'XB-1548580990000', '帘外1548580990000天', '作者1548580990000', '出版社1548580990000', '纸质', '中文', '测试', '23.65', '2019-01-27 17:23:10', '1548580990000', null, null, '库存中', null);
INSERT INTO `apple_book` VALUES ('79', 'XB-1548580995001', '帘外1548580995001天', '作者1548580995001', '出版社1548580995001', '纸质', '中文', '测试', '23.65', '2019-01-27 17:23:15', '1548580995001', null, null, '库存中', null);
INSERT INTO `apple_book` VALUES ('80', 'XB-1548581000002', '帘外1548581000002天', '作者1548581000002', '出版社1548581000002', '纸质', '中文', '测试', '23.65', '2019-01-27 17:23:20', '1548581000002', null, null, '库存中', null);
INSERT INTO `apple_book` VALUES ('81', 'XB-1548581005000', '帘外1548581005000天', '作者1548581005000', '出版社1548581005000', '纸质', '中文', '测试', '23.65', '2019-01-27 17:23:25', '1548581005000', null, null, '库存中', null);
INSERT INTO `apple_book` VALUES ('82', 'XB-1548581010000', '帘外1548581010000天', '作者1548581010000', '出版社1548581010000', '纸质', '中文', '测试', '23.65', '2019-01-27 17:23:30', '1548581010000', null, null, '库存中', null);
INSERT INTO `apple_book` VALUES ('83', 'XB-1548581015006', '帘外1548581015006天', '作者1548581015006', '出版社1548581015006', '纸质', '中文', '测试', '23.65', '2019-01-27 17:23:35', '1548581015006', null, null, '库存中', null);
INSERT INTO `apple_book` VALUES ('84', 'XB-1548581020001', '帘外1548581020001天', '作者1548581020001', '出版社1548581020001', '纸质', '中文', '测试', '23.65', '2019-01-27 17:23:40', '1548581020001', null, null, '库存中', null);
INSERT INTO `apple_book` VALUES ('85', 'XB-1548581025001', '帘外1548581025001天', '作者1548581025001', '出版社1548581025001', '纸质', '中文', '测试', '23.65', '2019-01-27 17:23:45', '1548581025001', null, null, '库存中', null);
INSERT INTO `apple_book` VALUES ('86', 'XB-1548581030005', '帘外1548581030005天', '作者1548581030005', '出版社1548581030005', '纸质', '中文', '测试', '23.65', '2019-01-27 17:23:50', '1548581030005', null, null, '库存中', null);
INSERT INTO `apple_book` VALUES ('87', 'XB-1548581035001', '帘外1548581035001天', '作者1548581035001', '出版社1548581035001', '纸质', '中文', '测试', '23.65', '2019-01-27 17:23:55', '1548581035001', null, null, '库存中', null);
INSERT INTO `apple_book` VALUES ('88', 'XB-1548581040001', '帘外1548581040001天', '作者1548581040001', '出版社1548581040001', '纸质', '中文', '测试', '23.65', '2019-01-27 17:24:00', '1548581040001', null, null, '库存中', null);
INSERT INTO `apple_book` VALUES ('89', 'XB-1548581045004', '帘外1548581045004天', '作者1548581045004', '出版社1548581045004', '纸质', '中文', '测试', '23.65', '2019-01-27 17:24:05', '1548581045004', null, null, '库存中', null);
INSERT INTO `apple_book` VALUES ('90', 'XB-1548581050001', '帘外1548581050001天', '作者1548581050001', '出版社1548581050001', '纸质', '中文', '测试', '23.65', '2019-01-27 17:24:10', '1548581050001', null, null, '库存中', null);
INSERT INTO `apple_book` VALUES ('91', 'XB-1548581055000', '帘外1548581055000天', '作者1548581055000', '出版社1548581055000', '纸质', '中文', '测试', '23.65', '2019-01-27 17:24:15', '1548581055000', null, null, '库存中', null);
INSERT INTO `apple_book` VALUES ('92', 'XB-1548581060004', '帘外1548581060004天', '作者1548581060004', '出版社1548581060004', '纸质', '中文', '测试', '23.65', '2019-01-27 17:24:20', '1548581060004', null, null, '库存中', null);
INSERT INTO `apple_book` VALUES ('93', 'XB-1548581065002', '帘外1548581065002天', '作者1548581065002', '出版社1548581065002', '纸质', '中文', '测试', '23.65', '2019-01-27 17:24:25', '1548581065002', null, null, '库存中', null);
INSERT INTO `apple_book` VALUES ('94', 'SYNC-1554309480355', '微观历史', null, null, '纸质', '中文', '中国文学 历史 ', null, '2019-04-04 00:38:00', '1554309480355', '《微观历史》：1957—1965《微观历史》是中国作家祝伟坡著作的一部历史笔记。作品从个人视角出发，记录了1957年至1965年期间中国大跃进人民公社化运动、整风整社运动、四清运动等建国初期的历史事件。《微观历史》以震撼人心的坦率直播个人命运的进退，用亲身经历的事实投影社会历史的浮沉，堪称一部微观的共和国史。\n《微观历史》作者祝伟坡于1935年出生在河北省魏县，是河北师范大学副教授、中国历史学者。他早年曾研究外国文学，后主要研究中国近现代史，经常在多处报刊发表学术论文和散文，文学代表作有《踏步集》、《微观历史》等。\n新中国建国初期，那是一段怎样的岁月呢？小时候，爷爷奶奶偶尔会给我们讲那个时代的故事；历史课本上，我们也能了解个大概。但是，那段岁月始终如一个蒙着面纱的女子，朦朦胧胧的，瞧不见她的真容。而《微观历史》，却帮助我们轻轻撩起了那层神秘的面纱，再现了那个时期真实的社会风貌。\n《微观历史》以日记的形式，记录了历次运动中的所见所闻、所思所感，带领我们走进那段不平凡的岁月，让我们重温历史，体会当时人们迷茫的心理和曲折坎坷的人生，感受时代脉搏的跳动。这些字字真诚的日记于细微处见证了一个时代的理想、迷失和荒诞，它既是火热年代平民的心灵史，更是时代的活化石。《微观历史》中大量珍贵的历史照片，让我们直击历史场景，让那段岁月的故事如电影般播放在我们的眼前，清清楚楚。\n翻开《微观历史》，阅读珍藏的日记，让我们体味到一个青年的心灵独白。拂去历史的尘埃，《微观历史》再现了一个国家的时代风貌。著名学者单正平说：“这是一个普通知识分子的心路历程。一切都似曾相识，一切都陌生新鲜，一切都惊心动魄，一切都微波细澜。家史即国史，心史即信史。大一统下的破碎人生，最宜用日记也只有用日记做记录。时过境未迁，后生堪镜鉴。”\n《微观历史》真实地为读者们展现了那段不平凡年代的历史，对于年轻一代正确地总结过去、珍惜今天，有着十分积极的意义。\n《微观历史》', '京东商城:http://item.jd.com/11174489.html 当当网:http://product.dangdang.com/product.aspx?product_id=23181422 亚马逊:http://www.amazon.cn/%E5%BE%AE%E8%A7%82%E5%8E%86%E5%8F%B2-1957-1965-%E7%A5%9D%E4%BC%9F%E5%9D%A1/dp/B00B20MZ3M/ref=sr_1_1', '库存中', 'http://apis.juhe.cn/goodbook/img/93b469cf22ef86b40ce84a6c63b95e82.jpg');
INSERT INTO `apple_book` VALUES ('95', 'SYNC-1554309480371', '梦里花落知多少', null, null, '纸质', '中文', '中国文学 散文 ', null, '2019-04-04 00:38:00', '1554309480371', '三毛散文集：《梦里花落知多少》“记得当时年纪小，你爱谈天我爱笑。有一回并肩坐在桃树下，风在树梢鸟在叫。不知怎么睡着了，梦里花落知多少。” 或许大家很熟悉青年作家郭敬明的青春小说《梦里花落知多少》，那么，不知道大家对流浪女作家三毛的著名散文集《梦里花落知多少》了解多少呢？《梦里花落知多少》是中国当代著名作家三毛在丈夫荷西去世后于万分悲痛中创作的散文集，书中的每一字，每一句，都饱含着她对丈夫荷西深深的思念之情……\n《梦里花落知多少》一书中共有23篇文章，记录了三毛在丈夫荷西意外过世后的生活。丈夫荷西的死对三毛来说是一场劫难。与写《撒哈拉的故事》的时候相比，三毛在文学和心情上都与早期大不相同。《撒哈拉的故事》中的文章精彩动人，以清新自然的文笔将单调却有趣的沙漠生活娓娓道来。那时的三毛天真烂漫，那时的荷西阳光痴情，那时的他们俩，就是两个还没长大的孩子。而《梦里花落知多少》中的文章总带着点点哀愁与黯然，说情叙事极其内敛，笔调哀而不伤，一字一句皆诉说着三毛对丈夫荷西的深深的思恋，表达着三毛对人生、对爱情的坚定。\n三毛原名陈懋平，后改为陈平。说起三毛，不禁想起张爱玲。张爱玲从骨子里透出冷意，而三毛的骨子里却是热的，而且三毛骨子里带有流浪的天性，旅行与读书是她人生中的两大爱好，她的足迹遍布世界各地。但她说，流浪一点都不浪漫。对于她来说，流浪是被迫的。可是在她的笔下，我们却从没看到过她的抱怨，因为她总能发掘生活中有趣的一面，这是三毛最可贵的品质。\n荷西曾对三毛说过：“你不死，我不死……要到你很老我也很老，两个人都走不动也扶不动了，穿上干干净净的衣服，一齐躺在床上，闭上眼睛说：好吧，一齐去吧！” 而有人也曾经问三毛：“如果在这世上再有一个很爱你的人，指的是婚姻关系，你会不会答应？”三毛答道：“我有一个很爱的人在我心里，叫荷西。这问题不能说，不可说，不知道。我想百分之九十九点九是不，因为我已经有了。” 可见，三毛和荷西，虽然只有短短六年的相爱相守，可他们之间的感情，是刻骨铭心的……\n翻开三毛的《梦里花落知多少》，让我们静静地品读三毛，品读荷西，品读他和她的爱情、他和她的生活，品读荷西对三毛的痴情，品读三毛对荷西的思恋……\n《梦里花落知多少》', '京东商城:http://item.jd.com/10706808.html 当当网:http://product.dangdang.com/product.aspx?product_id=21127783 亚马逊:http://www.amazon.cn/%E6%A2%A6%E9%87%8C%E8%8A%B1%E8%90%BD%E7%9F%A5%E5%A4%9A%E5%B0%91-%E4%B8%89%E6%AF%9B/dp/B005DRCPVM/ref=sr_1_1', '库存中', 'http://apis.juhe.cn/goodbook/img/98ca508f94ea736aa904708092bc838b.jpg');
INSERT INTO `apple_book` VALUES ('96', 'SYNC-1554309480398', '明朝那些事儿', null, null, '纸质', '中文', '中国文学 历史 小说', null, '2019-04-04 00:38:00', '1554309480398', '当时明月经典著作：《明朝那些事儿》《明朝那些事儿》是中国青年历史学者当时明月创作的一系列连载的历史小说，作品讲述了从1344年到1644年间中国明朝三百年的历史故事。小说以史料为基础，以年代和具体人物为主线，以小说的笔法，从朱元璋出生开始讲起，到崇祯皇帝自缢、明朝灭亡结束，将明朝十七帝、王公权贵和小人物的命运等娓娓道来，进行了全景式的展示与描写。而作品对官场政治、战争、帝王心术等的描写更为突出，着墨更多，也对当时的政治经济制度和人伦道德进行了演绎。《明朝那些事儿》精彩绝伦，引人入胜，掀起了一股明朝热。\n《明朝那些事儿》的作者当年明月，原名石悦，男，于1979年出生在宜昌一个普通的干部家庭里，曾是广东顺德海关的一名公务员，现为中国海关总署缉私警察。他于2006年3月在天涯社区首次发表《明朝那些事儿》，于2009年3月21日连载完毕，现已全部集结成书出版发行，一共7部。当年明月是青年历史学者、畅销书作家，也是明史学会会员，更是心灵历史的开创者。他的代表作《明朝那些事儿》销量已过五百万册，为三十年来最畅销的史学读本。\n《明朝那些事儿》共有七部，第一部从朱元璋的出身开始写起，到永乐大帝夺位的靖难之役结束为止，叙述了明朝最艰苦卓绝的开国过程和永乐夺位、建文失踪的靖难之役……第七部描写了明朝最后一位皇帝崇祯的故事和北方后金势力的崛起。七部历史小说，精彩的演绎了中国明代三百年的历史故事和重要历史人物，吸引了千千万万的读者。\n《明朝那些事儿》是迄今为止唯一全本白话正说明朝大历史。作者当时明月以通俗浅显甚至娱乐化的手法重述、重写历史，引发了一场“感染”者高烧不退的“读史热”。而因这一系列作品的持续畅销，当时明月连续五年荣登“中国作家富豪榜”，成为近几年国内文化界的一大奇观，也引起了不少争议。\n《明朝那些事儿》是一部“好读”的历史，也是一部“老百姓”可以读的历史，能够让大家阅读得畅快淋漓。让我们翻开《明朝那些事儿》，走进中国明朝，去细细体会那些事儿……\n《明朝那些事儿》', '京东商城:http://book.jd.com/11014800.html 当当网:http://product.dangdang.com/product.aspx?product_id=22554517 亚马逊:http://www.amazon.cn/%E6%98%8E%E6%9C%9D%E9%82%A3%E4%BA%9B%E4%BA%8B%E5%84%BF-%E5%BD%93%E5%B9%B4%E6%98%8E%E6%9C%88/dp/B005UIJ4NQ/ref=sr_1_1 苏宁易购:http://www.suning.com/emall/prd_10052_22001_-7_1382710_.html', '库存中', 'http://apis.juhe.cn/goodbook/img/485e07a3ae0fc5de931b439881a4b013.jpg');
INSERT INTO `apple_book` VALUES ('97', 'SYNC-1554309480418', '于丹：重温最美古诗词', null, null, '纸质', '中文', '中国文学 散文 ', null, '2019-04-04 00:38:00', '1554309480418', '《于丹：重温最美古诗词》中国古典文化博大精深、源远流长，特别是古典诗词，堪称中华古典文学的瑰宝。作为一个中国人，诗歌陪伴着我们逐渐成长。小时候，牙牙学语的我们就会摇头晃脑、一本正经地背诵着李白的“床前明月光，疑是地上霜”了；长大一点，我们就在“小荷才露尖尖角”的诗歌中无忧无虑地度过了美好的童年时光；长大后，我们开始在爱情的道路上深情吟唱“春蚕到死丝方尽，蜡炬成灰泪始干”，在忙碌的工作中追求“采菊东篱下，悠然见南山”的悠然……也许到岁月在我们的脸上刻上深深的皱纹的时候，我们依然会在“流光容易把人抛，红了樱桃，绿了芭蕉”的诗歌中感叹这似水的年华……林语堂说：“诗歌是中国人的宗教。” 小编觉得，这个比喻还是蛮贴切的。\n《于丹：重温最美古诗词》是于丹老师以17年古诗词教学积淀厚积薄发而成的文学著作。于丹老师回归古典文学专业，重温最美古诗词，回归自在大人生，让传统文化的精髓进一步走近大众，走近当下中国人的精神世界。作品中，于丹老师以其独特的人文风格对中国古诗词意象、风骨、内涵、感悟进行了一系列的鉴赏解读，文字清新优美、通俗易懂又妙语连珠，很能激起读者的共鸣。\n《于丹：重温最美古诗词》作者于丹，著名文化学者，是北京师范大学教授和博士生导师，更是中国传统文化的研究者和传播者。于丹老师曾在中央电视台《百家讲坛》、《文化视点》等栏目进行系列讲座，掀起学习经典的热潮，在海内外文化界、教育界均产生了广泛的影响。\n于丹老师说：“我一直深深地相信，每一个中国人生命的深处都蛰伏着诗意，也许人的年岁越长越需要这样一种温暖，需要我们生命年华中的浪漫，让我们从现实的纠葛中拥有一种挣脱地心引力的力量。”所以，《于丹：重温最美古诗词》一书就让我们重温中国传统文学和古典哲学的精髓所在，找回心灵深处的宁静之美。\n“寻常日子一旦有趣，就变得兴味盎然；寻常日子一旦有心，身边处处都是田园。” 不同于安意如的小家碧玉，于丹时而温婉、时而豪放，将“春风飞扬，秋思浩荡，明月千古，斜阳晚钟，田园林泉，登临况味，剑啸长虹，诗酒流连”等解读得淋漓尽致，深入人心，让人沉醉其中，流连忘返……\n《于丹：重温最美古诗词》', '京东商城:http://book.jd.com/10913523.html 当当网:http://product.dangdang.com/product.aspx?product_id=22742915 亚马逊:http://www.amazon.cn/%E4%BA%8E%E4%B8%B9-%E9%87%8D%E6%B8%A9%E6%9C%80%E7%BE%8E%E5%8F%A4%E8%AF%97%E8%AF%8D-%E4%BA%8E%E4%B8%B9/dp/B006Z51Q4I/ref=sr_1_1?ie=UTF8&amp;qid=1367548030&amp;sr=8-1&amp;keywords=%E3%80%8A%E4%BA%8E%E4%B8%B9%EF%BC%9A%E9%87%8D%E6%B8%A9%E6%9C%80%E7%BE%8E%E5%8F%A4%E8%AF%97%E8%AF%8D%E3%80%8B 苏宁易购:http://www.suning.com/emall/prd_10052_22001_-7_1649112_.html', '库存中', 'http://apis.juhe.cn/goodbook/img/8a0ee76f52d0cf7f28d0eb767946e343.jpg');
INSERT INTO `apple_book` VALUES ('98', 'SYNC-1554309480439', '许三观卖血记', null, null, '纸质', '中文', '中国文学 小说 ', null, '2019-04-04 00:38:00', '1554309480439', '余华巨著：《许三观卖血记》《许三观卖血记》是中国当代著名作家余华于1995年创作的一部长篇小说。作品以博大的温情描绘了磨难中的人生，以激烈的故事形式表达了人在面对厄运时求生的欲望。小说中的人生充满了苦难和痛苦，却渗透了一种契诃夫式的悲悯情绪，令读者一唱三叹、回味无穷。\n《许三观卖血记》是一部精妙绝伦的小说，是朴实简洁和内涵意蕴深远的完美结合。作者余华，于1960年出生在浙江杭州，后迁居浙江海盐，现定居浙江杭州。在其青春成长期间，学习了一回鲁迅先生，弃医从文。从文后先后发表了很多作品，被翻译为多种文字，畅销国内外，对社会的影响颇深，因此也获得了许许多多的奖项，享誉中外。其文学代表作有《活着》、《许三观卖血记》、《在细雨中呼喊》、《兄弟》等等。\n《许三观卖血记》一书中的故事发生在中国解放初的五六十年代，主人公许三观是一个有着好奇心和责任心的青年，为了生活，他拼命工作，但依然无法保证生活。于是，他就去卖血，靠着卖血，他渡过了人生的一个个难关，也一次次战胜了命运强加给他的惊涛骇浪。后来，他老了，无法卖血了，他坐着哭了，感觉人生走到了尽头……\n在这部感人肺腑的小说里，没有绚烂的情节，有的只是一个简单的民间故事：一个中国家庭忍受贫穷、饥荒以及随后的文化大革命……虽然小说充满了辛酸，却也不乏幽默之处，这充分展现了余华令人惊悚而滑稽的写作风格。\n作者余华说：“这本书其实是一首很长的民歌，它的节奏是回忆的速度，旋律温和地跳跃着，休止符被韵脚隐藏了起来。” 让我们轻轻吟唱起这首民歌，走进这部颇具形式美感的文学作品，去体会中国近代贫苦老百姓们的苦难人生……\n《许三观卖血记》', '京东商城:http://book.jd.com/11139510.html 亚马逊:http://www.amazon.cn/%E8%AE%B8%E4%B8%89%E8%A7%82%E5%8D%96%E8%A1%80%E8%AE%B0-%E4%BD%99%E5%8D%8E/dp/B004TJN5DW/ref=sr_1_2', '库存中', 'http://apis.juhe.cn/goodbook/img/3d9a8dd4affd3930ddfb3e056889a56c.jpg');
INSERT INTO `apple_book` VALUES ('99', 'SYNC-1554309480458', '世间所有相遇都是久别重逢', null, null, '纸质', '中文', '中国文学 散文 ', null, '2019-04-04 00:38:00', '1554309480458', '《世间所有相遇都是久别重逢》“如何让你遇见我？在我最美丽的时刻。 为这，我已在佛前，求了五百年，求它让我们结一段尘缘……” 一直以来都很喜欢这首诗，席慕容的《一棵开花的树》，每一次轻声念道，心灵都会微微地被触动，升起一股说不出道不明的莫名情绪……佛说，前世五百年的回眸，才换来今生的擦肩而过。亦有“百年修得同船渡，千年修得共枕眠”一说。前世今生，百转千回，原来世间所有相遇都是久别重逢。或许，五百年前，我就是默默站立在你身旁的那棵树……\n《世间所有相遇都是久别重逢》是享有“落梅风骨，秋水文章”之称的中国作家白落梅以最唯美的文字解读史上最经典的佛诗佛词的一部散文随笔。作品以以禅为经，以诗为纬，编织出一幅最为清新亮丽的画面。白落梅以诗悟禅，以禅入诗，将淡雅之味、悠长之韵、深刻之理、通俗之句皆描绘得淋漓尽致，禅机顿显、诗意盎然，好不惬意。\n“文字清淡，心似兰草”的白落梅，原名胥智慧，是一个凌霜傲雪、拣尽梅枝的女子。她的文学作品常见于《读者》等杂志，其散文在CCTV3《电视诗歌散文》栏目中已播出近40篇，出版的代表作有《恍若梦中一相逢》、《烟月不知人事改》、《在最深的红尘里重逢——仓央嘉措诗传》、《你若安好便是晴天：林徽因传》、《西风多少恨 吹不散眉弯》、《你是锦瑟 我为流年》等等。\n在《世间所有相遇都是久别重逢》一书中，隐世才女白落梅以禅意写红尘，以佛法道人生，文字空灵婉约、淡雅脱尘，极富禅意，具有超凡脱俗直指人心的韵味。“我是这样的无意，在一扇半开半掩的轩窗下，让禅意的文字，盛开在许多个宁静的夜里。不是为了给某个故事，埋下深沉的伏笔，只为了在众生的心底，栽种一株菩提。请相信，世间所有相遇，都是久别重逢。也许我是你前世一直无法破解的棋局，你是我今生永远不能猜透的谜底。”……\n一念起，万水千山皆有情；一念灭，沧海桑田已无心。佛说，缘深则聚，缘浅则分，万法随缘，不求则不苦。所以遇见所有遇见的，拥有可以拥有的，忘记需要忘记的，才能换来岁月静好，现世安稳。\n因为《世间所有相遇都是久别重逢》 ，所以让我们跟随白落梅的脚步，在那亦禅亦诗、颇具灵性的文字中，去追溯诗缘词梦，去寻找那一次次久别重逢……\n《世间所有相遇都是久别重逢》', '京东商城:http://book.jd.com/10379459.html 当当网:http://product.dangdang.com/product.aspx?product_id=21018087 亚马逊:http://www.amazon.cn/dp/B004HEXD18 苏宁易购:http://www.suning.com/emall/prd_10052_22001_-7_860946_.html', '库存中', 'http://apis.juhe.cn/goodbook/img/cb3236e4798011682d3d4bff1e575f21.jpg');
INSERT INTO `apple_book` VALUES ('100', 'SYNC-1554310500418', '京华烟云', null, null, '纸质', '中文', '中国文学 小说 经典名著 ', null, '2019-04-04 00:55:00', '1554310500418', '现代版“红楼梦”：《京华烟云》《京华烟云》是华语文坛最幽默睿智的一支笔、一代国学大师林语堂先生最负盛名的传世之作，是一部全景式展现中国风云变幻的人文、社会和文化的史诗巨著，更有现代版“红楼梦”的美称。作品讲述了北平曾、姚、牛三大家族从1901年义和团运动到抗日战争30多年间的命运浮沉、悲欢离合和恩怨情仇，曾获得诺贝尔文学奖提名，是一部关于现代中国社会现实的经典小说。\n《京华烟云》是国学大师林语堂先生旅居法国巴黎时于1938年8月至1939年8月间用英文创作的长篇小说，原书名为《Moment in Peking》。林语堂先生是中国现代著名的学者、语言学家、文学家和哲学家，他的著名代表作有《京华烟云》、《风声鹤唳》、《吾国与吾民》、《人生不过如此》、《生活的艺术》和《人生的盛宴》等。林语堂先生一生著作等身，享誉中外，在世界文坛上拥有重要的地位。\n《京华烟云》是献给“英勇的中国士兵”的一部伟大著作。小说仿照《红楼梦》的结构，以真挚饱满的情感、严肃而又幽默的文笔，讲述了北平曾、姚、牛三大家族30年间的历史变迁，写出了袁世凯篡国、张勋复辟、直奉大战、军阀割据、“五四”运动、“三·一八”惨案、青年“左倾”、二战爆发等近半个世纪的中国历史事件，全面地展现了现代中国真实的社会状况，吸引了一代又一代爱好历史的读者们。\n《京华烟云》一书集佳话、哲学、历史演义、风俗变迁、深谈、闲话于一身，再加上剧中人物的喜怒哀乐和过渡时代的中国风貌，俨然成为了现代中国的一本伟大的小说。诺贝尔文学奖获得者赛珍珠评价此书说：“它实事求是，不为真实而羞愧。它写得美妙，既严肃又欢快，对古今中国都能给予正确的理解和评价。我认为这是迄今为止最真实、最深刻、最完备、最重要的一部关于中国的著作。”\n《京华烟云》是“林语堂三部曲”之一。本书献词为：“全书写罢泪涔涔，献予歼倭抗日人。不是英雄流热血，神州谁是自由民。” 可见，它是一部饱含深情地献给抗日英雄的巨著。林语堂先生说：“诚盼此书将给予吾人以深刻的启示，将我们深植于往昔的根蒂，开出灿丽的鲜花！” 那么，就让我们走进现代版“红楼梦”——《京华烟云》，去了解中国历史的变迁，去体会书中人物的悲欢离合，感受他们的酸甜苦辣……\n《京华烟云》', '京东商城:http://book.jd.com/10862584.html 当当网:http://product.dangdang.com/product.aspx?product_id=22553275 亚马逊:http://www.amazon.cn/dp/B006BO864G 苏宁易购:http://www.suning.com/emall/prd_10052_22001_-7_2510555_.html', '库存中', 'http://apis.juhe.cn/goodbook/img/8de57bb8f82c0f31035d25e48644f3dd.jpg');
INSERT INTO `apple_book` VALUES ('101', 'SYNC-1554310500481', '倾城之恋', null, null, '纸质', '中文', '中国文学 小说 ', null, '2019-04-04 00:55:00', '1554310500481', '张爱玲著名小说：《倾城之恋》《倾城之恋》是中国现代著名作家张爱玲创作的著名小说，也是她的成名作和经典代表作。《倾城之恋》讲述了一对现实中的庸俗男女在兵荒马乱的战争年代上演的一幕倾城之恋，叙述了一个动听而又近人情的爱情故事。此部作品是张爱玲最脍炙人口的文学著作之一，奠定了张爱玲在中国文坛上的重要地位。\n《倾城之恋》的爱情故事发生在香港。女主角白流苏原是上海的白家小姐，在经历过一次失败的婚姻后，身无分文的她备受亲戚们的冷嘲热讽。在她失望之余，从此变得冷漠，看尽世态炎凉。一次偶然的机会，她与男主人公范柳原——一个多金潇洒的单身汉结识，于是孤注一掷，远赴香港，追求范柳原的爱与婚姻。他们两个情场高手在浅水湾饭店斗智斗勇，最终白流苏服输了。但在日军开始轰炸浅水湾时，范柳原打消了离开的念头，回来保护白流苏。在生死攸关时，两人于“一刹那”间体会到了“一对平凡的夫妻”之间的“一点真心”，最后终于结婚了。但是婚姻并不能改变范柳原之前的生活习惯与作风，白流苏也只能睁只眼闭只眼……\n《倾城之恋》的作者张爱玲是中国现代最重要的作家，也是五四以来最优秀的作家。张爱玲原名张瑛，于1920年9月30日出生在上海公共租界西区。张爱玲家世显赫，童年时光却是黑暗的。她的生母流浪欧洲，她和弟弟是在后娘的监管下长大的，所以导致她的文学作品充满了悲观与势利。张爱玲一生创作了大量的文学作品，有小说、散文、电影剧本以及文学论著等，而她的经典代表作有《金锁记》、《倾城之恋》、《半生缘》和《红玫瑰与白玫瑰》等等。1995年09月08日，张爱玲于洛杉矶加州逝世，享年75岁。\n《倾城之恋》是张爱玲最为倾心的作品之一，张爱玲以独特的韵味和情致讲述了一对痴男怨女纠缠不清的爱情故事。著名作家王安忆说：“她有足够的情感能力去抵达深刻，可她没有勇敢承受这种能力所获得的结果，这结果太沉重，她是很知道这分量的。于是她便觉攫住自己，束缚在一些生活的可爱的细节，拼命去吸吮它的实在之处，以免自己再滑到虚无的边缘。”\n原本是一场自私而畸形的爱情交易，却因为战争，让两人相嚅以沫、生死相依。“别的她不知道，在这一刹那，她只有他，他也只有她……” 品读《倾城之恋》，看张爱玲如何看透人性、看透人生……\n《倾城之恋》', '京东商城:http://book.360buy.com/11020132.html 当当网:http://product.dangdang.com/main/product.aspx?product_id=22782677 亚马逊:http://www.amazon.cn/dp/B0084XA1JA 苏宁易购:http://www.suning.com/emall/prd_10052_22001_-7_2170861_.html', '库存中', 'http://apis.juhe.cn/goodbook/img/c80c7e316e3dc366ce8b5f321461642f.jpg');
INSERT INTO `apple_book` VALUES ('102', 'SYNC-1554310500497', '人生', null, null, '纸质', '中文', '中国文学 小说 经典名著 ', null, '2019-04-04 00:55:00', '1554310500497', '路遥经典著作：《人生》《人生》是中国当代著名作家路遥的成名作，一部以改革时期陕北高原的城乡生活为背景的优秀中篇小说。作品描写了高中毕业生高加林在农村与城市中几度徘徊的故事，亦描写了高加林同农村姑娘刘巧珍、城市姑娘黄亚萍之间的感情纠葛。小说将理想与现实之间的矛盾描写得淋淋尽致，给人带来一种无奈的无力感的同时，引人深思。\n《人生》是真正奠定路遥创作基础的一部经典作品。路遥，原名王卫国，中国当代农村作家，生于1949年陕北一个贫穷的农民家庭里。路遥于1973年进入延安大学中文系学习，在学习期间开始文学创作，后任《陕西文艺》（今为《延河》）编辑。路遥的文学代表作有1982年发表的《人生》、1988年发表的百万字长篇巨著《平凡的世界》等，曾获得第三届茅盾文学奖。\n《人生》一书以朴实的语言描写了出生于农村却自信坚毅、拥有远大理想和抱负的主人公高加林离开土地又回到土地、再离开土地再回到土地的命运。高加林辛勤、朴实却心性极高，他不断向命运挑战却最终不得不臣服于命运。小说刻画了他这个复杂矛盾的人物形象，体现了在那个时代背景下那种艰难选择的悲剧。\n“人生的道路虽然慢长，但紧要处常常只有几步，特别是当人年轻的时候。没有一个人的生活道路是笔直的，没有岔道的。有些岔道口，譬如政治上的岔口，事业上的岔道口，个人生活上岔道口，你走错一步，可以影响人生的一个时期，也可以影响一生。” 《人生》开篇引用的这段话，却是这篇小说的最好的一个注解。\n《人生》是一部影响了千万青年的励志名篇。阿里巴巴CEO马云说：“路遥对我的影响最大。18岁时，我是蹬天轮的零工，是《人生》改变了我的人生！” 路遥平淡但充满力量的文字，的确影响了很多很多人的人生。而同样出身于农村的我，对路遥的《平凡的世界》和《人生》都极其热爱，因为在其中，我能找到深深的情感寄托与强烈的共鸣……\n《人生》', '京东商城:http://book.jd.com/10960247.html 当当网:http://product.dangdang.com/main/product.aspx?product_id=22632990 亚马逊:http://www.amazon.cn/dp/B007OQ5A4E', '库存中', 'http://apis.juhe.cn/goodbook/img/df9334eb2d4815be9ab813aac90d2cbe.jpg');
INSERT INTO `apple_book` VALUES ('103', 'SYNC-1554310500542', '青铜葵花', null, null, '纸质', '中文', '中国文学 儿童文学 小说 ', null, '2019-04-04 00:55:01', '1554310500542', '美丽的痛苦，诗意的苦难：《青铜葵花》因为曹文轩老师的文学作品一如既往地被广大读者所喜爱，又因为我一如既往地喜欢曹老师的纯美作品，所以在推荐了曹老师的纯美小说《草房子》、《山羊不吃天堂草》、《细米》、《根鸟》之后，我再一次推荐曹文轩老师的这部拥有最美丽的痛苦、最诗意的苦难的儿童文学作品——《青铜葵花》。\n《青铜葵花》是曹文轩老师经历了艰辛而漫长的日子才创作出来的长篇小说。这部小说一如既往地秉承了曹老师的写作风格，纯净、唯美，即使是写苦难，也是那么地富有诗意。《青铜葵花》讲述了一个乡村男孩青铜和城市女孩葵花的感人故事。一次命运的安排，一次特别的机缘，城市女孩葵花来到了不会说哈的乡下男孩青铜的身边，并且成为以兄妹相称的好朋友。他们在大麦地里一起生活，一起长大，青梅竹马。不管是是遭遇洪水还是蝗虫来袭，他们在苦难中彼此鼓励支持，乐观、坚强地成长着。然而，12岁那年，命运将葵花召回了她原本所在的城市，青铜葵花不得不分开。那一次，男孩青铜失去了葵花，不会说话的他竟然开口高喊了一声“葵花”，震撼了所有人的心灵。从此以后，男孩青铜常常遥望着芦荡的尽头，遥望着女孩葵花所在的地方，期盼着她能够归来……\n在《青铜葵花》一书中，曹文轩老师将苦难、大美、至爱三位一体，完美地融合在一起。深刻的大苦难，极致的大美，充满生机与情意的至爱，都在曹老师纯净优雅的笔调下娓娓道来，感人肺腑，震撼人心。作品中的人物形象鲜明独特，意境高雅清远，情感真挚深沉，那唯美的文字，把痛苦写得如此美丽，把苦难写得如此诗意，却更能体现出人间的真情和人道主义的光辉。浓浓的爱意洋溢在整部作品中，直抵人们柔软的心弦，让人忍不住泪流满面……\n《青铜葵花》是曹文轩老师颇为自得的一部心爱之作。书中青铜和葵花经受的苦难和各自显示的风度，时时刻刻都在牵动着读者的心。而曹老师在作品对苦难、对真情、对美好人性的细腻描写和咏叹，像春水般滋润着、温暖着人们的心田，牵引着我们去追寻生命中那永恒的真、善、美。\n曹老师说：“每一个时代的人，都有每一个时代的人的痛苦，痛苦绝不是今天的少年才有的。少年时，就有一种对痛苦的风度，长大时才可能是一个强者。” 《青铜葵花》一书呼唤了个人和民族对待苦难时应表现出强劲的风度，让痛苦变美丽，让苦难变诗意。\n《青铜葵花》是一部充满力量感的作品，非常值得我们一读再读。\n《青铜葵花》', '京东商城:http://book.360buy.com/10016645.html 当当网:http://product.dangdang.com/main/product.aspx?product_id=22506352 亚马逊:http://www.amazon.cn/dp/B0011685F4/ 苏宁易购:http://www.suning.com/emall/prd_10052_22001_-7_564322_.html', '库存中', 'http://apis.juhe.cn/goodbook/img/c21d6b9af21587ad1bc5c50aafb1392a.jpg');
INSERT INTO `apple_book` VALUES ('104', 'SYNC-1554310500573', '我们仨', null, null, '纸质', '中文', '中国文学 散文 ', null, '2019-04-04 00:55:01', '1554310500573', '杨绛生活回忆录：《我们仨》《我们仨》是中国著名文学家钱钟书的夫人、中国著名作家杨绛女士撰写的一部家庭生活回忆录。我们仨指的是钱钟书先生、杨绛女士和他们唯一的女儿钱媛。作品记述了他们家庭三口63年来的风雨历程和生活中的点点滴滴。1997年，杨绛唯一的女儿钱媛离她而去；1998年，一生的伴侣丈夫钱钟书也与世长辞。杨绛女士痛失爱女与丈夫的四五年后，也即是其92岁高龄时，用心记录下了他们一家三口共同的生活记忆——那些快乐而艰难、爱与痛的日子。《我们仨》情感真挚饱满，情节感人肺腑，让人禁不住泪流满面……\n杨绛女士是中国著名的作家、翻译家、评论家和学者，原名杨季康，于1911年7月17日出生在北京，1932年毕业于苏州东吴大学，后与丈夫钱钟书一起到英国、法国留学，回国后在清华大学任教。新中国成立后，杨绛在中国社会科学院文学研究所、外国文学研究所工作。与其丈夫钱钟书一样，杨绛在中国文学界也拥有非常重要的地位。她的经典代表作有《洗澡》、《干校六记》等，剧本著作有《称心如意》、《弄真成假》、《风絮》等，译著有《堂吉诃德》、《吉尔·布拉斯》等。《我们仨》是杨绛女士于2003年发表的散文回忆录，记录了他们一家所经历的风风雨雨，颇为感人。\n《我们仨》分为两部分。第一部分讲述的是他们一家三口在最后几年中相依为命的情感体验，第二部分则记录了这个家庭自1935年夫妻二人赴英国留学到1998年钱钟书先生逝世的63年间鲜为人知的坎坷历程。杨绛女士以独特的写法，朴实感人的文字描述了他们一家所经历的战火、疾病、政治风暴和生离死别。无论是暴风抑或是骤雨，他们一家人相濡以沫；无论是酸甜还是苦辣，他们一家人共同品尝。美好的家庭已然是这一家人最安全的庇护所，也是人生最好的庇护所……\n天上人间，阴阳殊途，生离死别，杨绛女士晚年独伴青灯，用心灵、用文字，向逝去的亲人表达着最真挚的爱意和思念。那难以言表的亲情和忧伤弥漫在字里行间，令无数读者动容。\n“他已骨瘦如柴，我也老态龙钟。他没有力量说话，还强睁着眼睛招待我。我忽然想到第一次船上相会时，他问我还做梦不做。我这时明白了。我曾做过一个小梦，怪他一声不响地忽然走了。他现在故意慢慢儿走，让我一程一程送，尽量多聚聚，把一个小梦拉成一个万里长梦。这我愿意。送一程，说一声再见，又能见到一面。 离别拉得长，是增加痛苦还是减少痛苦呢？我算不清。但是我陪他走得愈远，愈怕从此不见。”\n“我一个人思念我们仨。” 这一句，就让我湿了眼角……\n《我们仨》', '京东商城:http://book.360buy.com/11096744.html 当当网:http://product.dangdang.com/main/product.aspx?product_id=22660863 亚马逊:http://www.amazon.cn/%E6%88%91%E4%BB%AC%E4%BB%A8-%E6%9D%A8%E7%BB%9B/dp/B007TQNFRS', '库存中', 'http://apis.juhe.cn/goodbook/img/241fd5b4053a91a37ac76896328688c9.jpg');
INSERT INTO `apple_book` VALUES ('105', 'SYNC-1554310500590', '家', null, null, '纸质', '中文', '中国文学 小说 经典名著 ', null, '2019-04-04 00:55:01', '1554310500590', '巴金巨著：《家》家，是一个很温馨、很温暖的名词，它永远是我们避风的港湾，是我们不舍的牵挂。不管我们走到哪里，都会有一条隐形的线，从家里一直到我们手里，永远都不会断……而巴金的《家》，却截然相反，不但没有温馨和温暖，而且还让人觉得有点毛骨悚然了。《家》是中国大文豪巴金创作的著名长篇小说，是激流三部曲的第一部。《家》以辛亥革命前后的四川成都为背景，以作者感受至深的老家生活经历为素材，描写了一个正在崩溃的封建大家庭的悲欢离合，在现代文学史上具有很重要的地位。\n《家》的作者巴金是中国现代著名的文学家、翻译家和出版家，是20世纪中国杰出的文学大师和中国当代文坛的巨匠。巴金原名李尧棠，四川成都人，于1904年11月25日出生。巴金在一个官僚地主家庭里长大，从小就亲眼目睹了封建社会的种种丑恶现象。1919年的“五四”青年运动让巴金树立了反对封建制度，追求新社会理想的信念。1927年，他赴法留学，回国后积极参与抗日救亡运动，和伟大的文学大师鲁迅来往非常密切。巴金一生创作了许多优秀的文学作品，经典代表作有“激流三部曲”《家》、《春》、《秋》，“爱情三部曲”《雾》、《雨》、《电》和散文集《随想录》等等。巴金拥有“人民作家”、“世纪老人”等称号，于2005年10月17日与世长辞，一代文学巨星陨落，人们无比哀痛。\n《家》以细腻的文笔描写了在新的革命时期，高家这个封建官僚大家庭逐渐走向衰败的历史。作品以舒缓自然的生活化结构展现了一个封建官僚家庭全部的生活细节，无情地揭露了封建地主阶级的腐朽、堕落，批判了封建礼教的虚伪、残酷，也表现了叛逆新一代的觉醒和反抗，抒发了渴望新社会、新生活的真挚浓郁的激情。\n巴金在《家》一书中以意蕴丰富的细节描写和细腻的心理描写塑造了很多性格鲜明的人物形象：有新思想却又懦弱的觉新、勇于追求爱情和新生活的觉民，激进出走的觉慧、因封建礼教而痛苦惨死的家庭妇女梅和瑞珏等等。书中的人物栩栩如生，跃然于纸上。\n《家》是巴金文学道路上树起的第一块丰碑，也是中国现代文学史上最优秀的现实主义杰作之一。让我们一起读巴金的《家》，读巴金的“激流三部曲”，去感受祖辈们反抗封建的毅力和勇气……', '京东:http://book.360buy.com/10006069.html 亚马逊:http://www.amazon.cn/%E5%AE%B6-%E5%B7%B4%E9%87%91/dp/B001Q9EJJC/ref=sr_1_6?s=books&amp;ie=UTF8&amp;qid=1360196095&amp;sr=1-6 博库书城:http://detail.bookuu.com/1467790.html', '库存中', 'http://apis.juhe.cn/goodbook/img/6509a525ea8e35b52f7ced67b05bb064.jpg');
INSERT INTO `apple_book` VALUES ('106', 'SYNC-1554310500617', '根鸟', null, null, '纸质', '中文', '中国文学 儿童文学 ', null, '2019-04-04 00:55:01', '1554310500617', '曹文轩浪漫小说：《根鸟》《草房子》、《山羊不吃天堂草》、《细米》……这些拥有唯美名字的儿童文学作品，全部出自曹文轩老师之手。而《根鸟》，是曹文轩老师纯美浪漫小说系列中的又一部经典之作。《根鸟》叙述了一个名叫根鸟的少年梦幻而现实的身心成长史，是一部悠远而精彩的心灵童话。《根鸟》曾获第六届宋庆龄儿童文学奖一等奖和台湾“好书大家读”最佳少年儿童读物奖，赢得了所有孩子（包括小孩子和大孩子）的万般喜爱。\n《根鸟》中的少年根鸟梦见了一个美丽的少女，她在悬崖上采花，不慎掉进峡谷里。因为这个梦，根鸟从家乡菊坡出发了。他以梦为马，勇往直前，执着地踏上了未知的旅途，去寻找梦中开满百合花的大峡谷，营救那个叫做紫烟的女孩子。一路上，根鸟走过荒漠、草原、大山、村落、峡谷和小镇······他的旅程奇幻又玄妙，惊险又刺激。一路上困难重重，但他披荆斩棘，丝毫没有放弃。在这个旅程中，根鸟品尝了人生的喜怒哀乐，有过失落与迷茫，最后却仍然坚定、执着地寻找自己的梦想，直到梦想实现的那一刻。根鸟在现实与梦幻之间逐渐成长，在痛苦中收获快乐。\n曹文轩老师以唯美的文字描述了一个迷人的、浪漫的、梦幻般的故事。他让我们在梦幻中游走，却在真实中体验人生。他运用了一种童话般美丽、奇幻的写法，却写出了强烈的现实意义。根鸟在鬼谷那艰险的环境中从没想过将梦想放弃，却在幸福温暖的米溪把自己的梦想搁浅了几年，后来又在放纵、享乐的莺店差点把梦想丢失。不过还好，在曾经的旅伴板金的鼓励下，根鸟重新拾起了梦想，继续踏上了寻梦的旅途……\n其实，在每个人的人生旅程中，都会路过类似菊坡、鬼谷、米溪和莺店这样的地方。很多人不是没有梦想，而是梦想很快就在不知不觉中丢失了。也许丢在了安稳的菊坡，也许遗留在艰险的鬼谷，也许搁浅在安逸的米溪，又或许，堕落在放纵、享乐的莺店里。却很少人能够像根鸟一样，实现最初的那个梦想。曹老师笔下的《根鸟》，是一部虚幻而又具有浓重现实感的“成长小说”。在奇妙的故事场景和情节中，蕴涵着强烈的象征意义，让人们在阅读的同时也让各自的心灵洗了一个澡。\n曹老师自己评价《根鸟》时说：“意义必须是多面的。可以将它看成是一部情爱的启蒙小说，也可以将它看成是一部思考人生的小说，甚至可以将它看成是一部富有哲学意味的小说。” 读者不同，理解就不同，但是有一样是相同的，那就是我们都要坚定成长中的那个美丽而纯净的梦，以梦为马，勇往直前，去寻找我们心中开满百合花的大峡谷，去营救梦中那个叫紫烟的美丽女孩！\n《根鸟》', '京东商城:http://book.360buy.com/10016640.html 当当网:http://product.dangdang.com/main/product.aspx?product_id=22506351 苏宁易购:http://www.suning.com/emall/prd_10052_22001_-7_947608_.html 亚马逊:http://www.amazon.cn/dp/B005WOAL6C/', '库存中', 'http://apis.juhe.cn/goodbook/img/8c4697219f7be84f744dc41115aeaa8f.jpg');
INSERT INTO `apple_book` VALUES ('107', 'SYNC-1554310500631', '城南旧事', null, null, '纸质', '中文', '中国文学 儿童文学 小说 ', null, '2019-04-04 00:55:01', '1554310500631', '林海音自传体小说：《城南旧事》《城南旧事》是中国著名女作家林海音创作的回忆记事小说。林海音以其六岁到十三岁的童年生活为背景，创作了这部自传体短篇小说集《城南旧事》，并于1960年初版。作品透过英子童稚的双眼，观看着大人世界里的悲欢离合、喜怒哀乐。书中那淡淡的哀愁与沉沉的相思，感染了一代又一代读者，使这部文学作品大获成功并经久不衰。以《城南旧事》改编而成的同名电影获得了“中国电影金鸡奖”等多项大奖，成为了中国当代电影中的经典作品。\n《城南旧事》的作者林海音原籍在台湾苗栗县头份镇， 原名林含英，小名英子，于1918年出生于日本大阪，3岁时随父母返回台湾，5岁来到北京，住在城南一座四合院里。林海音在北平度过了她的童年时光和青春岁月，在北平送走了自己英年早逝的父亲，在北平嫁为人妻。直到1948年，林海音带着妈妈、孩子和丈夫何凡举家返回台湾。林海音对自己成长的北京古城具有很深的感情，于是创作出了经典代表作《城南旧事》，以纪念自己童年的似水流年。\n在二十世纪二十年代的北平城南的一座四合院里，住着英子温暖和睦的一家。林海音以温婉的文笔、超逸的风格，从天真善良的英子的角度描写出了古城北京形形色色的人和事，道尽了人世间复杂的情感，展现了旧北京的社会风貌。看着大人们的美好愿望总是与社会现实存在着巨大的反差，英子童真弱小的心灵也越发显得孱弱。《城南旧事》字里行间都缠绕着悲剧色彩，让文章显得丰富厚重，令人触目，发人深省。\n充满自然、怀旧基调的《城南旧事》曾被评为亚洲周刊 “二十世纪中文小说一百强”，是《百年百部中国儿童文学经典书系》之一。文中那淡淡的忧伤、浓浓的诗意，让一代又一代人深受感染。《城南旧事》通过看似狭小的故事描写，反映了当时北京的整个历史面貌，有着极强的社会意义，不愧是林海音独步文坛多年的经典文学作品。\n“长亭外，古道边，芳草碧连天。晚风拂柳笛声残，夕阳山外山。天之涯，地之角，知交半零落。一瓢浊酒尽余欢，今宵别梦寒。” 《城南旧事》是一部安静的小说，一部关于成长的寓言。当英子爸爸的花儿落下的时候，她已不再是小孩子……童年就这样远去，因为，这就是成长……\n《城南旧事》', '京东商城:http://book.360buy.com/10037872.html 当当网:http://product.dangdang.com/main/product.aspx?product_id=22606942 亚马逊:http://www.amazon.cn/%E4%B8%AD%E5%B0%8F%E5%AD%A6%E7%94%9F%E5%BF%85%E8%AF%BB%E4%B8%9B%E4%B9%A6-%E5%9F%8E%E5%8D%97%E6%97%A7%E4%BA%8B-%E6%9E%97%E6%B5%B7%E9%9F%B3/dp/B001N2LRUQ 苏宁易购:http://www.suning.com/emall/prd_10052_22001_-7_1610601_.html', '库存中', 'http://apis.juhe.cn/goodbook/img/b7dbb2eb24b1cd6d3bc92b6e4eb6bbd1.jpg');
INSERT INTO `apple_book` VALUES ('108', 'SYNC-1554310500645', '穆斯林的葬礼', null, null, '纸质', '中文', '中国文学 小说 ', null, '2019-04-04 00:55:01', '1554310500645', '霍达经典著作：《穆斯林的葬礼》穆斯林，是指信奉伊斯兰教的神安拉的人。《穆斯林的葬礼》，是中国著名作家霍达所著的一部经典长篇小说。作品描写了我国回族一个穆斯林家族跨越六十年的历史兴衰和家族三代人的悲欢离合，描写了几段交错复杂的爱情纠葛，具有民族史诗的品格和不可替代的文学地位和审美价值。《穆斯林的葬礼》是我国第一部成功地表现回族人民悠久历史和现实生活的长篇小说，并于1991年获得第三届茅盾文学奖。\n“啊，安拉！宽恕我们这些人：活着的和死了的，出席的和缺席的，少年和成年，男人和女人……” 《穆斯林的葬礼》讲述了一个玉器家族在抗日战争年代前后跨越六十年的兴衰史。梁亦清是古都京华老字号玉器行“奇珍斋”的主人，家有二女梁君璧和梁冰玉，男主人公韩子奇则是他的学徒。由于梁亦清的去世和玉器行的困境，韩子奇到“汇远斋”当了学徒，苦熬三年终成行家，后回到奇珍斋与梁君璧结为夫妇，重振家业，并生有一儿韩天星。日军侵华战争爆发后，韩子奇担心玉器珍品被毁，遂带着在感情上失意的妻妹梁冰玉前往英国，不料两人在患难中互生情愫，生有一女韩新月。\n战争结束后，韩子奇带着梁冰玉和女儿新月回国，母子两被姐姐梁君璧所不容。梁冰玉原本决定带女儿远走他乡，因韩子奇苦求而留下了女儿，独自一人出走。新月长大后，以优异的成绩考上了北大，后与班主任楚雁潮互相爱慕。但因楚雁潮是汉族人，所以梁家强烈反对。最终，韩新月红颜薄命，因心脏病不幸逝世……\n《穆斯林的葬礼》以独特的视角，真挚的情感，深刻的内涵和冷峻的文笔，揭示了中国穆斯林在文化抨击与融合中的心理历程，宏观地回顾了他们所走过的漫长而艰难的足迹，展现了奇异而古老的民族风情和充满矛盾的现实生活。不仅如此，作品还塑造了一批血肉丰满的人物形象，栩栩如生，跃然于纸上，拨动于读者心弦。\n“一道门，隔着两个世界。”——一个是玉的世界，一个是月的世界。《穆斯林的葬礼》无疑是一部震撼人心的佳作，小说细腻哀伤、如泣如诉，曲终掩卷，却让人久久舍不得搁下……\n作者介绍：霍达，女，回族人，回族经名法图迈，于1945年11月26日出生，现居北京。霍达市中国电影编剧、国家一级作家、中国作家协会会员，她于1987年创作的小说《穆斯林的葬礼》被冰心老人誉为“奇书”。', '京东:http://book.360buy.com/11020125.html 当当:http://product.dangdang.com/main/product.aspx?product_id=22782674 亚马逊:http://www.amazon.cn/mn/detailApp/ref=asc_df_B008AFFJP8540677/?asin=B008AFFJP8 苏宁易购:http://www.suning.com/emall/prd_10052_10051_-7_2170856_.html', '库存中', 'http://apis.juhe.cn/goodbook/img/892205dec0138b83621aef3d473b882a.jpg');
INSERT INTO `apple_book` VALUES ('109', 'SYNC-1554310500660', '洗澡', null, null, '纸质', '中文', '中国文学 小说 ', null, '2019-04-04 00:55:01', '1554310500660', '杨绛经典文学作品：《洗澡》《洗澡》是中国著名作家、翻译家，钱钟书的夫人杨绛女士的经典代表作。作品描写了新中国成立后许许多多、形形色色的知识分子们的形象，展示了知识分子们思想改造的全程图。小说幽默诙谐，不亚于其夫钱钟书先生的巨著《围城》。\n《洗澡》是一部描写了解放后知识分子们第一次经受思想改造（即三反运动）的书籍。在《洗澡》一书中，杨绛女士生动形象地展示了知识分子这一群体的内心世界，并将他们的外貌形象刻画得惟妙惟肖、入木三分，吸引了许多读者的眼球。\n作者杨绛女士是中国社会科学院外国文学研究员，同时也是中国著名的作家、翻译家、评论家和学者。杨绛原名杨季康，祖籍江苏无锡，于1911年7月17日出生在北京，曾同钱钟书一起赴英国、法国留学，两人生有一女钱媛。杨绛女士和钱钟书先生夫妇俩在中国文坛上有着举足轻重的地位，她的著名代表作除了《洗澡》之外，还有《我们仨》、《干校六记》等等。\n在杨绛女士幽默风趣的笔调下，新中国成立后某些知识分子们的虚伪、自大和勾心斗角的形象被刻划得栩栩如生。小说凭借生动的情节，简练的文笔、丰富的内容和富有生活气息的氛围，真实地反映了那个年代以及那个年代的人们的思想壮志。本书通俗易懂，寓意深刻，是一部了解解放后知识分子门的思想感情读物。\n《洗澡》不是由一个主角贯连全部的小说，它既没有史诗性的结构，也没有主角。书中的第一部分介绍了新中国的知识分子们；第二部讲述了这些人需要“洗澡”的必要性；第三部则描写了“三反运动”中这群知识分子们各自不同的表现。\n《洗澡》一书是女性的反击，是多年以后对《围城》的回应。人们往往只看到了钱钟书的万丈光芒，却忽略了杨绛的旷世才华。杨绛所著的《洗澡》，一点也不逊色于《围城》，而在反讽的写法上，甚至比其夫要更为高明些……\n读文学经典，读中国名著，就要读钱钟书的《围城》，更要读杨绛的《洗澡》！', '京东:http://book.360buy.com/11165561.html 亚马逊:http://www.amazon.cn/mn/detailApp/ref=asc_df_B00AYOUAOI538990/?asin=B00AYOUAOI 当当:http://product.dangdang.com/main/product.aspx?product_id=23165982', '库存中', 'http://apis.juhe.cn/goodbook/img/e7f05c8ef576e172567e7b6cec27b7ae.jpg');
INSERT INTO `apple_book` VALUES ('110', 'SYNC-1554310500677', '目送', null, null, '纸质', '中文', '中国文学 散文 ', null, '2019-04-04 00:55:01', '1554310500677', '龙应台深情散文随笔：《目送》目送，以目光相送，表不舍之情。明代吴承恩有诗道：“欲行频目送，未语先眉歛。” 而此时我在这里所谈到的《目送》，则是台湾著名女作家龙应台继畅销书《亲爱的安德烈》之后的思考”家族人生情感”的最强新作。《目送》由七十四篇感人至深的散文随笔组成，生动地描写了父母、兄弟、子女三代之间的亲情。书中处处洋溢着让我们感同身受的亲情滋味，篇篇展现了让人沉吟难忘的人生情景，堪称二十一世纪的《背影》。\n龙应台是台湾著名女作家，曾凭借一针见血、寒气逼人的《野火集》震惊文坛，文笔以犀利著称。然而，再犀利的一支笔也有深情款款、温柔婉转的时候。她的创作境界逐渐由“横眉冷对千夫指”的刀光剑影转入了“俯首甘为孺子牛”的深情动人。\n龙应台在《目送》一书中以温柔纤细的笔触写了父亲的逝世、母亲的衰老、儿子的离开、兄弟的共同进退和朋友的牵挂；以深邃忧伤的文字写出了人生的失落、内心的脆弱和不舍的放手，情感真挚感人，意境空灵深远，触动人们心中的柔软，让读者们感同身受。\n《目送》写了对父母的至深情感，写了对孩子的爱与关怀，写了三代人之前浓浓的亲情，是一本忧伤而美丽的生死笔记，一本跨三代共读的人生之书。它说，我认为小鸟飞不过沧海，是因为没有飞过去的勇气。现在我才发现，不是它没有勇气，而是沧海那一头早已没有了等待。有些路啊，只能一个人走……\n“我慢慢地、慢慢地了解到，所谓父女母子一场，只不过意味着，你和他的缘分就是今生今世不断地在目送他的背影渐行渐远。你站在小路的这一端，看着他逐渐消失在小路转弯的地方，而且，他用背影默默地告诉你，不用追。”\n目送，以目光相送，即使多么情深意切，即使多么缠绵不舍，我们也只能以目光相送，久久地注视着他们的背影，直至它们消失不见。“君子之交，其淡如水，执象而求，咫尺千里。问余何适，廓尔忘言，华枝春满，天心月圆。” 这，或许就是人生的真谛……\n《目送》', '京东商城:http://book.360buy.com/10056941.html 当当网:http://product.dangdang.com/main/product.aspx?product_id=20689512 亚马逊:http://www.amazon.cn/%E7%9B%AE%E9%80%81-%E9%BE%99%E5%BA%94%E5%8F%B0-%E9%BE%99%E5%BA%94%E5%8F%B0/dp/B002PU9B94 苏宁易购:http://www.suning.com/emall/prd_10052_22001_-7_1075334_.html', '库存中', 'http://apis.juhe.cn/goodbook/img/32dc769d1d32fa965c3e8faf8f729cce.jpg');
INSERT INTO `apple_book` VALUES ('111', 'SYNC-1554310500689', '细米', null, null, '纸质', '中文', '中国文学 儿童文学 小说 ', null, '2019-04-04 00:55:01', '1554310500689', '曹文轩纯美小说：《细米》《细米》和《草房子》一样，是曹文轩老师纯美小说系列中的一篇著名的代表作。曹文轩老师是中国著名的儿童文学作家。他于1954年1月出生于江苏盐城的农村家庭里，1974年进入北京大学中文系就读，现任中国作家协会全国委员会委员、北京大学中文系教授、中国现当代文学博士生导师等数职。曹文轩老师是中国少年写作的积极倡导者、推动者。他的文学作品多数与儿童、少年、成长、青春等有关，文字清新优雅，深受中国青少年的喜爱。他的代表作品很多，有《山羊不吃天堂草》、《草房子》、《红瓦》、《根鸟》、《细米》、《天瓢》等，且获奖无数。其中本文要介绍的《细米》获得了第六届全国优秀儿童文学奖。\n《细米》一书描写了中国农村少年细米的心灵成长史。男孩细米是一个天生害羞的男孩，常常脸红。他和表妹红藕青梅竹马，一起慢慢长大，过着清水般自然的生活。有一天，苏州城里来插队的女知青们乘坐着巨大的白帆船款款而来。这些仿佛来自天国的女孩子们给平静淳朴的乡村带来了一股新鲜而迷人的气息。男孩细米和其中的女知青梅纹姑娘初次见面时，彼此都有一种奇异的感觉。在那段苦难的岁月里，梅纹没有家，细米家便成了她的家，而细米则成了她的弟弟。细米在梅纹的引领下逐渐成长，也开始暗恋着她。他们俩之间的姐弟情超出了一般的姐弟情，那是一种似恋情又非恋情的微妙情感，给那个苦难的岁月添上了一抹温馨。\n《细米》一文处处洋溢着诗意，处处飘逸着风采。所有的苦难，所有的故事，所有的情感，都在如流水般淡淡地流过读者的心田。没有跌宕起伏的情节，没有大悲大喜的情绪，一切都那么自然和简单，却在不知不觉中悄悄地打动了我们的心，于细微处感人，让读者留下深刻的印象。曹文轩老师用优雅的笔调，叙述了少年细米的心灵成长，描写了一段朦胧的情感故事，文字细腻浪漫，给人一种干净、澄明的感觉。\n一直以来都很喜欢曹文轩老师的作品。在文革那个苦难的岁月里，曹老师却用淡淡的情绪诉说着一个又一个清新脱俗的农村少年成长故事。《细米》中惟妙惟肖的人物形象和朦胧细腻的微妙情感，给人一种说不出来的感动。虽说是儿童文学，却依旧温暖和感动着那些已经告别童年的大孩子们。那安宁的村落、寂静的麦田、旋转的风车、河里的小船、各色的鸽子、雪白的芦花、袅袅的炊烟，构成了一道优美的乡村风景线，让人无比向往和怀念。\n重温曹文轩老师的《草房子》之后再细细品读《细米》，带给我的依然是良久的感动……\n《细米》', '京东商城:http://book.360buy.com/10195804.html 当当网:http://product.dangdang.com/product.aspx?product_id=20813792 亚马逊:http://www.amazon.cn/%E7%BB%86%E7%B1%B3-%E6%9B%B9%E6%96%87%E8%BD%A9/dp/B003GISSVG 苏宁易购:http://www.suning.com/emall/prd_10052_22001_-7_811250_.html', '库存中', 'http://apis.juhe.cn/goodbook/img/d2c138de8dd1140c7eabece19d3bf5e7.jpg');
INSERT INTO `apple_book` VALUES ('112', 'SYNC-1554310500703', '人生不过如此', null, null, '纸质', '中文', '中国文学 哲学 散文 ', null, '2019-04-04 00:55:01', '1554310500703', '林语堂经典人生散文：《人生不过如此》漫漫人生，说长也长，说短也短，如何度过，才算不虚在世上走了那么一遭呢？国学大师林语堂将他对人生的感悟写了出来，创作了许多有关于人生的经典散文随笔，集结成书，命名为《人生不过如此》。林语堂先生是我国著名的文学巨匠，他的一生笔耕不辍，著作等身，他的另一本随笔散文集《人生的盛宴》也颇受大家的喜爱。\n在《人生不过如此》一书中，林语堂先生以独特的视角分别展现了诗样人生、才情人生、幽默人生、智慧人生的别样风情。书中共分为六个大篇章，全部以古诗句命名，分别是我生之初尚无为、人生若只如初见 、 当时只道是寻常 、人情练达即文章、一生矛盾说不尽 、万古千秋一寸心。《人生不过如此》详尽地表达了作者自己的思想和生活经验。林语堂先生说他不想发表客观意见，也不想创立不朽真理，只想表达自己的个人见解。\n有人用“悲剧的喜剧人生观”来总结林语堂先生的人生哲学，因为林语堂先生总是谈笑风生的。他就像一阵飘行在水上的风，即使水下布满旋涡急流，那阵风仍然逍遥自在。在林语堂先生的笔下，人生的沉重会转化为轻灵的心境。他在《人生不过如此》中写道：在不违背天地之道的情况下，成为一个自由而快乐的人。人生最重要的不是去计较真与伪，得与失，名与利，贵与贱，富与贫，而是如何好好地快乐地度日，并从中发现生活的诗意。\n“人有悲欢离合，月有阴晴圆缺，此事古难全。” 月缺时多，月圆时少，人生也是如此，人生也不过如此。面对繁杂的人生，如果我们拥有一份通达开阔的心境，那么很多苦恼和忧愁都会随风消散。\n漫漫人生，说长也长，说短也短，好好地快乐地过日子，才算不虚在世上走了这么一遭，因为《人生不过如此》……\n《人生不过如此》', '当当网:http://product.dangdang.com/main/product.aspx?product_id=9266019 精彩网:http://www.exvv.com/mall/detailTemp.jsp?proID=1297562 京东商城:http://book.360buy.com/10258911.html 亚马逊:http://www.amazon.cn/dp/B004G5YGHI/', '库存中', 'http://apis.juhe.cn/goodbook/img/53325a95f084272ce3e99e54289fb64d.jpg');
INSERT INTO `apple_book` VALUES ('113', 'SYNC-1554310500724', '山羊不吃天堂草', null, null, '纸质', '中文', '中国文学 儿童文学 小说 ', null, '2019-04-04 00:55:01', '1554310500724', '耐人寻味的少年小说：《山羊不吃天堂草》《山羊不吃天堂草》是儿童文学大师曹文轩著作的一部少年长篇小说。此作品生动易读却耐人寻味，获得第三届宋庆龄儿童文学奖金奖和中国作协第二届全国优秀儿童文学奖。山羊不吃天堂草的故事是这样的：一群饥肠辘辘的山羊，找到了一片草。这片草不是普通的草，而是高贵诱人的天堂草。面对这一片可以充饥的食物，一只只山羊却宁愿饿死也不低头吃掉天堂草，最终全部倒毙。这是一个深刻而耐人寻味的故事。山羊为什么不吃天堂草呢？让我们去了解一下这部作品，看看能否找到答案。\n《山羊不吃天堂草》是创作了《草房子》、《细米》等经典文学作品的曹文轩老师的早期力作。小说的主人公是一个叫明子的少年。他家养的山羊因为不吃那一片救命的天堂草而纷纷死在荒野里，导致他家倾家荡产还负债累累。明子因为生活所迫而不得不跟着“师傅”三和尚远离故土，来到大城市闯荡谋生，却始终与城市格格不入。对他来说，城市是陌生的、遥远的、可望而不可及的。明子原本聪明和桀骜不驯，非常看不惯三和尚的吝啬和现实，但是迫于现实的压力，明子又不得不一步步踏进了歧途，过着偷偷摸摸、提心吊胆的生活。\n“生活规定好的角色，使他们很难有城里人的高贵神情和傲慢态度。他们所处的位置是绝对被动的。”《山羊不吃天堂草》以简单却生动的笔触描写了社会底层人们艰辛的生活和世态的炎凉，描述了明子他们辛酸的成长经历，刻画了主人公坎坷的心路历程。作品虽然描写了社会底层人们那卑微被动的人生，但却以积极正面的态度歌颂着道德和正义，高奏着人格力量终会胜利的铿锵乐章。山羊宁愿饿死，也没有去吃那一片高贵的天堂草。他们虽死，却死得壮烈。\n《山羊不吃天堂草》通过细腻的描写，把人物形象塑造得真实且丰满，跃然于纸上。小说更是通过象征的手法，将人生、生命、人格、哲理、审美情趣等融合在一起，是作品深刻厚重，又不失迷人的艺术魅力。作品最后一句说：“那时天空的太阳，已是初夏的太阳。” 我希望明子有个美好的明天，也希望人人心中都还存在着那一片高贵的天堂草。\n曹文轩老师说：“当今世界，情感的弱化已是让人忧心忡忡的问题。解决这个问题，几乎是任何一种方式都无法奏效的。最能治这个世纪病的，大概就是文学。文学几乎是唯一的良药。” 所以，让我们走进文学的世界，试试《山羊不吃天堂草》这帖良药，看看我们的天堂草到底还在不在……\n《山羊不吃天堂草》', '京东商城:http://book.360buy.com/10195748.html 当当网:http://product.dangdang.com/main/product.aspx?product_id=20627039 亚马逊:http://www.amazon.cn/dp/B002H7IDM6/ 苏宁易购:http://www.suning.com/emall/prd_10052_22001_-7_958716_.html', '库存中', 'http://apis.juhe.cn/goodbook/img/a3bd226b1166d67f15bb51b3add0d203.jpg');
INSERT INTO `apple_book` VALUES ('114', 'SYNC-1554310500743', '人生的盛宴', null, null, '纸质', '中文', '中国文学 哲学 散文 ', null, '2019-04-04 00:55:01', '1554310500743', '林语堂随笔散文集：《人生的盛宴》人一生中的盛宴不应是琳琅满目的满汉全席，也不应是珍稀鲜美的山珍野味，而应该是精神思想上充满营养的丰富食粮。《人生的盛宴》是中国现代著名文学家林语堂先生的有关人生、有关生活、有关文艺等方面的随笔散文集。林语堂先生的文学作品其实就是他本人生活的真是写照。从这本《人生的盛宴》中，我们可以了解林语堂先生对人生、对生活、对文艺等方面的独到见解，可以享受一番精神上的美味食粮。\n林语堂先生是中国现代著名的学者、语言学家、文学家和哲学家。他于1895年10月10日出生在福建省漳州市的一个贫穷的牧师家庭里。林语堂原名和乐，后改为玉堂，最后又改为语堂。林语堂先生毕业于上海圣约翰大学、哈佛大学（文学硕士学位）和莱比锡大学（语言学博士学位），曾在清华大学、北京大学、厦门大学等著名学府任教。抗日战争开始后，林语堂赴美国任教并写作，是第一位以英文书写扬名海外的中国作家。\n林语堂先生一生笔耕不辍，著作等身，著名代表作有《京华烟云》、《吾国与吾民》、《生活的艺术》和《老子的智慧》等。他既有扎实的中国古典文学功底，又有很高的英文造诣。他除了创作自己的文学作品外，还将孔孟老庄哲学和陶渊明、李白、苏东坡、曹雪芹等人的文学作品英译推介至海外，并曾于1940年、1950年和1975年三度获得诺贝尔文学奖的提名。1976年3月26日，林语堂先生在香港逝世，享年八十二岁。\n《人生的盛宴》是从林语堂先生大量的中文和英文著作中有关人生、生活、文艺等方面的文章选编而成的随笔散文集。全书主要分为七部分，分别是无所不谈、谈古论今、闲情雅趣、人生滋味、文苑勺拾、山海游历、臧否人物等。在《人生的盛宴》中，有古书有毒辩 、夏娃的苹果、考试分数不可靠等杂谈菜；有孟子说才志气欲、中国的国民性、英国人与中国人等古今菜；有论性灵、说浪漫、论幽默等闲情菜；也有我怎样买牙刷、我杀了一个人、家园之春等人生菜。琳琅满目，丰盛至极，是我们一生的精神食粮。\n林语堂先生提倡“以自我为中心，以闲适为格凋”，他以“文”养“性”，又复依“性”为“文”，他博古通今，集文学家、哲学家、语言学家于一身，是一个真正伟大的学者。让我们静静品读这《人生的盛宴》，收获一生的精神食粮。\n《人生的盛宴》', '京东商城:http://book.360buy.com/10024015.html 当当网:http://product.dangdang.com/main/product.aspx?product_id=20574310 亚马逊:http://www.amazon.cn/dp/B0029DO76Y/ 苏宁易购:http://www.suning.com/emall/prd_10052_22001_-7_1087452_.html', '库存中', 'http://apis.juhe.cn/goodbook/img/3911b19aafaf5a37692d8c4e3839adcb.jpg');
INSERT INTO `apple_book` VALUES ('115', 'SYNC-1554310500765', '不负如来不负卿', null, null, '纸质', '中文', '中国文学 散文 ', null, '2019-04-04 00:55:01', '1554310500765', '《不负如来不负卿》——六世达赖仓央嘉措的诗与情“曾虑多情损梵行， 入山又恐别倾城，世间安得双全法， 不负如来不负卿。” 由曾缄先生翻译的六世达赖喇嘛仓央嘉措的这首诗，道尽了他传奇的一生， 诗意的一生， 多情的一生和悲哀的一生，到头来，却只能叹息一声。六世达赖喇嘛仓央嘉措是藏传佛教史上最引人注目、最受人爱戴的一位上师。他才情不凡，卓然不群，用优美的诗和凄美的情，书写了他传奇的一生。而作家姚敏的《不负如来不负卿》，以同样优美的文字和飘逸的文采，解读了仓央嘉措奇特的人和事、美丽的情和诗。\n六世达赖喇嘛仓央嘉措，是西藏历史上著名的人物，于公元1683年（藏历水猪年，康熙二十二年）生于西藏南部的一户农奴家庭，家中世代信奉宁玛派（红教）佛教。仓央嘉措在家乡度过了14年的乡村生活后，于1697年（藏历火兔年）被选定为五世达赖的“转世灵童”并被迎进拉萨布达拉宫，成为六世达赖喇嘛。后来由于西藏政局动荡，仓央嘉措被解送北京予以废黜。正史记载，1706年，仓央嘉措在押解途中染病去世，年仅23岁。但是关于他的去向，民间流传着很多版本，有的说他圆寂了，有的说他舍弃名位，决然遁去。所以后人无法真正揭开他的身世之谜。\n“莫怪活佛仓央嘉措，风流浪荡；他想要的，和凡人没什么两样。” 仓央嘉措虽是布达拉宫的活佛，但其才华横溢，特立独行，内心狂放不羁，渴望爱情。他一旦动情，便义无反顾，写下了许多浪漫缠绵的诗歌，在藏族地区广泛流传。他的诗歌不仅在西藏文学史上享有盛誉，而且有英语、法语、日语、俄语、印度等文字译本，在世界诗坛上也声名显赫。《不负如来不负卿》是姚敏对仓央嘉措的传奇身世和多情诗歌的解读之作。姚敏，网名为烟霞旧友，1973年生于川北，曾经做过教师和文秘等工作，现从事文学创作，视书写为暗夜独舞、一个人的静修。\n“住进布达拉宫，我是雪域最大的王。流浪在拉萨街头，我是世间最美的情郎。” 《不负如来不负卿》以散文随笔的形式对六世达赖喇嘛仓央嘉措的诗歌进行了解读，让读者更好地领略仓央嘉措传奇的一生， 诗意的一生， 多情的一生和悲哀的一生。\n“ 那一天，闭目在经殿香雾中，蓦然听见你诵经中的真言。那一月，摇动所有的转经筒，不为超度，只为触摸你的指尖。那一年，磕长头匍匐在山路，不为觐见，只为贴着你的温暖。那一世，转山转水转佛塔啊，不为修来生，只为途中与你相见。” 作为一个活佛，他却有着风流不羁的生活；作为一个喇嘛，他却写出了世人的所有情感。让我们走近仓央嘉措，走进《不负如来不负卿》，去细细品味那优美的诗，静静感受那凄美的情。\n《不负如来不负卿》', '京东商城:http://book.360buy.com/10092246.html 当当网:http://product.dangdang.com/product.aspx?product_id=20807648 亚马逊:http://www.amazon.cn/%E4%B8%8D%E8%B4%9F%E5%A6%82%E6%9D%A5%E4%B8%8D%E8%B4%9F%E5%8D%BF-%E5%85%AD%E4%B8%96%E8%BE%BE%E8%B5%96%E4%BB%93%E5%A4%AE%E5%98%89%E6%8E%AA%E7%9A%84%E8%AF%97%E4%B8%8E%E6%83%85-%E5%A7%9A%E6%95%8F/dp/B003GDK8PU', '库存中', 'http://apis.juhe.cn/goodbook/img/7fa1da5253e80673fe6a5a40a7ef1ff3.jpg');
INSERT INTO `apple_book` VALUES ('116', 'SYNC-1554310500780', '蛙', null, null, '纸质', '中文', '中国文学 小说 经典名著 ', null, '2019-04-04 00:55:01', '1554310500780', '莫言潜心力作：《蛙》提起莫言，相信大家不会陌生，因为他就是2012年获得诺贝尔文学奖的中国当代著名作家，也是中国第一个获得此殊荣的人。《蛙》是莫言酝酿十余年、潜心打造的一部触及国人灵魂最痛处的长篇小说，于2009年首次出版。作品生动地讲述了一位乡村女医生“姑姑”50多年来从事妇产科工作的人生经历，反映了新中国近60年来波澜起伏的农村生育史。\n《蛙》一书中的主人公是一位乡村女医生“姑姑”，她的父亲曾经是八路军的军医，因此她继承衣钵，在建国后的新中国乡村里实行新法接生，成为一名妇产科乡村女医生。“姑姑”用新法接生下来的婴儿成千上万，遍布高密东北乡，于是“姑姑”在妇女们心中的地位很高。但是，由于新中国开始实行”计划生育”的政策，在“姑姑”手上丧生的未出世的婴儿也是成千上万的，遍布高密东北乡。“姑姑”同时扮演着“天使”和“魔鬼”的角色，一面行医，一面带领着自己的徒弟们执行计划生育政策。\n《蛙》这部作品由剧作家蝌蚪写给日本作家杉谷义人的五封书信、四部长篇叙事和一部话剧组成，写作手法新颖，很有艺术表现力，不愧是莫言笔耕四载、三易其稿而创作出来的力作。小说的故事情节生动感人，人物形象丰满，自我反省深刻，描述了国家为实行计划生育所走过的艰巨复杂的历史过程，展现了新中国六十年来波澜起伏的农村“生育史”，同时揭露了当下中国生育问题上的混乱景象，深刻地剖析了以书中的蝌蚪为代表的中国知识分子们的卑微和矛盾的心理世界。\n我起初不理解莫言为什么把这部小说命名为《蛙》，不过现在我有了自己的看法。也许“蛙”是“娃”的谐音，因为这部作品就是跟娃相关，不管是来到这个世界上的娃还是未能来到这世上的娃。计划生育确实是一个很敏感的问题，我们没法评价它的对与错，因为凡事都有两面性。但是，有关计划生育上的混乱问题确实应该引起重视和深刻的反省。\n《蛙》，这部触及国人灵魂最痛处的长篇小说，这部展现农村波澜起伏的计划生育史的力作，这部获得诺贝尔文学奖的莫言的巨著，这部献给“经历过计划生育年代和在计划生育年代出生的千千万万读者”的文学作品， 非常值得大家阅读、思考和深刻的反思。\n《蛙》', '京东商城:http://book.360buy.com/10010786.html 当当网:http://product.dangdang.com/main/product.aspx?product_id=22885907 亚马逊:http://www.amazon.cn/%E8%9B%99-%E8%8E%AB%E8%A8%80-%E8%91%97-2012%E8%AF%BA%E8%B4%9D%E5%B0%94%E6%96%87%E5%AD%A6%E5%A5%96-%E8%8E%AB%E8%A8%80/dp/B009QX93SW 苏宁易购:http://www.suning.com/emall/prd_10052_22001_-7_3315159_.html', '库存中', 'http://apis.juhe.cn/goodbook/img/0f591708fc08c2fcacf37fc617c747cb.jpg');
INSERT INTO `apple_book` VALUES ('117', 'SYNC-1554310500793', '酥油', null, null, '纸质', '中文', '中国文学 小说 ', null, '2019-04-04 00:55:01', '1554310500793', '一盏《酥油》灯，感动10亿人一盏酥油灯，感动10亿人。是什么样的故事，什么样的力量，让这盏普普通通的酥油灯，撼动了10亿人的心灵。我不知道该用什么样的语言来表达我此刻的心情，敬佩、心疼、哀伤、感动、震撼、无奈、悲怆……无法形容；我更不知道该用什么样的文字来介绍这本书，一盏酥油灯，一个汉族女子，一个藏族男子，25个孤儿，5年的时间。《酥油》，我怎样才能用正常点、理性点的心态来对待你，推荐你呢？请恕我文笔拙劣，无法表达出内心真正的情感。但我将竭尽所能，将你真实的面貌展现在广大读者的面前。\n《酥油》是藏区草原支教女青年江觉迟著作的一部感人肺腑的小说。一个汉地女子，一个草原男子，25个孤儿，5年的日日夜夜，一捧高原的白雪，一抹岁月的清寒，铸就了一个既绝望而又美丽的故事。小说主人公梅朵是一名从中原奔赴藏区草原支教的女子。她满怀热情，把所有的爱都献给茫茫的深山草原，献给了那些孤苦伶仃的孩子们。他和藏族男子月光一起，从深山中寻找到了25个孤儿，为他们建立学校，教他们读书认字。梅朵和月光渐渐相爱到深爱，他们一起经历生死，即使遭遇泥石流、雪崩等灾难，仍不离不弃。为了这份义工工作，梅朵百病缠身，快支撑不住的时候，月光却始终恪信寺庙的力量。梅朵渐渐发现多农喇嘛的意愿是想让这些孤儿们有一些文化，然后到寺庙当识字的僧人，这与她想让孩子们走出草原的梦想背道而驰。而她和月光之间也因为不同的文化信仰导致越来越多的争执，月光也无法支撑起她美好的梦想。梅朵彻底病倒了，不得不回到汉地治病。转眼一年多的时间过去了，等梅朵重新回到藏区草原时，那个曾日夜伴其左右的欢乐青年月光已是一身绛红僧袍，他出家了……爱人近在眼前，却远在天涯，如此变故，对梅朵来说无疑是一个晴天霹雳。她面对着茫茫荒原，不知该何去何从……\n《酥油》是作者江觉迟以自己2005年后在藏区草原义工支教的经历为原型，根据自己60万字的日记，创作出了这部心灵之作。江觉迟，藏名扎西梅朵，于1974年出生在安徽桐城的一个书香世家里。2005年她开始进入藏区横断山脉的一处原始草原，在寺庙的孤儿院工作至今。她那为了草原孤儿而无私奉献的精神令无数人钦佩和感动，她和月光无果的爱情故事令数亿人惋惜和动容。梅朵的《酥油》，它是一首用生命书写善与美的歌，它是一个用灵魂震撼灵魂的故事。\n青年作家安意如动情地说：“ 梅朵和月光最后的相见让我凄然，想起了仓央嘉措那句‘世间安得双全法，不负如来不负卿’。” 不一样的文化，不一样的信仰，是不是注定就是无奈而悲伤的结局？月光最后对梅朵的表白，让我不禁落泪。“为了你，我遁入空门。再见你，已百年身。看着你隐忍的泪水，那颗本不该再动凡心的心，被酸楚无奈疼痛包围。……怎么舍得让你成为我的酥油女人……一眼万年，我注定为你牵绊终身。”\n写到这里，我依然不知道怎样才能更好地给大家推荐这本书。书中字字都是血泪，句句都是悲怆。梅朵的酸楚和无奈，我无法很好的表达出来。但是我希望读者朋友们能够去读她、懂她、了解她。品读《酥油》，读最真实的故事，懂最真诚的期盼，感受最真挚的情感！\n《酥油》', '京东商城:http://book.360buy.com/10105248.html 亚马逊:http://www.amazon.cn/%E9%85%A5%E6%B2%B9-%E6%B1%9F%E8%A7%89%E8%BF%9F/dp/B003VQQ9ZA 苏宁易购:http://www.suning.com/emall/prd_10052_22001_-7_663274_.html', '库存中', 'http://apis.juhe.cn/goodbook/img/9a2437d6cced82e1ac272e0cfeba61d6.jpg');
INSERT INTO `apple_book` VALUES ('118', 'SYNC-1554310500810', '草木的理想国', null, null, '纸质', '中文', '中国文学 散文 ', null, '2019-04-04 00:55:01', '1554310500810', '直击心灵的散文饕餮：《草木的理想国》古往今来，中华民族已走过了五千多年的历史路程。五千年的华夏文明，那些古老悠久的历史，该用什么来传承和记忆？也许有人会想到那些古老建筑，那些名胜古迹。对，古老的建筑是历史记忆的载体，记载着古老而又遥远的故事。但在古建筑渐渐被破坏而消失的当代社会里，古建筑承载的历史故事也渐渐地消失殆尽，被人们所遗忘。在建筑不足以负载城市的记忆时，还有什么可以和一代代人相伴，把城市的记忆传承下去呢？著名作家阿来认为，还有一种东西可以承载城市的记忆，那就是植物，是草，是花，是树！\n《草木的理想国》是著名藏族作家阿来创作的返璞归真、直击心灵的散文饕餮，是中国的《瓦尔登湖》，是一部重新审视人与自然关系的碑铭之作。文学大家阿来是获得第五届茅盾文学奖作品《尘埃落定》的作者，藏族人，现任四川省作协主席。阿来的著名代表作有诗集《梭磨河》、长篇小说《尘埃落定》、长篇地理散文《大地的阶梯》和当代中国静好至极的散文《草木的理想国》等等。\n阿来说：“我不能忍受自己对置身的环境一无所知。生活在这个世界上就要尽力去了解这个世界。” 所以，这本阿来的心灵之旅，与众不同的《草木理想国》就这样诞生了。《草木理想国》是一组关于成都这个城市的花木记，承载了成都的历史记忆。书中描绘了成都地区四季的花卉，图文并茂，诗意怏然，更有浓浓的热爱之情倾注其中。简洁清雅的文字，处处透着花样的馨香。这里有“冷艳清香受雪知，雨中谁把蜡为衣”的腊梅，有“偷来梨蕊三分白，借得梅花一缕魂”的海棠，有“翠条多力引风长，点破银花玉雪香”的玉兰，还有“迎得春来非自足，百花千卉共芬芳”的迎春花。那一段段人文和草木融合的历史渊源，在阿来清新自然的笔下娓娓道来。这美丽的花花草草，感染着作者，也感染着我们，让我们心灵得以平静祥和，充满对美好的向往。\n有句话说“人非草木，孰能无情”，对于对花草树木情有独钟的我来说，是不赞同的。因为你怎么对这个世界，这个世界就怎么对你。所以草木也并非无情，而是看你是否有情对待。帕慕克说过，我们一生当中至少要有一次反思，引领我们检视自己置身其中的环境。阿来写就的这组关于成都的花木记，其意义也正在于此。《草木的理想国》让我们置身于美丽的花草世界的同时，也让我们反思、发现、思考和追求世间的美好，让我们的心灵来一次花草树木的有情洗礼。\n《草木的理想国》，文学大家阿来返璞归真、直击心灵的散文饕餮，中国的“瓦尔登湖”，诗意怏然的历史记忆，浪漫美好的花草世界，你，不容错过！\n《草木的理想国》', '京东商城:http://book.360buy.com/10972459.html 当当网:http://product.dangdang.com/product.aspx?product_id=22639061 亚马逊:http://www.amazon.cn/%E8%8D%89%E6%9C%A8%E7%9A%84%E7%90%86%E6%83%B3%E5%9B%BD-%E6%88%90%E9%83%BD%E7%89%A9%E5%80%99%E8%AE%B0-%E9%98%BF%E6%9D%A5/dp/B007TQESTM 苏宁易购:http://www.suning.com/emall/prd_10052_22001_-7_1669570_.html', '库存中', 'http://apis.juhe.cn/goodbook/img/c6671783ffefe6c4c52aa3115426d6b2.jpg');
INSERT INTO `apple_book` VALUES ('119', 'SYNC-1554310500828', '边城', null, null, '纸质', '中文', '中国文学 小说 经典名著 ', null, '2019-04-04 00:55:01', '1554310500828', '沈从文美作：湘西《边城》《边城》是现代著名作家沈从文先生的代表作之一，是一部优秀的抒发乡土情怀的中篇小说，在我国的文学史上有着重要且特殊的地位。《边城》一书以优美的笔触描写了优美的湘西风光及淳朴的风土人情，以诗意的文笔叙述了充满诗意、朴实却凄美的爱情故事。奇美的湘西风光、奇美的爱情故事，以美丽优雅的文采向世人娓娓道来，令人无限向往、无限感叹，又无限期盼。\n《边城》作者沈从文先生，是中国著名的小说家、散文家、历史文物研究家和京派小说代表人物。他原名沈岳焕，笔名上官碧、璇若等。他于1902年出生在湖南省凤凰县，身上带着三个民族的血统，分别是汉族（其父）、土家族（其母）和苗族（其祖母）。沈从文14岁时曾投身行伍，浪迹湘川黔边境地区。1924年，沈从文先生开始他的文学创作生涯，著作了很多散文和小说。抗日战争期间，沈先生曾在西南联大和山东大学任教，1946年回到北京大学任教。建国后，沈从文先生在中国历史博物馆和中国社会科学院历史研究所从事中国古代历史的研究工作。1988年5月10日，沈从文先生因心脏病在北京逝世，享年86岁。\n《边城》是沈老先生最重要最著名的文学作品，奠定了其在文学史上的历史地位。小说中描写的故事发生在川湘交界的茶峒附近。主人公女孩翠翠和老船夫爷爷靠摆渡生活，身边还有一只大黄狗。茶峒城里有个洒脱大方且慷慨助人的船总叫顺顺，他有两个儿子，大儿子天保和二儿子傩送。好巧不巧，天保和傩送同事喜欢上了单纯善良的翠翠，悲剧的种子就这样发芽了。天保和傩送以唱山歌的方式向翠翠公平示爱，让翠翠自己选择。天保听过弟弟的歌声后，觉得比不上弟弟，就心灰意冷地驾船远行做生意，不幸意外身亡。傩送因哥哥的死十分自责，也离开了翠翠下桃源去了。伤心的事儿接踵而来，翠翠的爷爷也郁闷气结地在雷雨夜中去世，可怜的翠翠从此无依无靠。还好有个热心的老军人杨马兵前来陪伴孤苦伶仃的翠翠，依然以渡船为生，陪着翠翠等待傩送的归来。可是没有人知道傩送回不回来，也许他“明天”就回来，也许永远也不回来……\n《边城》一书描绘了边城明净的风光，描写了边城朴实无华的风土人情，叙述了边城一个纯净却伤感的爱情故事，淋漓尽致地表现了湘西地方的风情美和人性美，抒发了作者对湘西的热爱、赞美和眷恋之情。在沈老优雅细致的笔调下，故事中的人物形象栩栩如生，跃然于纸上。淳朴厚道却倔强的爷爷让人敬佩，而天真善良、清纯可人的翠翠却尤其让我感到心疼和怜惜。翠翠迎来了两兄弟的喜爱，却也迎来了这个爱情的悲剧。她的感情纯洁真挚，对爱情执着专一，矢志不渝地等待着心上人傩送的归来，却更让我为之心疼！我只期盼最后傩送能想通，回来给翠翠一个坚实温暖的依靠……\n《边城》，令我无限向往、无限感叹，又无限期盼的优美作品，愿大家不要错过。\n《边城》', '京东商城:http://book.360buy.com/11023940.html 当当网:http://product.dangdang.com/product.aspx?product_id=20328399 亚马逊:http://www.amazon.cn/%E8%BE%B9%E5%9F%8E-%E6%B2%88%E4%BB%8E%E6%96%87/dp/B001ET6A0A 苏宁易购:http://www.suning.com/emall/prd_10052_22001_-7_664618_.html', '库存中', 'http://apis.juhe.cn/goodbook/img/8b00012c522fa989ca993a5986618837.jpg');
INSERT INTO `apple_book` VALUES ('120', 'SYNC-1554310500842', '撒哈拉的故事', null, null, '纸质', '中文', '中国文学 散文 ', null, '2019-04-04 00:55:01', '1554310500842', '三毛散文集：《撒哈拉的故事》“不要问我从哪里来，我的故乡在远方，为什么流浪？流浪远方，流浪……”一提起华文世界里的传奇女子三毛，就不禁想起那黄沙漫天却充满柔情的撒哈拉沙漠，想起那魁梧健壮却深情款款的男子荷西。曾多次提笔想写点什么来推荐三毛的这部著名的散文集《撒哈拉的故事》，却因没有勇气面对三毛和荷西悲伤的故事结局，总担心自己会一不小心掉进悲伤的牢笼里无法自拔，而一度搁笔。我总是不太愿意去涉阅悲剧，不是因为不喜欢，而是因为我太感性，悲伤的情绪总能久久地围绕着我，让我透不过气。所以我宁愿去相信不太真实的美好结局。今天，我终于鼓起勇气再次提笔介绍流浪的三毛和痴情的荷西，介绍《撒哈拉的故事》。虽然三毛和荷西的人生结局是悲伤的，但是他们也曾经拥有非常美好的记忆。三毛的《撒哈拉的故事》，非常值得与大家分享。\n《撒哈拉的故事》是三毛全部作品中最脍炙人口的著作，此书由十几篇精彩动人的散文随笔集结编著而成，描写了三毛和丈夫荷西在撒哈拉沙漠中的生活。书中描述了《沙漠中的饭店》、幸福的《结婚记》、《荒山之夜》和《沙漠观浴记》等故事，全部以荒凉的撒哈拉沙漠为背景，将自己单调却有趣的沙漠生活以清新自然的文笔娓娓道来。《撒哈拉的故事》出版后风靡华文世界，使成千上万的华文读者为之倾倒。\n三毛原名陈懋平，因不会写“懋”字，就将自己的名字改为陈平。汉族人，于1943年3月26日出生于重庆。三毛骨子里就带有流浪的天性，旅行与读书是她人生中的两大爱好，她的足迹遍布世界各地。1974年，三毛不顾一切奔赴至撒哈拉沙漠的怀抱。苦恋她六年的西班牙潜水工程师荷西也跟随着她的脚步，进驻了撒哈拉沙漠，并终于心想事成，与三毛在沙漠里结了婚。从此三毛和荷西在撒哈拉沙漠过上了单调贫乏却充满情趣的婚姻生活。\n三毛是幸运的，有痴情的荷西懂她、爱她。荷西也是幸运的，有一个如此单纯却深刻、独特又专一的妻子。他们俩相知相爱，小打小闹，同享福共患难，很是亲密。如果他们就这样一直生活下去，那定是皆大欢喜的事情。但是天不随人意，1979年荷西因意外不幸英年早逝，一对恩爱夫妻生离死别，从此天人相隔。三毛悲痛不已，差点放弃生命，追随荷西而去。1981年，三毛回到台湾任教，之后的文学作品总带着点点哀愁与黯然。“我只有一杯浓烈的爱酒，就这样被你泼掉了。” 故乡还是故乡，沙漠还是沙漠，只是那个人从此不再出席。\n1991年1月4日，三毛在医院自杀身亡，享年48岁。这次，她是真的追随心爱的荷西而去了。三毛和荷西凄美的爱情故事，令无数人感到哀伤和惋惜。但原本狂野的撒哈拉沙漠却因他们俩而显得如此的温柔；那活力四射的沙漠生活故事，却依然能够令我们温柔一笑。\n就让我们走近三毛，走近荷西，走进《撒哈拉的故事》吧，去品味单纯却深刻的文学作品，去感受“流浪文学”的风采，去体会沙漠的另类生活，还有去见证凄美却完整的爱情！\n《撒哈拉的故事》', '京东商城:http://book.360buy.com/10704447.html 当当网:http://product.dangdang.com/product.aspx?product_id=21127786 苏宁易购:http://www.suning.com/emall/prd_10052_22001_-7_2323407_.html 亚马逊:http://www.amazon.cn/%E6%92%92%E5%93%88%E6%8B%89%E7%9A%84%E6%95%85%E4%BA%8B-%E4%B8%89%E6%AF%9B/dp/B005DRCQZ2', '库存中', 'http://apis.juhe.cn/goodbook/img/962b661a9210dd659e5d99234edced2d.jpg');
INSERT INTO `apple_book` VALUES ('121', 'SYNC-1554310500858', '活着', null, null, '纸质', '中文', '中国文学 小说 经典名著 ', null, '2019-04-04 00:55:01', '1554310500858', '余华巨著《活着》：为活着本身而活着最近，赵宝刚导演的青春三部曲的第三部《北京青年》正在热播，偶然间听到它的片头曲，名字叫《活着》。歌里唱道：“生活啊生活，离不开折磨……这就是生活，就这么活着吧。我们离不开生活也难免犯错。爱过了错过了伤过了痛过了，也曾失落过，到最后你还是会爱上这生活……” 听到这首歌，激起了我想看看这部电视剧的冲动。活着，就这么活着。我不禁想问，怎样活着？怎样的生活才是有意义的？换句话说，活着的意义是什么？我们究竟是为了什么而活着？生活的本质是什么？一连串的问题就这样涌入脑海。当然，当问题出现在脑海的时候，大脑也会随即寻找记忆中的相关信息。于是我联想到了曾经读过的余华的小说《活着》，小说的理念是活着的本质就是为活着本身而活着。\n余华的《活着》是一部充满辛酸血泪的沉重人心的小说。在介绍小说之前，我们不妨来了解一下作者。余华，当代著名作家，1960年出生于浙江杭州，后迁居浙江海盐，现定居浙江杭州。在其青春成长期间，学习了一回鲁迅先生，弃医从文。从文后先后发表了很多作品，被翻译为多种文字，畅销国内外，对社会的影响颇深，因此也获得了许许多多的奖项。《活着》是其著名代表作之一。\n《活着》叙述了在中国三四十年代时，一位地主少爷福贵因为赌博输光了家产，后在为母求医的路上误打误撞被国民党抓去充当壮丁，最后成为共产党解放军的俘虏。返回家乡后得知母亲早已去世，可爱的女儿也成了聋哑人，但还好，他的儿子聪明机灵，活泼可爱。然而，命运很残酷，悲剧逐渐来袭。之后的日子里，他经历了人世间莫大的痛苦，他的妻子、女儿、儿子都相继离去，从此与他阴阳相隔，只剩下一头老牛陪伴在他身边。《活着》向人们揭示了人活着的本质，就是为活着本身而活着。《活着》中主人公福贵承受了人生中的巨大苦难，洒下了无数的泪水，但依然没有绝望，因为他还活着。活着，就这么活着。没有希望，没有绝望，就这样活着，直到生命终结。\n读完《活着》，我们会很揪心、很沉重。但同时，发人深省。《活着》会让我们发现，我们现在遇到的挫折失败是多么的不值一提；《活着》会让我们发现，眼泪是富有多么深厚宽广的意义；《活着》会让我们发现，活着是一件多么幸运的事。活着就好，活着真好！\n《活着》', '当当网:http://product.dangdang.com/product.aspx?product_id=22864990 京东商城:http://book.360buy.com/10330832.html 苏宁易购:http://www.suning.com/emall/prd_10052_22001_-7_1049942_.html 亚马逊:http://www.amazon.cn/%E6%B4%BB%E7%9D%80-%E4%BD%99%E5%8D%8E/dp/B004A91D2G', '库存中', 'http://apis.juhe.cn/goodbook/img/d44ac3450e5fd51121240adca14df766.jpg');
INSERT INTO `apple_book` VALUES ('122', 'SYNC-1554310500888', '大地的阶梯', null, null, '纸质', '中文', '中国文学 散文 经典名著 ', null, '2019-04-04 00:55:01', '1554310500888', '西藏地理散文：《大地的阶梯》“我看那些山，一层一层的，就像一个一个的梯级，我觉得有一天，我的灵魂踩着这些梯子会去到天上。” 年轻喇嘛的这句带着些许落寞、些许神秘的话语，在作家阿来的脑海里留下了深刻的印象，他觉得这是一个极好的比喻。阿来在西藏群山中进进出出，真真切切的体验到那从成都平原开始一级级走向青藏高原顶端的一列列山脉，仿佛就是年轻喇嘛口中的比喻：阶梯。是的，那是青藏高原的阶梯，那是大地的阶梯。于是，这部优美的地理散文的书名就这样诞生了——《大地的阶梯》。\n《大地的阶梯》是2000年获得茅盾文学奖的著名藏族作家阿来的一部长篇地理散文。书中以纯美的语言、超拔的意象描写了作者亲身游历西藏的所见所闻、所感所叹。书中有人人向往的历史古城拉萨、有波涛壮阔的大渡河，有嘉木莫尔多的现实与传说……阿来用独特的风格、优美流畅的文笔构思创作了这部散文，显示出了异样灿烂的色彩，从不同的视角反映了西藏的人文与地理、过去与现在，描绘出了一幅辽阔寂静、风轻云淡的高原生活画卷。\n在阿来随意洒脱、生动感人的笔下，西藏不再是一个神秘又遥远的名词，它存在得真真切切，它存在的朴朴实实。那一列列高耸如云的山脉，在阿来的笔下，同样的气象万千，同样的引发人们无限的遐想。一位法国汉学家认为，在阿来的文学作品中，《大地的阶梯》的文学价值超过了他获得茅盾文学奖的作品《尘埃落定》。\n虽然有人把《大地的阶梯》比作豪华的旅游向导书，但我觉得这样的称谓贬低了《大地的阶梯》固有的文化价值。它不仅仅在用优美的文字介绍西藏地理，更重要的是在表现西藏的历史文化和自然文化，呼唤人们对历史、对自然的保护意识。那些古老的历史文化，正随着社会的进步而逐渐凋零；那些美丽的自然风景，正随着人们的过度掠夺而消失殆尽。那一个民族的历史文化微弱的心跳声和自然文化悲凉的哭喊声，你，听见了吗？\n《大地的阶梯》是一部娓娓道来的、没有丝毫说教气息的长篇散文。它纯美的文字，它深厚的文化内涵，值得我们去细细地品味，静静地聆听！\n小编提示：关于作者阿来和获得茅盾文学奖作品《尘埃落定》的详细介绍，请点击查看“阿来的藏族文化小说：《尘埃落定》”\n《大地的阶梯》', '京东商城:http://book.360buy.com/10028856.html 当当网:http://product.dangdang.com/product.aspx?product_id=20207521 亚马逊:http://www.amazon.cn/dp/B0013G8ZWK/ 苏宁易购:http://www.suning.com/emall/prd_10052_22001_-7_789606_.html', '库存中', 'http://apis.juhe.cn/goodbook/img/3af00be1d6e68c710047a9714d40e4f1.jpg');
INSERT INTO `apple_book` VALUES ('123', 'SYNC-1554310500913', '四棵杨', null, null, '纸质', '中文', '中国文学 小说 ', null, '2019-04-04 00:55:01', '1554310500913', '寒川子乡土小说：《四棵杨》寒川子创作的《四棵杨》是继路遥的《平凡的世界》、陈忠实的《白鹿原》之后的描写中国农村生活的一部最激荡人心的乡土小说。这是一部悲剧，一部震耳发聩的中国农民的悲剧。自1949年土地改革至1976年文化大革命结束的近三十年期间，社会经历了翻天覆地的变化，中国乡土人民饱受苦难的折磨。《四棵杨》描写的正是在这个大背景下中原山村四棵杨的农村生活故事，堪称是自1949年以来中国农民及其乡村生活的悲歌。\n《四棵杨》用冷静的笔调，再现了建国后中原农村人民的真实生活。作者寒川子用通俗、活泼的语言，叙述了中原农民在社会主义道路上的探索与困惑，栩栩如生地展示了一场被束缚在土地上的文化斗争，而且从人性和文化的视角解读了中国当代农民的共同命运。与其它乡土小说所不同的是，《四棵杨》更多的运用了白描的写作手法，小说中的环境描写和心理分析很少，只把故事娓娓道来。强烈的画面感，曲折的故事情节，不知不觉地于细微处撼动人心。\n了解一部作品，当然需要了解作品的作者。《四棵杨》的作者寒川子，原名王月瑞，河南南阳人，1962年生，毕业于河南师范大学外语系、解放军外国语学院研究生院。寒川子身兼自由作家、翻译家、编剧等职。他爱好围棋和乒乓球，喜欢历史，已出版著译四十余部，专著除《四棵杨》以外，还有《战国纵横》和《毕加索画传》等。寒川子用这样一首诗来形容自己：独立寒川上，春秋任剪裁。万千凡尘事，随心作安排。从这首诗中，可以看出作者是一个潇洒、有个性的人。\n《四棵杨》是寒川子构想多年的一部大戏，也是他自认为此生不可不完成的作品。四棵杨村是因为村中四棵参天大杨树而得此名。这四棵大杨树分别是成、万、张、孙四家祖先栽下的。书中故事以成家为主线进行描写，塑造了这个村子的群体形象，人物特点突出，个性鲜明。《四棵杨》的故事由解放军进村清剿顽匪残部开始，以文革结束而落幕，揭示了制度变迁对中国乡土农村带来的遽变，突出了中国农民在这个大时代背景下的悲剧生活。\n《四棵杨》是一部伟大的乡土小说，它让我们心酸，让我们落泪，更让我们深深地思考。中国人普遍都是农民的子孙后代，在21世纪的今天，我们更应该去感受祖先父辈们所经历的种种苦难，缅怀祖先父辈们忍辱负重、顽强求生存的精神，从而学会珍惜，学会感恩，学会热爱生活、热爱土地、热爱同情那广大辛勤劳作的劳苦大众。\n《四棵杨》', '京东商城:http://book.360buy.com/10113460.html 当当网:http://product.dangdang.com/product.aspx?product_id=20807201  亚马逊:http://www.amazon.cn/%E5%9B%9B%E6%A3%B5%E6%9D%A8-%E5%AF%92%E5%B7%9D%E5%AD%90/dp/B003DQPPOO', '库存中', 'http://apis.juhe.cn/goodbook/img/9f5f132a70631046c75377785ce89310.jpg');
INSERT INTO `apple_book` VALUES ('124', 'SYNC-1554310501313', '草房子', null, null, '纸质', '中文', '中国文学 儿童文学 小说 ', null, '2019-04-04 00:55:01', '1554310501313', '曹文轩纯美文学作品：《草房子》《草房子》，每每看到这个名字，就会想起那无忧无虑、活泼欢乐的童年时光。我的小伙伴们，还记得一起爬树摘果子的喜悦吗？还记得一起赤脚下河捡蛤子的快乐吗？还记得一起上山拾柴却收获了野果的惊喜吗？相信大家永远都不会忘记，童年成长时代的点点滴滴。不会忘记中秋晚上用柚子皮自制的柚子灯笼，不会忘记用牙膏头和鸡毛做成的小毽子，不会忘记花费了大量时间制作却怎么也飞不起来的风筝，也不会忘记那因不忍心打鸟而成了收藏品的堂兄送的弹弓。跟我的童年时光一样令我难以忘记、令我深深怀念的是《草房子》里面的故事。今时今日的我们，有些还在成长，有些已经长大成人。不管怎样，这都是一部绝对会让你喜欢，让你感动的小说，就因为它是《草房子》，曹文轩笔下纯美感人的《草房子》。\n《草房子》是中国当代著名作家曹文轩的一部感动人心的儿童文学作品，一部讲究品位、获奖无数的少年长篇小说。书中描写了令主人公桑桑终身难忘、刻骨铭心的六年小学生活。在这六年的童年成长时光中，他经历或目睹了太多催人泪下、感动人心的故事。男孩桑桑与女孩纸月之间毫无瑕疵的纯情，杜小康家庭遭遇不幸但他坚持顽强地与厄运斗争的勇气，秃顶男孩秃鹤对尊严的执著坚守，垂暮老人的人格闪光，主人公桑桑遭遇莫名疾病面对死亡时对生命的深切的领悟，老师蒋一轮和美女白雀充满诗情画意却扑朔迷离、遭遇阻拦的情感纠葛……这一切的一切，全部发生在桑桑接受人生启蒙教育的童年成长时代，它将永远深刻的印在桑桑的记忆里，也将呈现在读者的脑海里，挥之不去。\n曹文轩老师用高雅的格调，纯美的文字，谐趣庄重的风格叙述了草房子里的喜怒哀乐和悲欢离合。孩提时的青涩味道和淳朴的农村气息扑面而来，带来了温馨的思忆和恒久的感动，令我们深深地怀念。《草房子》蕴含着一种悲悯情怀，在物质泛滥、人情冷漠的现代社会中，显得格外的珍贵和感人。\n《草房子》是一个美丽的地方，充满了诗情画意。因为它承载着我们懵懂、浪漫、温馨，也不乏忧伤、烦恼的童年时光。曹文轩老师说：“那里的每一粒沙尘，每一个场景，每一个人物都是可以进入到文学世界去的。” 在喧嚣的都市里，读一读《草房子》，想象着在拥有纯净天空的乡野中，懵懂的少年迎着微风奔跑在夕阳的余晖里。这个唯美的画面，是桑桑的，是你的，也是我的，是我们心底永恒的美丽记忆……\n作者简介：曹文轩，于1954年出生在江苏盐城，现任北京作协副主席，是北京大学的教授和博士生导师。他精擅儿童文学，创作的作品很多，曾获得国际安徒生奖提名奖、宋庆龄儿童文学奖金奖、冰心文学大奖、国家图书奖等四十多种奖项。\n《草房子》', '京东商城:http://book.360buy.com/10195755.html 当当网:http://product.dangdang.com/product.aspx?product_id=22506353 苏宁易购:http://www.suning.com/emall/prd_10052_22001_-7_1076350_.html 亚马逊:http://www.amazon.cn/%E8%8D%89%E6%88%BF%E5%AD%90-%E6%9B%B9%E6%96%87%E8%BD%A9/dp/B002H7IDOY', '库存中', 'http://apis.juhe.cn/goodbook/img/7b4b85641a8d41e010640134390ff8f8.jpg');
INSERT INTO `apple_book` VALUES ('125', 'SYNC-1554310502327', '四世同堂', null, null, '纸质', '中文', '中国文学 小说 经典名著 ', null, '2019-04-04 00:55:02', '1554310502327', '值得每一代中国人阅读的文学经典：《四世同堂》“四世同堂”在中国从古至今的历史上都属于比较常见的现象。祖孙四代人共同生活在一个屋檐下，这就被称为“四世同堂”。同名著作《四世同堂》是中国现代著名文豪老舍先生的代表作之一。老舍先生自己评价此书时说：“它是我从事写作以来最长的，可能也是最好的一本书。”《四世同堂》是老舍先生在抗日战争时期创作的长篇小说，是“值得每一代中国人阅读的文学经典，值得每一个中国人珍藏的民族记忆。”\n说到老舍先生，相信大家并不陌生。老舍先生是我国现代大文豪，身兼小说家、戏剧家、著名作家等数职。原名舒庆春，字舍予，北京满族正红旗人，于1899年2月3日出生在北京西城小羊圈胡同。老舍先生出生贫寒，自幼丧父，毕业于北京师范学院。毕业后曾担任过小学校长、中学教师和齐鲁大学、山东大学等名校教授。老舍先生一生中著作的出名作品很多，除《四世同堂》外，还有《老张的哲学》、《骆驼祥子》、《龙须沟》、《茶馆》等等，被誉为”语言大师“、”人民艺术家“等称号。文革爆发后，老舍先生于1966年因受严重迫害而自沉于北京太平湖中，一代文豪随风消逝，留予世人无比的悲痛与深深的缅怀。\n《四世同堂》立足于卢沟桥事变、北平沦陷等日军全面侵华，抗日战争爆发的时代背景下，描述了北京小羊圈胡同中祁家人四世同堂的生活，生动形象、真真切切地描绘了当时社会的各个阶层、各色人物的荣辱浮沉和生死存亡。小说记述了日寇侵华、北平沦陷后人们的悲惨生活，揭露了日本军国主义的残暴罪行，也反映了人们英勇无畏的反抗精神，弘扬了中国人民在强敌面前不怕牺牲，保家卫国的坚贞高尚的民族气节和伟大的爱国主义精神。\n《四世同堂》共分为三部，分别是惶惑、偷生、饥荒。老舍先生用高超的艺术功底生动形象地刻画了一系列栩栩如生的人物形象，给人留下深刻的记忆。《四世同堂》，一部歌颂了抗日战争中人们顽强抗敌的可贵精神的伟大著作，一段值得每一个中国人珍藏的民族记忆，一部值得每一代中国人阅读的文学经典！\n《四世同堂》', '当当网:http://product.dangdang.com/product.aspx?product_id=20322029 京东商城:http://book.360buy.com/11032166.html 苏宁易购:http://www.suning.com/emall/prd_10052_22001_-7_460297_.html  亚马逊:http://www.amazon.cn/%E5%9B%9B%E4%B8%96%E5%90%8C%E5%A0%82-%E8%80%81%E8%88%8D/dp/B008IWAKJ8', '库存中', 'http://apis.juhe.cn/goodbook/img/47115cd3e746839c10ebcdf563b0f7d4.jpg');
INSERT INTO `apple_book` VALUES ('126', 'SYNC-1554310503469', '尘埃落定', null, null, '纸质', '中文', '中国文学 小说 经典名著 ', null, '2019-04-04 00:55:03', '1554310503469', '阿来藏族文化小说：《尘埃落定》一粒小小的尘埃在空中四处飘荡，颠沛流离，经过好长好长的一段时间，它终于重新回到了大地母亲的怀抱，此曰“尘埃落定”是也。同名小说《尘埃落定》是中国当代著名藏族作家阿来的第一部长篇小说。此著作凭借其独特的视角和丰厚的藏族文化底蕴，荣获2000年第五届茅盾文学奖，曾被誉为是最有实力冲击诺贝尔文学奖的中国文学作品。\n《尘埃落定》作者阿来，藏族人，于1959年出生在四川西北部藏区马尔康县的一个贫寒家庭里。小时候曾在十分恶劣的条件下坚持上学，中专师范毕业，毕业后当过五年的中学教师，后任《科幻世界》杂志社社长兼总编辑，现为四川省作协主席和中国作协副主席。阿来从小在贫困环境中长大，但他坚持追求梦想，艰苦奋斗，终于成为一名著名作家。且不说他的经典著作，单说他这个人，说他坚持不懈的精神，也是非常值得大家学习的榜样。\n《尘埃落定》的主人公是一个声势显赫的康巴藏族土司在酒后与汉族太太所生的傻儿子，在家族里排行老二。这个在世人眼中的傻小子，却有着超时代的预感和举止。通过对一系列事情的精准判断，他在古老封闭的阿坝地区创建了第一个具有现代意义的商业集镇雏型，因此获得了麦琪土司官寨里英雄般的欢呼声，但也引来了原本被视为是理所当然的土司继承人的大哥的嫉恨。所以，土司家族内部关于继承权的明争暗斗、腥风血雨又开始了……\n《尘埃落定》以独特的视角、生动精彩的故事情节、超然物外的审视目光，再现了土司制度的历史兴衰，展示了深厚浪漫且神秘的藏族文化。小说“充满灵动的诗意”，曾被认为是一部有极强实力冲击诺贝尔文学奖的文学经典著作。\n《尘埃落定》', '当当网:http://product.dangdang.com/product.aspx?product_id=8955695 京东商城:http://book.360buy.com/10898112.html 苏宁易购:http://www.suning.com/emall/prd_10052_22001_-7_786650_.html 亚马逊:http://www.amazon.cn/%E5%B0%98%E5%9F%83%E8%90%BD%E5%AE%9A-%E9%98%BF%E6%9D%A5/dp/B006PB4ITM', '库存中', 'http://apis.juhe.cn/goodbook/img/13bfd5d203c67928fa317ff94e2d446e.jpg');
INSERT INTO `apple_book` VALUES ('127', 'SYNC-1554310504456', '人生若只如初见', null, null, '纸质', '中文', '中国文学 散文 ', null, '2019-04-04 00:55:04', '1554310504456', '安意如诗词散文：《人生若只如初见》“人生若只如初见，何事秋风悲画扇。等闲变却故人心，却道故心人易变。” 纳兰性德的这首木兰辞，道出了从古至今多少痴情怨女忧伤而无奈的心事。人生若只如初见，没有开始，不会有结束，一切都停留在那美好又淡然的匆匆一见，不会有望穿秋水的等待，也不会有深居冷宫的幽怨。《人生若只如初见》，以这句诗为名的著作，可以想象得到作品是如何地充满诗情画意的，事实也的确如此。\n《人生若只如初见》是安意如漫漫古典情系列中的一部著作，她在这部作品中以散文随笔的方式解读着那些凄美感伤的古典诗词，文字清新、感性，是一部风格独特的新颖著作。它好像在谈诗词，又像在谈风月。它怀抱着英雄美女的爱情故事，也拥抱着才子佳人的诗词情怀。安意如用清丽的笔调，优雅的插图，描绘出诗词背后那一幅幅唯美动人的历史爱情画卷，向大家诉说着一段段经典浪漫的历史往事。《人生若只如初见》让我们更清晰地聆听古典诗词的美丽与哀伤。\n俗话说见物如见人，了解一部作品，多多少少也能够了解著作作品的人。如她的作品一样，安意如也是一个充满诗情画意的女子。她原名叫张莉，于1984年出生在安徽宣城，现是一名80后自由写作者，喜欢旅游，居住在不同的城市里。她发表的著作有《看张爱玲画语》、《人生若只如初见》、《当时只道是寻常》、《思无邪——诗三百》等。她的代表作几乎都与诗词有关。\n《人生若只如初见》虽是一部诗词散文，却又像一部爱情小说，有着可歌可泣的浪漫故事。还像一部电影，有着可感可叹的唯美画面。就让我们在安意如的引领下穿越回古代，去感受才子的风情、佳人的美貌，去欣赏那旖旎独特的古典情怀，去思考人生若只如初见，此一生，你将与谁初见？\n《人生若只如初见》', '当当网:http://product.dangdang.com/product.aspx?product_id=22505861 京东商城:http://book.360buy.com/10810109.html 苏宁易购:http://www.suning.com/emall/prd_10052_22001_-7_1013575_.html 亚马逊:http://www.amazon.cn/%E4%BA%BA%E7%94%9F%E8%8B%A5%E5%8F%AA%E5%A6%82%E5%88%9D%E8%A7%81-%E5%8F%A4%E5%85%B8%E8%AF%97%E8%AF%8D%E7%9A%84%E7%BE%8E%E4%B8%BD%E4%B8%8E%E5%93%80%E6%84%81-%E5%AE%89%E6%84%8F%E5%A6%82/dp/B005JR27IC', '库存中', 'http://apis.juhe.cn/goodbook/img/0107d45e5d8d83235a7240dee14ba836.jpg');
INSERT INTO `apple_book` VALUES ('128', 'SYNC-1554310505341', '白鹿原', null, null, '纸质', '中文', '中国文学 历史 小说 经典名著 ', null, '2019-04-04 00:55:05', '1554310505341', '陈忠实经典著作：《白鹿原》白鹿，乃古代祥瑞之物。《白鹿原》，乃中国当代著名作家陈忠实老师的经典文学著作。“原”意为平原。因小说以陕西关中平原上的白鹿村为背景，遂取书名为《白鹿原》。虽说白鹿为吉祥之物，但书中的白鹿村却未能得到“吉祥白鹿”的庇护，天灾人祸、国恨家仇，交错不断。《白鹿原》描述了从清末到建国初这半个世纪里中国农村伴随着历史变迁而发生的触目惊心的故事，蕴含着深沉的民族历史内涵，堪称渭河平原50年变迁的雄奇史诗。\n《白鹿原》是陈忠实老师的著名代表作，1997年获得中国长篇小说最高奖项——茅盾文学奖。以它为原著而改编成的同名电视剧、话剧等也相继出炉，并深受广大人民的喜爱。陈忠实，中国当代著名作家，1942年出生于西安，曾任中国作家协会副主席，现任陕西省作家协会名誉主席。老师发表的文学著作很多，硕果累累，在中国当代作家中有着很高的地位。\n《白鹿原》是一部长篇小说，以白鹿村为背景，用细腻的笔调描写了白姓和鹿姓两大家族的恩怨情仇。两大家族的祖孙几代人都在争夺白鹿原的统治权，为此纷争不断，上演着亲翁杀媳、兄弟相煎等触目惊心的话剧。再加上当时的日寇侵略、内战等社会大背景，白鹿原上王旗变幻，家仇国恨等交错缠结，反映了封建旧社会崩塌，中国人民在迎来新社会之前所经历的苦痛。因此《白鹿原》也被称为史诗般的篇章。\n《白鹿原》出版后，立即畅销海内外，广大读者对其赞赏有加。第四届茅盾文学奖花落《白鹿原》，也是实至名归的。让我们走进《白鹿原》，品读“史诗”，吸取中华名著的精髓。\n《白鹿原》', '当当网:http://product.dangdang.com/product.aspx?product_id=22868444 京东商城:http://book.360buy.com/10828617.html 亚马逊:http://www.amazon.cn/dp/B001AM2LBS/', '库存中', 'http://apis.juhe.cn/goodbook/img/b7b1747014887ce53885e1e2c2278958.jpg');
INSERT INTO `apple_book` VALUES ('129', 'SYNC-1554310506267', '围城', null, null, '纸质', '中文', '中国文学 小说 经典名著 ', null, '2019-04-04 00:55:06', '1554310506267', '文学巨著：“新儒林外史”《围城》“围城”二字为何意？字面意思被我解释为“围着的城墙”或者“被围住的城市”。聪明如你们的各位读者，不用我说应该也知道“围城”的深层含义，就是被困在某种情境中无法出来，像被一座座坚固的城墙包围着，没有出路，得不到自由。著名作家钱钟书先生笔下的《围城》，相信大家都比较熟悉，即使没读过的人应该也都听过。“城里面的人想出去，而城外面的人想进来。”这本充满讽刺意味，被称为“新儒林外史”的《围城》，总能吸引我们一遍又一遍、不厌其烦地去细细品味。\n《围城》是钱钟书先生唯一的一部长篇小说。钱钟书先生于1910年生于江苏无锡，字默存，号槐聚，清华大学毕业，于1935年与杨绛女士结为连理后一起去英国牛津留学。学有所成后去到法国，在法国巴黎大学进修法国文学。1938年被聘成为清华大学教授。后来由于战争爆发，他在1941年暑假开始被困于上海，一直到抗日战争胜利。正是被困于“围城”的这些日子里，钱钟书先生的文学创作走向了巅峰。\n《围城》被誉为“新儒林外史”，是中国现代文学史上别具风格的一部著作，具有独特的讽刺味道。《围城》主要描写了以方渐鸿为主人公的一群海外留学归来的知识分子的群相。他们有的矜持自负，有的自以为是，有的优柔寡断，有的玩世不恭，有的虚伪矫情，有的懦弱守旧，有的庸俗贪财，有的心机深沉，当然也有一个乖巧简单的。他们置身于保家卫国的战争外，却处于工作、婚姻、恋爱、生活等勾心斗角的战争中。在钱钟书先生幽默风趣的笔调下，小说中独特的人物形象跃然于纸上，给人留下极其深刻的印象。\n钱钟书先生在《围城》中用犀利的语言刻画了三四十年代的知识分子们的形象。他们不参与国家战争，受过西方文化的熏陶，但是他们却缺乏和旧社会斗争的勇气，没有远大理想，庸俗不堪。主人公方渐鸿是一个无能的、意志不坚定的人，他自始至终都处于被动状态，屡屡陷入恋爱、婚姻、职业等围城中，无法把握自己的人生方向，最终导致他的人生也成为一个围城。\n《围城》出版后在青年中引起了很大的反响。很多大师级人物对其评价颇高，但也有一些批评之声。小编认为，《围城》是一部多元化的小说，它既可以作为一部对人生哲理进行思考的小说，也可以作为教育孩子的反面教材；它既可以作为学习美妙语言的文学作品，也可以作为了解中国三四十年代的社会百态的历史借鉴书籍。总而言之，言而总之，《围城》是一部伟大的、经典的文学巨著，总能让读者受益匪浅。\n《围城》', '当当网:http://product.dangdang.com/product.aspx?product_id=22819334 京东商城:http://book.360buy.com/10006059.html 亚马 逊:http://www.amazon.cn/%E5%9B%B4%E5%9F%8E-%E9%92%B1%E9%92%9F%E4%B9%A6/dp/B008NZL98G', '库存中', 'http://apis.juhe.cn/goodbook/img/1ba57b5ac8415b37a0129b04682af185.jpg');
INSERT INTO `apple_book` VALUES ('130', 'SYNC-1554310507432', '狼图腾', null, null, '纸质', '中文', '中国文学 小说 ', null, '2019-04-04 00:55:07', '1554310507432', '《狼图腾》：走近草原狼，揭开狼图腾之谜狼图腾是突厥系民族和蒙古族的图腾，代表着“天”。同名著作《狼图腾》是一部以狼为“主角”的小说，在世界上有着“唯一”的地位。它详细地描写了蒙古草原狼的故事，展现了草原狼的精神。让世人走近草原狼，了解草原狼，化解对狼的误解和偏见，揭开狼图腾的神秘面纱。\n《狼图腾》的作者是姜戎，原名吕嘉民，汉族人。文化大革命爆发后其赴内蒙古额仑草原插队，直到1978年才返回北京。2004年《狼图腾》出版后，震撼世人，畅销国内外。2007年姜戎凭借此作获得第一届英仕曼亚洲文学奖。\n《狼图腾》是一篇记实体长篇小说，是唯一一部研究草原狼的奇作。小说由几十个“狼故事”组成，文路顺畅，一气呵成。《狼图腾》中，既有紧张激烈的故事情节，也有新奇神秘的狼的本质。狼的高超战术、狼对天文地理的巧妙利用、狼不屈不挠、视死如归的精神、狼的亲情友情、失去自由的小狼的倔强与坚强，都深深地震撼着我们的心灵。在传统的汉文化里，我们认为自己是龙的传人，而且对于狼，有着很多的误解与偏见。《狼图腾》一书真正揭示了人性与狼性的关系，让我们开始思考，我们到底是龙的传人还是狼的传人。\n著名文学批评家白烨评价此书说：“姜戎笔下的草原狼，是生物的狼，也是人文的狼；是现实的狼，也是历史的狼。因之，这是一部狼的赞歌，也是一部狼的挽歌。” 那么就让我们走进《狼图腾》，走近草原狼，去揭开狼的神秘面纱，感受狼的聪明、狼的亲情友爱、狼的不屈不挠、狼的倔强与坚强！\n《狼图腾》', '当当网:http://product.dangdang.com/product.aspx?product_id=8822794#comm_show_list_mark_01 京东商城:http://book.360buy.com/10017623.html 亚马逊:http://www.amazon.cn/%E7%8B%BC%E5%9B%BE%E8%85%BE-%E5%A7%9C%E6%88%8E/dp/B0011DXNJ0 中国图书网:http://www.bookschina.com/763291.htm', '库存中', 'http://apis.juhe.cn/goodbook/img/3678ab77f86ab2593bdbfc55486d7d6e.jpg');
INSERT INTO `apple_book` VALUES ('131', 'SYNC-1554310508286', '平凡的世界', null, null, '纸质', '中文', '中国文学 小说 经典名著 ', null, '2019-04-04 00:55:08', '1554310508286', '路遥巨著：《平凡的世界》路遥，原名王卫国，中国当代农村作家，生于1949年陕北一个贫穷的农民家庭里。路遥于1973年进入延安大学中文系学习，在学习期间开始文学创作。其代表作《平凡的世界》是百万字的长篇巨著。路遥凭此作获得第三届茅盾文学奖。这本巨著被誉为“茅盾文学奖皇冠上的明珠，激励千万青年的不朽经典”。路遥于1992年11月17日上午8时20分因肝病在西安逝世，年仅43岁。天妒英才，令世人无限悲痛与惋惜。\n《平凡的世界》是一部全景式地表现改革时代新中国城乡的社会生活和人们思想情感的巨大变迁的长篇小说。全书分为三部。此书中，路遥在近十年间的广阔历史背景上，通过复杂的矛盾纠葛、爱恨情仇，刻画了社会各个阶层许许多多普通人的形象。辛苦的劳动与朴实无奈的爱情，不断的挫折与不懈的追求，奋斗中的痛苦与欢乐，日常平凡的生活与巨大社会冲突，纷繁地交织在一起，深刻地展示了普通人在大时代历史变迁进程中所走过的艰难曲折的人生道路。\n《平凡的世界》描述了以孙少安和孙少平两兄弟为主角的那些为生活默默承受着人生苦难的人们，在这里有人性的自尊、自强与自信，有人生的苦难挫折与顽强的拼搏，读来令人荡气回肠，倍受鼓舞。书中最让人感动的是孙氏兄弟不甘为命运的玩偶，在沉重的生活中发掘自己被禁锢的价值，自强不息的艰苦奋斗的精神。这种精神，对现在的青年朋友仍有很大的启迪作用。\n《平凡的世界》', '当当网:http://product.dangdang.com/product.aspx?product_id=22616096#comm_show_list_mark_01 京东商城:http://book.360buy.com/10924046.html 亚马逊:http://www.amazon.cn/gp/product/B0079RCDAM 苏宁易购:http://www.suning.com/emall/prd_10052_22001_-7_1679354_.html', '库存中', 'http://apis.juhe.cn/goodbook/img/f46a3e7f8ad6efd426a51fd19a079c08.jpg');
INSERT INTO `apple_book` VALUES ('132', 'SYNC-1554310509399', '檀香刑', null, null, '纸质', '中文', '中国文学 小说 经典名著 ', null, '2019-04-04 00:55:09', '1554310509399', '《檀香刑》：莫言巅峰之作，一部真正民族化的小说莫言，2012年诺贝尔文学奖获得者，原名管谟业，生于山东高密县，是中国当代著名作家。他的作品带着浓郁的“乡土”气息，充满着“怀乡”以及“怨乡”的复杂情感，被归类为“寻根文学”作家。他的作品深受魔幻现实主义影响，他用独特的主观感觉世界，小说中富有天马行空的想象，塑造神秘的对象世界，带有明显的“先锋”色彩。\n《檀香刑》是莫言潜心五年完成的一部长篇新作。小说以袁世凯镇压山东义和团运动、八国联军攻陷北京、慈禧仓皇出逃等为历史背景，真实地再现了清末山东半岛发生的一起民间反殖民的斗争事件。带头领导这起反殖民斗争的民间艺人孙丙最终被施以“檀香刑”。小说围绕着檀香刑的实施，将封建王权和权力斗争的残酷性和非人道性表现得淋漓尽致。除此之外，小说中也塑造了很多鲜活的人物形象，为小说增色不少。\n《檀香刑》不仅用摇曳多姿的笔触，大悲大喜的激情描述了一场可歌可泣的反殖民抗争，一桩骇人听闻的血腥酷刑，而且还有一段段缠绵悱恻的动人爱情，一曲曲惊天地泣鬼神的猫腔表演。这是一部真正来自民间、充满想象力与震撼力、真正民族化的小说。\n《檀香刑》', '苏宁易购:http://www.suning.com/emall/prd_10052_22001_-7_792304_.html 亚马逊:http://www.amazon.cn/%E6%AA%80%E9%A6%99%E5%88%91-%E8%8E%AB%E8%A8%80/dp/B003J6N9OQ 京东商城:http://book.360buy.com/10017993.html 当当网:http://product.dangdang.com/product.aspx?product_id=20826696#comm_show_list_mark_01', '库存中', 'http://apis.juhe.cn/goodbook/img/9f54f44ebb5a30d03a05b4d9cdef62f0.jpg');
INSERT INTO `apple_book` VALUES ('133', 'SYNC-1554310523407', '史蒂夫·乔布斯传', null, null, '纸质', '中文', '产品经理 人物传记 ', null, '2019-04-04 00:55:23', '1554310523407', '《史蒂夫·乔布斯传》——一个混蛋如何改变世界沃尔特·艾萨克森的《史蒂夫·乔布斯传》是乔布斯本人唯一授权的传记，作为一个控制欲极强的人，乔布斯并没有对这本传记做出任何干预，他到死也没看过这本传记。乔布斯知道如果他看了，他会愤怒，但是他也知道，不管怎么样，总会有人写他的传记，因此他主动找了一个靠谱的作家来写。乔布斯是对的，在这本传记面世之前，我曾经看过一本别人写的乔布斯传记，只得出了乔布斯是个混蛋这个结论。沃尔特·艾萨克森的《史蒂夫·乔布斯传》则告诉我们，乔布斯这个混蛋是怎样改变世界的！要了解乔布斯的生平，这本传记是最好的书籍，忠实的记录了乔布斯传奇的一生，好的，当然也包括坏的。\n沃尔特·艾萨克森是《时代》周刊总编，曾写过《基辛格传》、《富兰克林传》、《爱因斯坦传》，乔布斯多次主动邀请沃尔特·艾萨克森为自己写传记遭到拒绝，直到2009年，沃尔特·艾萨克森知道乔布斯得了癌症，才开始着手准备《史蒂夫·乔布斯传》，采访了乔布斯本人、乔布斯的家人、乔布斯的同事和乔布斯的竞争对手，2011年10月24日，乔布斯逝世当月，《史蒂夫·乔布斯传》全球同步发行。\n重新定义 个人电脑、手机，改变了动画行业、音乐行业、出版行业，影响了通讯、娱乐、生活的方方面面。也许你从没用过苹果的产品，但你仍然从苹果的创新中受益。没有乔布斯的Mac，你今天用的windows不会那么好用，没有iPhone，没有乔布斯重新定义手机，android不会是今天的样子，也许你还在用诺基亚。1955年，乔布斯出生即被亲生父母遗弃，受到好心养父养母的悉心照顾。1976年创立苹果公司，1980年苹果上市，25岁的乔布斯身价达到2.4亿美元。1984年推出拥有图形界面的个人电脑MAC，在这之前电脑都是命令行形式的。1985年，被苹果董事会赶出公司，成立制造小型机的Next公司，被苹果公司告上法庭，一怒之下卖掉所有苹果股票。没有了苹果董事会的约束，乔布斯把他追求完美的性格在Next上发挥到了极致，商业上一败涂地。不久又购买了皮克斯公司，生产绘图软件和硬件，又是一败涂地，皮克斯有个不起眼的动画部门，一直得到乔布斯的青睐，这个动画部门后来拯救了皮克斯，也拯救了迪斯尼。创造出了《玩具总动员》等多部卖座的迪士尼动画片，在动画行业走在世界前列，2006年以74亿美元卖给迪斯尼。1996年苹果濒临破产，乔布斯回归苹果，砍产品线、裁员，专注于少量产品，让苹果重新聚焦于用户体验。1997年推出iMac，让苹果扭亏为盈。2000年推出iPod，占领美国74%MP3市场，之后推出iTunes，改变了美国音乐市场格局，2007年推出iPhone，重新定义了手机，2010年推出iPad，2011年，乔布斯在人生巅峰嘎然而止。2014年，苹果公司股价超过7000亿美元，1996年乔布斯回归时，苹果亏损10亿美元，股价不到30亿美元。有人说乔布斯的一生跟另外一位乔帮主——乔峰，非常相似，想想确实如此。\n自卑不可怕，乔布斯也有深深的自卑，从自卑到自信才是真正的自信。乔布斯被亲生父母遗弃这个问题长期困扰着他，让他自卑，并寻求解脱。\n敢于挑战不可能，才能创造奇迹。12岁时，乔布斯想做一个计时器，找到惠普CEO的电话，直接打电话找他要相关元件，CEO跟他通了半个小时电话，最后乔布斯得到了想要的元件，并得到了惠普的一份工作。拿破仑的字典里面没有“不可能”三个字，乔布斯的字典里似乎也没有。乔布斯认为是对的事情，没有条条框框的限制，没有不可能，只有立即着手去做，包括让正在打官司的竞争对手允许自己无偿使用他们的资源。这个特点是乔布斯能够取得成功的一个重要原因。乔布斯和他的团队所做的产品，都是领先世界并把体验做到极致，所遇到的“不可能”可想而知。\n苛求完美，才能打动世界。任何时候，乔布斯都对产品有着苛刻的要求，并且相当固执、不惜成本。对于产品不满意的地方，乔布斯会反复让团队改进，直到满意为止，一个细节要改进几十次是很平常的事。乔布斯曾经打电话给Google高管，说iPhone上用的Google地图某个坐标放大之后，有个像素的颜色不对，影响了苹果的美观。有时候，一个产品基本完成，准备发布了，乔布斯突然觉得不对，不是自己想要的效果，又会全部推倒重来。乔布斯对产品所有相关的东西都要求完美，包括包装和生产产品的工厂、产品的推广广告，即使是用户看不到的电脑内部电路板，乔布斯都会仔细检查并从美学的角度对它进行评判，力求做的漂亮。为了让体验更好或者外观更漂亮，乔布斯会不惜多花数倍的成本来实现功能和效果。\n乔布斯是一个将艺术与科技结合的艺术家，做一个好的产品需要超凡的审美能力。\n离开执行力一切都是空谈。乔布斯的执行力依赖于聚焦与坚持。他会激光般地聚焦在一件事情上，而对其它事情完成无视，这个特点让他完成了伟大的产品，也让被无视的人受到伤害。挑战不可能与追求完美，总会遇到很大阻力，负责执行的人会说不可能完成，而乔布斯则坚持可以，并坚信伟大的艺术家总能按时完成作品，拒绝妥协与平庸，避免了中庸方案，一群最聪明的人一周工作90小时，甚至连续几天通宵达旦，创造了卓越产品。\n每个人都有缺点，乔布斯是一个混蛋。一般人物传记的套路是主角曾经很穷、很普通、很笨、很丑、很悲惨，通过努力，取得了成功，看，我也曾经是普通人，我的成功可以复制，达到励志效果。讲诉主角缺点时，通常都不会涉及道德，主角总是站在道德制高点的。乔布斯之所以传奇，在于天才与混蛋的结合。乔布斯跟人难以相处，一个人在他眼里，要么是天才，要么是白痴，而且总是当面骂人白痴；一个产品要么是世界上最好的，要么是狗屎，他总是当面斥责同事做出来的产品是狗屎；他喜欢占有别人的好点子，别人跟他说一个点子，他会说这太疯狂，过了一个星期，他会告诉你他有个好点子，这个点子正是你上次跟他说的；他很固执，他坚持认为他坚持素食，所以不需要洗澡，即使别人一再跟他说体味的问题他也不会改变。乔布斯会跟最好的朋友合作项目，然后自私的悄悄私吞额外的奖金；乔布斯有个一起5年的女友，怀了乔布斯的孩子，乔布斯因为还没做好父亲的准备，就拒绝承认，并在女友怀孕时对她不理不睬，冷嘲热讽，生下孩子后拒绝抚养，闹上法庭；乔布斯有个好朋友在苹果创办之初就为苹果卖力，之后成为苹果的时薪员工，上市时没有拿到股票，有个高层建议乔布斯分一点股票给他，并表示乔布斯给多少自己就给多少，乔布斯当场就说，我一股也不会给。乔布斯自私、缺乏同情心、不负责任、脾气暴躁。自然的联想到了星爷，创造了那么多好电影，但合作过的人都认为他太难相处了。\n看完这篇文章，也许你没有看《史蒂夫·乔布斯传》的冲动，对不起，是我没写好，去看看吧，绝对值得一看。\n《史蒂夫·乔布斯传》2014年修订版', '京东:http://item.jd.com/11401377.html 当当网:http://product.dangdang.com/22484707.html 亚马逊:http://www.amazon.cn/%E5%8F%B2%E8%92%82%E5%A4%AB%C2%B7%E4%B9%94%E5%B8%83%E6%96%AF%E4%BC%A0-%E6%B2%83%E5%B0%94%E7%89%B9%C2%B7%E8%89%BE%E8%90%A8%E5%85%8B%E6%A3%AE/dp/B00IM4IFL2/ref=sr_1_1?s=books&amp;ie=UTF8&amp;qid=1416660858&amp;sr=1-1&amp;keywords=%E4%B9%94%E5%B8%83%E6%96%AF%E4%BC%A0', '库存中', 'http://apis.juhe.cn/goodbook/img/68e52b5b4d6715947c73056c2c2e67a8.jpg');
INSERT INTO `apple_book` VALUES ('134', 'SYNC-1554310523419', '因为懂得 所以慈悲', null, null, '纸质', '中文', '人物传记 散文 ', null, '2019-04-04 00:55:23', '1554310523419', '张爱玲的倾城往事：《因为懂得 所以慈悲》张爱玲，一个出生于书香世家却拥有黑暗童年的女孩，一个追寻岁月静好、现世安稳的烟火女子，一个20世纪最传奇、最绚烂、最孤寂、也最真实的女人。她是高傲的，也是孤独的。这样一个传奇女子，无疑是很多人好奇和探究的对象。《因为懂得 所以慈悲》是“隐世才女”白落梅的全新力作。她以最清澈的文字、最诗意的笔法和最详实的资料，全面演绎了“旷世才女”张爱玲的倾城岁月，生动地展现了张爱玲极富传奇的一生，备受“张迷”们的关注。\n《因为懂得 所以慈悲》共有“民国临水照花人”、“当知出名要趁早”、“尘埃里开出花朵”、“人生有情皆过往”、“倾城后华丽转身”和“今生只作最后一世”等六卷，以优美清新的文字讲述了张爱玲年幼时的艰辛、备受争议的张胡恋、国外隐居生活等倾城往事。此书的作者是“文字清淡，心似兰草”的白落梅，原名胥智慧，是一个凌霜傲雪、拣尽梅枝的女子。她的文学代表作有《世间所有相遇都是久别重逢》、《恍若梦中一相逢》、《烟月不知人事改》、《在最深的红尘里重逢——仓央嘉措诗传》、《你若安好便是晴天：林徽因传》等等。\n张爱玲是民国世界的临水照花人，更是中国文学史上的奇葩。她优雅地挥舞着华丽又寒冷的文字剑，更坚定地似飞蛾扑火般扑向那一场绚烂而冒险的爱情旅程。她，拥有绚丽惊世的成名过往；她，拥有痴心不悔的爱情经历；她，拥有十里洋场的上海故事；她，拥有华美悲凉的香港情缘；她，还拥有离群索居的人生迟暮。她是谁？她就是决绝、独立而又情深意长的张爱玲！\n中国当代散文家余秋雨说：“张爱玲死得很寂寞，就像她活得很寂寞一样。但文学并不拒绝寂寞，是她告诉历史，20世纪的中国文学还存在着不带多少火焦气的一角。正是在这一角中，一个远年的上海风韵犹存。”\n张爱玲擅于洞察人性，虽然亘古的孤寂和低郁贯穿了她的一生，但是在浮华和孤独的背后，她却只是一个追寻岁月静好、现实安稳的烟火女人。“因为懂得，所以慈悲。” 是张爱玲写给胡兰成的诀别语；《因为懂得 所以慈悲》，是白落梅写给我们的张爱玲传记。白落梅以其淡薄，书写张爱玲之凉薄，终于让张爱玲多了一分暖意。翻开《因为懂得 所以慈悲》，让我们一起去领略“旷世才女”张爱玲的绝世风采……\n《因为懂得 所以慈悲》', '京东商城:http://item.jd.com/10918713.html 当当网:http://product.dangdang.com/22595986.html 亚马逊:http://www.amazon.cn/%E5%9B%A0%E4%B8%BA%E6%87%82%E5%BE%97-%E6%89%80%E4%BB%A5%E6%85%88%E6%82%B2-%E5%BC%A0%E7%88%B1%E7%8E%B2%E7%9A%84%E5%80%BE%E5%9F%8E%E5%BE%80%E4%BA%8B-%E7%99%BD%E8%90%BD%E6%A2%85/dp/B006RPCZFU/ 苏宁易购:http://www.suning.com/emall/prd_10052_22001_-7_10434118_.html', '库存中', 'http://apis.juhe.cn/goodbook/img/72ae33b4991f583ff5b99f9047758056.jpg');
INSERT INTO `apple_book` VALUES ('135', 'SYNC-1554310523431', '人生不设限', null, null, '纸质', '中文', '人物传记 成功励志 ', null, '2019-04-04 00:55:23', '1554310523431', '《人生不设限》——我那好得不像话的生命体验亲爱的读者朋友们，我们想象一下，如果一个人天生没有四肢，他会过上怎样的人生？是绝望到早早结束自己的生命？还是会在社会福利机构中懦弱地度过余生？现实中，就有那么一个天生没有四肢的人。不过，出乎人们意料的，他不消极、不绝望，反而异常地自信、快乐，拥有顽强的生命力，而且非常出名，为世人所敬仰。他是谁？他就是著名残疾人励志演讲家力克·胡哲——一个患有海豹肢症，天生没有四肢的男人。\n力克·胡哲（Nick Vujicic），“没有四肢的生命”（Life Without Limbs）组织创办人、澳大利亚杰出青年，他于1982年12月4日出生于澳大利亚墨尔本，他天生没有双臂和双腿，只在左侧臀部以下的位置有一个带着两个脚趾头的他自称的“小鸡腿”。这样的他，成长过程必是十分艰难的。然而，他克服了常人难以想象的困难，不仅学会了生活自理，还学会了骑马、打鼓、游泳、踢足球、打高尔夫球和冲浪等体育项目。他中学时是学校的学生会主席，并顺利地获得了会计和财务规画本科双学位。他熟稔投资，大学毕业后拥有了自己的公司。\n力克·胡哲从17岁起开始演讲，向全球人们介绍自己不屈服于命运的生命体验。他为人乐观幽默、坚毅不屈、热爱生命，不断鼓励着身边的人，年仅31岁的他已踏遍世界各地，接触逾百万人，激励和启发着他们的人生。\n《人生不设限》是力克·胡哲根据自己的亲身经历创作的励志书籍，是一部撼动数亿人心灵的勇气之书。《人生不设限》让我们看到了作者如何面对人生的挑战，让我们知道了他的处事的智慧。虽然身患海豹肢症，力克·胡哲却不以悲情的态度而是积极乐观地面对人生。通过此书，力克告诉我们：就算环境不能改变，我们可以改变自己的心，改变自己看待人生的态度；每个人都是独一无二的，我或许并不完美，但我却是完美的我……\n香港特首曾荫权说：“我相信任何和他接触过的人，都会像我一样，惊讶于他那连很多健全的人也没有的自信、快乐和生命力。虽然没有手脚去接触世界，但力克看清世情，也能用说话触动人心。他令我印象最深刻的话，是“决定我们将来的，不是环境，是态度”。不论际遇顺逆，只要认清目标，积极面对，生活其实满是祝福。”\n没有一本书，比力克的故事，更能带给我们希望！翻开《人生不设限》，让我们看看力克·胡哲如何从失望到绝望再到充满希望，看看他如何从一无所有到一无所缺。品读《人生不设限》，让自己知道什么叫永不放弃的精神，以及如何做一名心灵强者！\n《人生不设限》', '京东商城:http://item.jd.com/10657304.html 当当网:http://product.dangdang.com/product.aspx?product_id=21099418 亚马逊:http://www.amazon.cn/%E4%BA%BA%E7%94%9F%E4%B8%8D%E8%AE%BE%E9%99%90-%E5%8A%9B%E5%85%8B%E2%80%A2%E8%83%A1%E5%93%B2/dp/B0052CDWJC/ref=sr_1_1', '库存中', 'http://apis.juhe.cn/goodbook/img/faae1a0a6dca127360996ac56baa0dea.jpg');
INSERT INTO `apple_book` VALUES ('136', 'SYNC-1554310523442', '舞遍全球', null, null, '纸质', '中文', '人物传记 成功励志 ', null, '2019-04-04 00:55:23', '1554310523442', '从乡村少年到芭蕾巨星的传奇：《舞遍全球》《舞遍全球》是顶尖芭蕾舞演员李存信创作的一部坦诚感人的自传。作品描述了芭蕾明星李存信传奇的一生，揭示了命运的偶然性，展现了中国社会四十年间巨大的变迁。《舞遍全球》不仅让我们看到了东西方的文化差异，更让我们看到了一个人如何凭借勇气、力量、爱和渴望自由的心灵迸发出巨大的能量。\n李存信，1961年出生在中国山东青岛一个贫困的家庭里，饥饿、贫穷，李存信在每天吃地瓜干的环境中长大。11岁那年，一个非常偶然的机会让他被选入北京舞蹈学院学习芭蕾舞。1979年，李存信作为第一批公派艺术留学生去到了美国。\n1981年，快要到回国的日子了，李存信却非常纠结，他舍不得深爱的女友伊丽莎白，于是为了爱情和对艺术的追求，他做出了一个惊人的决定：和伊丽莎白结婚，并留在美国。这一事件在当时引起了轩然大波，而且惊动了两国高层。\n待“叛逃”事件平息之后，李存信刻苦努力，最终成为了世界顶尖的芭蕾舞演员。二十七年后，辉煌的芭蕾舞演员李存信便成功地转入金融界，现任澳大利亚一家著名证券经纪公司的资深经理。2003年，李存信将自己的芭蕾舞生涯写入传记《舞遍全球》（又名《毛泽东的最后一个舞者》），并在澳大利亚出版，立即引起了巨大的轰动，畅销全球。2009年10月1日，由《舞遍全球》改编而成的电影《最后的舞者》在澳大利亚上映，深受西方人民的欢迎。\n《舞遍全球》是一部坦率、感人且颇具幽默感的自传，让我们了解到芭蕾巨星李存信的传奇人生。在那个特殊的年代里，李存信有如此大的勇气和如此惊人的魄力，确实让人感到十分敬佩和感动。\n品读《舞遍全球》，让我们在李存信的带领下，去了解一个从乡村少年到芭蕾巨星的传奇，去体会奋斗的艰辛，去领略追求梦想的勇气和魄力……\n《舞遍全球》', '京东商城:http://book.jd.com/10111110.html 当当网:http://product.dangdang.com/product.aspx?product_id=9248272 亚马逊:http://www.amazon.cn/%E8%88%9E%E9%81%8D%E5%85%A8%E7%90%83-%E4%BB%8E%E4%B9%A1%E6%9D%91%E5%B0%91%E5%B9%B4%E5%88%B0%E8%8A%AD%E8%95%BE%E5%B7%A8%E6%98%9F%E7%9A%84%E4%BC%A0%E5%A5%87-%E6%9D%8E%E5%AD%98%E4%BF%A1/dp/B0011CTPMA/ref=sr_1_1', '库存中', 'http://apis.juhe.cn/goodbook/img/c2e1be6ed939c3844b227fd4a04ab0ad.jpg');
INSERT INTO `apple_book` VALUES ('137', 'SYNC-1554310523454', '卑鄙的圣人：曹操', null, null, '纸质', '中文', '人物传记 历史 小说 ', null, '2019-04-04 00:55:23', '1554310523454', '曹操全传：《卑鄙的圣人：曹操》曹操，字孟德，三国时期的魏王，亦是东汉末年著名的政治家、军事家、文学家和书法家。《三国志》中称曹操为“治世之能臣，乱世之英雄”。的确，曹操胸怀大志，在政治、军事方面的才能非同凡响，在诗赋和书法方面的造诣也很高，开启并繁荣了建安文学，著有《观沧海》、《龟虽寿》等乐府诗。曹操生性多疑，对待敌人时奸诈狠毒，体恤众生时却仁义无比。他，究竟是怎样的一个人？翻开《卑鄙的圣人：曹操》，让我们走进曹操尘封了两千年的精彩内心世界，看透这个独一无二的三国奸雄。\n《卑鄙的圣人：曹操》是曹操去世1791年来，可能是让曹操本人最服气的曹操全传。作者王晓磊，男，天津人，中国历史作家，被称为“曹操指定21世纪代言人”。他熟读现存关于曹操的所有史料，循着每一条蛛丝马迹刻苦钻研，上下求索十余年。功夫不负有心人，他终于将1791年前的曹操彻底看透。曹操的品德、计谋，曹操的饮食、着装，曹操的大智慧、小毛病，甚至是曹操说话的习惯语气，王晓磊都烂熟于心。于是这本迄今为止最真实、最鲜活、最完整的曹操全传——《卑鄙的圣人：曹操》就这样诞生了。\n长篇历史小说《卑鄙的圣人：曹操》一书以一件件历史故事讲透曹操对付三国群雄时的卑鄙、奸诈和狠毒计谋；用一页页历史书卷浸透曹操体恤天下众生的柔情、仁义和圣人情怀。此书让我们认识到，曹操，他是如此的与众不同。他的奸诈、他的卑鄙、他的多疑、他的柔情、他的仁义、他的才华，无不深深吸引着读者们的眼球，撩起了我们浓浓的探究兴趣。\n曹操是多年以来最为争议的历史人物之一。作为军事家、政治家，他白手起家，于乱世中崛起，平定中原，成就一方伟业；作为文学家，他开启并繁荣了建安文学，所写诗歌豪放大气、深沉而强健。\n“神龟虽寿，犹有竟时。螣蛇乘雾，终为土灰。老骥伏枥，志在千里。烈士暮年，壮心不已。” 让我们翻开《卑鄙的圣人：曹操》，走进他尘封了两千年的精彩的内心世界，看透这个独一无二的三国奸雄，去品味他的奸诈、他的温柔、他的豪放……\n《卑鄙的圣人：曹操》', '京东商城:http://book.jd.com/11123762.html 当当网:http://product.dangdang.com/main/product.aspx?product_id=22784522&amp;ref=book-11806-3031_5-62583-0 亚马逊:http://www.amazon.cn/dp/B005EEHBU4 苏宁易购:http://www.suning.com/emall/prd_10052_22001_-7_530407_.html', '库存中', 'http://apis.juhe.cn/goodbook/img/27d2beee78dae98612b4e258e8fee588.jpg');
INSERT INTO `apple_book` VALUES ('138', 'SYNC-1554310523470', '十年一觉电影梦：李安传', null, null, '纸质', '中文', '人物传记 成功励志 ', null, '2019-04-04 00:55:23', '1554310523470', '《十年一觉电影梦：李安传》李安，一位享誉世界影坛的著名华人导演，2013年凭借“神作”《少年派的奇幻漂流》荣获奥斯卡最佳导演奖，2012年，被美国《娱乐周刊》评为全球25位仍在坚持拍电影的“最伟大导演”之一，是唯一上榜的华人导演，1995年凭借《理智与情感》轰动国际影坛，获得奥斯卡七项提名。《十年一觉电影梦：李安传》是李安唯一授权并亲自审订，由张靓蓓编著的个人自传，作品以第一人称口述的方式，讲述李安电影生涯第一个十年执著、艰辛的追梦历程。\n《十年一觉电影梦：李安传》讲述了一个导演的自我修养，讲述了这个男人的征服与温存。本书是一个坚持“理想不死”的电影人的成长告白，更是一部探究“如何面对磨难和荣耀”的自我对话。通过本书，我们可以看到李安一次次的失败，又一次次的爬起，支撑他的，是那深埋心里的电影梦……\n李安，1954年10月23日出生于台湾的书香门第，深受中国传统文化的熏陶。通过《十年一觉电影梦》一书，他告诉所有人，他眼中的自己，其实是“一个没用的人”。他两次高考落榜；名校毕业却遭遇“毕业即失业”，做全职“家庭煮夫”六年；将近不惑之年，他却还在剧组守夜看器材、扛沙袋、做苦力……即便如此，他最终还是成功了，成为了斐声国际影坛的著名导演，架起了东西方文化的沟通桥梁。\n李安屡次获得奥斯卡金像奖、金球奖、威尼斯电影节金狮奖、柏林电影节金熊奖等国际顶级电影大奖，是华人迄今唯一获得奥斯卡最佳外语片奖的导演，更是亚洲迄今唯一获得奥斯卡最佳导演奖的导演。《十年一觉电影梦：李安传》将李安的真实、真诚、真性情、自信、温厚、君子风和他在电影内外的文化见地与人生见识展露无遗，与影迷和读者们共分享。\n李安说：“做电影二十年，以我现在的成绩，我就是再拍十年烂片，还会有人找我拍电影。可是对于观众，对于期待你的人，要有一个交代。这是你作为一个有天分的人，欠观众的一个人情。” 读李安，读《十年一觉电影梦》，体会追梦的执着与艰辛，感受成功的真实与淡定！\n《十年一觉电影梦》', '京东商城:http://book.jd.com/11182626.html 当当网:http://product.dangdang.com/main/product.aspx?product_id=23190017 亚马逊:http://www.amazon.cn/dp/B00BKT6WXE', '库存中', 'http://apis.juhe.cn/goodbook/img/a663d8c9263bb061d4f0213766282b09.jpg');
INSERT INTO `apple_book` VALUES ('139', 'SYNC-1554310523580', '谁的青春不迷茫', null, null, '纸质', '中文', '人物传记 成功励志 ', null, '2019-04-04 00:55:24', '1554310523580', '刘同的十年逆袭人生：《谁的青春不迷茫》刘同，相信看过《职来职往》的朋友们都认识他，也很多人喜欢他，特别是女生们。没错，他就是现任光线传媒资讯事业部副总裁，《职来职往》上那个语出惊人的帅小伙，一位真正的“高富帅”。也许，大家更为熟知的是现在那个头顶光环、表面光鲜靓丽的刘同，孰不知，他也经历过迷茫的青春，经历过艰辛奋斗的历程。《谁的青春不迷茫》，为你讲述一个奋斗小青年的逆袭人生。\n刘同，男，毕业于湖南师大中文系，现任光线传媒资讯事业部副总裁，有过10年电视从业经验。同时，他也是中国新生代作家，青春哲理小说的代表性人物，更是一名职场明星达人，是众多年轻人的职场偶像。其文学代表作有《五十米深蓝》、《美丽最少年》、《离爱》等畅销小说和《这么说你就被灭了》、《职场急诊室-谁没一点病》等职场励志畅销书。\n《谁的青春不迷茫》是刘同送给所有年轻人的心灵指南，送给所有同龄人的成长礼物。作品讲述了奋斗小青年刘同十年北漂的成长岁月，以及作者对这十年过往经历的总结、感悟及思考。150万字的北漂纪录，跨度十年的自我对话，给都市中焦躁不安、困惑迷茫的年轻人点亮一盏明灯。\n“我们都一样，正处于期盼未来，挣脱过去，当下使劲的样子。会狼狈，有潇洒，但更多的是不怕。不怕动荡，不怕转机，不怕突然。谁的青春不迷茫，其实我们都一样。” 刘同说：“你觉得孤独就对了，那是让你认识自己的机会。你觉得不被理解就对了，那是让你认清朋友的机会。你觉得黑暗就对了，那是你发现光芒的机会。你觉得无助就对了，那样你才能知道谁是你的贵人。你觉得迷茫就对了，谁的青春不迷茫……” 是的，其实都一样，没有谁的青春是不迷茫的，每个人都是是这样成长起来的。\n搜狐主编刘昂说：“刘同无关完美，只是，他能努力至极致，将不完美变成完美，化缺点为优点，像功夫小子，无天资有野心，每打输一架，回家舔着伤口日日勤练，然后返回来再战一回。” 青春不怕迷茫，怕的是迷茫时不去思索；青春不怕失败，怕的是失败后不敢重新来过。读《谁的青春不迷茫》，看刘同的十年逆袭人生，然后走上自己的青春奋斗之路！\n《谁的青春不迷茫》', '京东商城:http://book.360buy.com/11120361.html 当当网:http://product.dangdang.com/main/product.aspx?product_id=22925062 亚马逊:http://www.amazon.cn/%E8%B0%81%E7%9A%84%E9%9D%92%E6%98%A5%E4%B8%8D%E8%BF%B7%E8%8C%AB-%E5%88%98%E5%90%8C/dp/B00A67K0A2/ref=sr_1_1 苏宁易购:http://www.suning.com/emall/prd_10052_10051_-7_3985012_.html', '库存中', 'http://apis.juhe.cn/goodbook/img/84dd2d3b7bd4f6847a598c6dfe738325.jpg');
INSERT INTO `apple_book` VALUES ('140', 'SYNC-1554310523602', '风雨哈佛路', null, null, '纸质', '中文', '人物传记 成功励志 教育 ', null, '2019-04-04 00:55:24', '1554310523602', '最贫穷最勇敢的哈佛女孩的感人故事：《风雨哈佛路》《风雨哈佛路》是美国著名的励志演说家莉丝·默里畅销全球的自传体小说。作品讲述了一个成长在毒品、艾滋、饥饿缠绕的家庭环境中的贫穷女孩莉丝勇敢地克服重重困难，最终以优异的成绩进入哈佛大学的励志故事，震撼了世界无数人的灵魂，激励了无数读者的奋斗之心。莉丝·默里把自己的亲身经历写进作品里，创作了这部感人至深的伟大回忆录，引发了全世界读者的强烈共鸣。\n《风雨哈佛路》是一部献给所有身处困境中的人们的励志之书。作品中的主人公莉丝是一个出生在纽约贫民窟里的女孩。她的家庭非常贫困而且糟糕。她的父母都吸毒，后来也患上了艾滋病。尽管如此，莉丝仍深深地爱着她的父母。因为肮脏的衣着和满头的虱子，莉丝饱受同学们的嘲弄和嫌弃，所以她不喜欢去学校，最后因为逃学而被送进了女童院。\n在莉丝十五岁那年，她苦苦维持的家庭终于支离破碎了，她成了无家可归的街头流浪儿。莉丝捡垃圾、偷东西、整夜停留在地铁里……不久后，她深爱的母亲因艾滋病而去世，被装在一个简陋的木箱里就这样埋了，莉丝悲伤的同时心灵也深受触动。她想起母亲的名言：“总有一天，生活会变好的”，莉丝下定决心不再继续这种糟糕的生活，她要走进那个光鲜明亮的世界，不管付出多大的艰辛。于是，无处安身的莉丝常常在地铁站、走廊里学习和睡觉，她拼命地努力着，终于用两年的时间完成了四年的高中课程，并获得了“《纽约时报》一等奖学金”，以优异的成绩考入哈佛大学。\n《风雨哈佛路》是一部震撼人心、感人肺腑的回忆录。作者莉丝·默里是一名闻名世界的国际演说家，她于1980年出生在纽约市布朗克斯区，从小成长在毒品、艾滋、饥饿的糟糕环境中，最饥饿的时候，她和姐姐把一管牙膏分成两截来当做晚餐。即便如此，莉丝仍没有绝望，她竭尽全力地同悲惨的命运作抗争，以惊人的勇气和力量爬出了深渊，成功地沐浴到了渴望已久的温暖阳光。她成为了感动全美的“奇迹女孩”，也成为了“美国当代杰出年轻女性”，更成为了全世界处于困境中的人们的好榜样。\n《风雨哈佛路》是一部经典的励志书，一部伟大的文学作品。2003年，莉丝的故事被搬上了电影屏幕，同样获得了不同凡响的成功。读《风雨哈佛路》，看《风雨哈佛路》，在被震惊、感动的同时，我不禁自相惭愧。扪心自问，我们的生活不会比莉丝更糟糕，我们也从来没有像莉丝一样无路可退过，但为何我们不能实现自己的理想？其实，面对挫折与困境，我们缺乏的是莉丝哪改变命运的勇气和力量……', '京东:http://book.360buy.com/10385250.html 当当:http://product.dangdang.com/main/product.aspx?product_id=21021269 亚马逊:http://www.amazon.cn/mn/detailApp/ref=asc_df_B004HO4TBG534796/?asin=B004HO4TBG 苏宁易购:http://www.suning.com/emall/prd_10052_22001_-7_583944_.html', '库存中', 'http://apis.juhe.cn/goodbook/img/12457a80aecddcf1b9df0f38d4a20c6e.jpg');
INSERT INTO `apple_book` VALUES ('141', 'SYNC-1554310523613', '只是孩子', null, null, '纸质', '中文', '人物传记 外国文学 ', null, '2019-04-04 00:55:24', '1554310523613', '《只是孩子》——朋克摇滚桂冠诗人帕蒂·史密斯的爱情回忆录《只是孩子》是朋克摇滚桂冠诗人帕蒂·史密斯创作的一部人生回忆录，一部她与艺术家罗伯特·梅普尔索普传奇的、美好的爱情回忆录。帕蒂·史密斯，是美国著名的作家、音乐家和视觉艺术家，更是一名伟大的摇滚歌手，开创了一个朋克摇滚时代。罗伯特·梅普尔索普，是美国前卫的著名艺术家，他的摄影作品大胆、独特，在摄影界开创了一个全新的时代。在1967年，他们一个是离家流浪的女孩，一个是荒废学业的男孩，命运让他们俩在布鲁克林偶遇，从此携手奋斗，于不同的领域各自开创了一个伟大的时代。\n《只是孩子》的作者帕蒂·史密斯（Patti Smith），一个美国极其著名的女性人物。她的著名不仅在于她的朋克摇滚，还在于她的文学作品和视觉艺术（素描、摄影、插画）。1970年代，帕蒂·史密斯革命性地将诗歌与摇滚互相结合，开创了一个朋克摇滚时代，被誉为“朋克摇滚桂冠诗人”。她的首张专辑《马群》的封面肖像即由她的好友兼爱人罗伯特·梅普尔索普（Rober Mapplethorpe）拍摄，成为史上最伟大的100张专辑之一。帕蒂·史密斯的文学代表作有《维特》、《白日梦》、《珊瑚海》等等，而《只是孩子》是她于2010年创作的与惊世骇俗的艺术摄影师罗伯特·梅普尔索普的刻骨铭心的爱情回忆录，获得了美国最高的图书奖——“美国国家图书奖”。\n《只是孩子》用感人肺腑的语言叙述了帕蒂与罗伯特共同的人生，和他们之间最传奇、最美好的爱情故事。命运让他们相遇，于是他们携手献身创作，追逐着共同的梦想，彼此激励、相互扶持，终于梦想成真时，曾经那个荒废学业的男孩却静静地退出了生命的舞台。《只是孩子》和青春有关，和奋斗有关，和梦想有关。它是两个青年艺术家共同奋斗的真实写照，感动了无数人。\n“我想死在你怀里，在我还活着的时候。” 这一句不太合乎逻辑但又十分感动的话，敲痛了所有人的心。曾经混乱而浪漫的生活，曾经叛逆而执着的奋斗，只是因为，我们还是孩子……《只是孩子》，这本在豆瓣读书网读者们给予了高达9.3分的文学作品，我们，值得拥有！\n《只是孩子》', '京东商城:http://book.360buy.com/11104244.html 当当网:http://product.dangdang.com/main/product.aspx?product_id=22886480 亚马逊:http://www.amazon.cn/dp/B009OWBZ9A/', '库存中', 'http://apis.juhe.cn/goodbook/img/32fd037401e0bcc084bb527b7ed36994.jpg');
INSERT INTO `apple_book` VALUES ('142', 'SYNC-1554310523627', '忏悔录', null, null, '纸质', '中文', '人物传记 外国文学 经典名著 ', null, '2019-04-04 00:55:24', '1554310523627', '卢梭巨著：《忏悔录》卢梭是18世纪法国伟大的启蒙思想家、哲学家、教育家、文学家和作曲家，同时是法国大革命的思想先驱，启蒙运动最卓越的代表人物之一。《忏悔录》是卢梭晚年的一部伟大自传，在其颠沛流离的逃亡生活中创作而成。这是一部名为“忏悔”实为“控诉”的悲愤的《忏悔录》，书中记载了卢梭从出生到被迫离开圣皮埃尔岛之间五十年的生活经历，讲述了他被侮辱和被损害的一生，表达了他的全部思想感情，也深刻地剖析了他的行为和他的内心世界。\n卢梭全名为让·雅克·卢梭 （Jean-Jacques Rousseau），于1712年出生在现今的瑞士日内瓦的一个钟表匠家庭里。母亲在其出生十天后去世，父亲在其10岁时因捍卫正义得罪高官而愤然出走，留下了孤苦伶仃的小卢梭。1728年，16岁的卢梭只身离开日内瓦，四处漂泊，做临时工谋生。1750年，38岁的卢梭凭借一篇论文而一举成名，后续又创作了《论不平等的起源》、《埃罗伊兹的故事》、《爱弥尔》、《社会契约论》等伟大著作。\n1762年，卢梭的教育论著《爱弥尔》一书出版，但因其触怒了封建统治阶级，这本著作给他带来的不是荣誉而是灾难。卢梭遭到了法国当局的通缉，遭到穷追不舍的迫害，于是50岁的他不得不开始过上逃亡的生活。严酷的官方判决和教会谴责给了他沉重的一击，但是最令他痛心的不是敌人的攻击，而是亲友的背叛。1765年，他曾经的友军出版了一本《公民们的感情》的小册子，强烈攻击并严重抹黑了卢梭的人品。此时，卢梭眼看着自己被抹黑得即将成为一个千古罪人，于是他拿起了为自己辩护和反抗的笔，怀着极其悲愤的心情在流离失所的逃亡生活中断断续续地完成了他的自传——文学巨著《忏悔录》。卢梭的晚年都在悲惨痛苦中度过，最终于1778年7月2日在法国逝世，享年66岁。\n《忏悔录》一书是卢梭悲惨的晚年岁月的产物，一部在残酷迫害下为自己的存在辩护的自传，一部无比辛酸、震撼人心的作品。卢梭在此书中以惊人的诚实、坦率的态度和深刻的内省记录了自己50多年的思想和生活。《忏悔录》思想内容丰富，人物形象鲜明，情节真实生动，是卢梭最为重要的文学代表作，深刻地影响了19世纪欧洲思想和文学的发展。\n《忏悔录》以其思想、内容、艺术和风格上的重要意义而奠定了卢梭的长久受人景仰的崇高的文学地位。正如卢梭在《忏悔录》开篇所说的：“这是世界上绝无仅有、也许永远不会再有的一幅完全依照本来面目和全部事实描绘出来的人像。不管你是谁，只要我的命运或我的信任使你成为这本书的裁判人，那么我将为了我的苦难，仗着你的恻隐之心，并以全人类的名义恳求你，不要抹煞这部有用的独特的著作。”\n《忏悔录》', '京东商城:http://book.360buy.com/10554514.html 当当网:http://product.dangdang.com/main/product.aspx?product_id=9311254 亚马逊:http://www.amazon.cn/%E5%BF%8F%E6%82%94%E5%BD%95-%E8%AE%A9%C2%B7%E9%9B%85%E5%85%8B%C2%B7%E5%8D%A2%E6%A2%AD/dp/B0011F6EFI 苏宁易购:http://www.suning.com/emall/prd_10052_22001_-7_864566_.html', '库存中', 'http://apis.juhe.cn/goodbook/img/eb74d8ba0db96ba38284646d3966d587.jpg');
INSERT INTO `apple_book` VALUES ('143', 'SYNC-1554310523639', '旁观者', null, null, '纸质', '中文', '人物传记 历史 管理 ', null, '2019-04-04 00:55:24', '1554310523639', '《旁观者》——现代管理学之父德鲁克的回忆录旁观者，意为置身局外，从旁边观察局内动态的人。所谓当局者迷，旁观者清，如果以一个旁观者的身份来观察世界万物，很多事情都能理得清清楚楚。现代管理学之父彼得·德鲁克就把自己比作这样一个旁观者。《旁观者》是当代国际上最著名的管理学家彼得·德鲁克的自传体小说，是一部描写了他一生经历的回忆录。《旁观者》虽然不是德鲁克最重要的著作，但却是他自己最喜爱的，反刍时间最长的一部作品。\n彼得·德鲁克，现代管理学之父，管理大师中的大师，于1909年11月19日出生在维也纳，祖籍荷兰，1937年移民美国，以作家、教授、咨询家为职。德鲁克从小在文化富裕的环境中长大，父亲是负责文化事务的官员，母亲是名医生。彼得·德鲁克一生中共创作50多部作品，每一本著作都名扬世界，影响深远。他曾在《哈佛商业评论》发表过30余篇文章，是当代国际上最出色的管理学家。他著作中的管理思想和精辟见解，深刻地影响了杰克·韦尔奇、比尔·盖茨等国际上知名的企业家。彼得·德鲁克一生笔耕不辍，他曾说：“如果我能活到80岁，我要写到80岁。” 他言出必行，年逾九旬还创作了《德鲁克日志》一书，被《纽约时报》赞誉为“当代最具启发性的思想家”。2002年，美国总统布什亲自为其颁布美国公民最高荣誉——“总统自由勋章”。2005年11月11日，这位受世界人尊敬的管理学家彼得·德鲁克在加州家中逝世，享年95岁。\n《旁观者》以清晰练达的文风，详细生动地描述了彼得·德鲁克的成长历程，介绍了他人生中的点点滴滴。此著作刻画了一些特别的人和一些特别的事，可以说是一本短篇故事集，呈现出社会的图像，捕捉并传达了现在这一代人难以想像的那种神韵和感觉。它是彼得·德鲁克人生旅途与知识的记录，也是20世纪最重要的某些领域的历史记忆。\n彼得·德鲁克的一生为世界做出了卓越的贡献，其著作畅销世界130多个国家，影响深远。微软总裁比尔·盖茨说： “在所有的管理学书籍中，德鲁克的著作对我影响最深。” 作为现代管理学之父，彼得·德鲁克的这本自传《旁观者》的书名里并未出现“管理”二字，但它却是德鲁克迷们最不该错过的一本书，因为它呈现了德鲁克伟大的人生轨迹，描述了他如何成为管理“大师中的大师”的过程。\n要学习管理，首先要了解管理人。现代管理学之父德鲁克的回忆录《旁观者》将为你的管理之路打下扎实的基础，请不要错过！\n《旁观者》', '京东商城:http://book.360buy.com/10059515.html 当当网:http://product.dangdang.com/product.aspx?product_id=20687091 亚马逊:http://www.amazon.cn/%E6%97%81%E8%A7%82%E8%80%85-%E7%AE%A1%E7%90%86%E5%A4%A7%E5%B8%88%E5%BE%B7%E9%B2%81%E5%85%8B%E5%9B%9E%E5%BF%86%E5%BD%95-%E5%BD%BC%E5%BE%97%C2%B7%E5%BE%B7%E9%B2%81%E5%85%8B/dp/B002Q0X428 苏宁易购:http://www.suning.com/emall/prd_10052_22001_-7_1022737_.html', '库存中', 'http://apis.juhe.cn/goodbook/img/8889da9286fc0063f9431a6f349286b0.jpg');
INSERT INTO `apple_book` VALUES ('144', 'SYNC-1554310523649', '看见', null, null, '纸质', '中文', '人物传记 心灵鸡汤 ', null, '2019-04-04 00:55:24', '1554310523649', '柴静十年成长告白书：《看见》俗话说，眼睛是心灵的窗户。以眼所看，以脑所想，以心所感，而后铭记于心。《看见》是记录央视著名记者和主持人柴静十年央视工作历程的自传性文学作品。它既是柴静十年成长告白书，也是中国社会十年变迁的备忘录。《看见》一书会告诉我们，柴静何以成为柴静，她经历过什么，报道了什么，思考着什么，又记下了什么。\n央视知名主持人柴静，于1976年在山西临汾出生，16岁的她在湖南长沙上大学，19岁的她在电台主持《夜色温柔》节目。22岁的她北京广播电视学院学习电视编辑，并在湖南电视台主持《新青年》节目。2001年以来，柴静成为中央电视台的主持人和记者，现任央视《看见》节目主持人。一路走来，柴静吃过苦，流过泪，承受过孤独，经历过挫败，但她一直坚持着自己的梦想，遵守着自己的原则，快乐地奋斗着，为中国广大人民报道一条条最前沿的消息，成为一名优秀的新闻工作者。在业余时间，柴静喜欢旅行，喜欢摄影，喜欢阅读和写作。她认为，文字，是安身立命的根本。\n《看见》记录了柴静十年来的成长历程。2003年，她冒死深入非典第一线，为人民报道非典新闻。自从她就职于央视以来，在非典、汶川地震、北京奥运等重大事件现场，柴静的身影都会出现。在《看见》一书中，柴静用简单朴实的文字叙述了淹没在宏大叙事中的动人细节，为时代留下私人的注脚。她一如既往地记录下新闻中给她留下强烈生命印象的每一个人。十年的风霜雪雨，让柴静渐渐脱离了外在与自我的束缚，让她对生活与人性有了更为宽广与深厚的理解。\n柴静说：“我试着尽可能诚实地写下这不断犯错、不断推翻、不断疑问、不断重建的事实和因果，一个国家由人构成，一个人也由无数他人构成，你想如何报道一个国家，就要如何报道自已。” 在《看见》一书中，柴静说：“海子有句诗，深得我心：天空一无所有，为何给我安慰。” 是的，天空一无所有，拿什么、凭什么给我们以安慰呢？所有，都应该靠自己……\n《看见》中，柴静的文字朴实无华，却分外地有重量，沉甸甸的，震撼着人们的心灵。阅读柴静的《看见》，我们会看到柴静的成长、柴静的反思和柴静的追问。那犹如涓涓细流的文字，缓缓地流过我们的心田，而文字的内涵，却沉淀了下来，永驻在田里，化作了心灵的肥料……\n《看见》', '京东商城:http://book.360buy.com/11140918.html 当当网:http://product.dangdang.com/main/product.aspx?product_id=22924035 亚马逊:http://www.amazon.cn/dp/B00AH6OXP0/ 苏宁易购:http://www.suning.com/emall/prd_10052_22001_-7_3995375_.html', '库存中', 'http://apis.juhe.cn/goodbook/img/5ba80437dd2a35b5f1f4a185b023afff.jpg');
INSERT INTO `apple_book` VALUES ('145', 'SYNC-1554310523660', '李嘉诚全传', null, null, '纸质', '中文', '人物传记 ', null, '2019-04-04 00:55:24', '1554310523660', '《李嘉诚全传》华人首富传奇李嘉诚是华人首富，父亲早亡，从一个贫困的香港移民少年，成为华人首富，从塑胶花大王到地产大王，李嘉诚的故事无疑是一个激励人心的经典传奇，读《李嘉诚全传》，不仅能激奋人心，更会让人从李嘉诚身上学到许多成功的品质。\n一本好书，将改变无数人的命运。从身无分文的青年如何赚的第一桶金，出身寒微的李嘉诚如何征服名门小姐的芳心，如何从小老板变为华人首富，如何兵不血刃以7亿博60亿。\n李嘉诚出生于潮州书香世家，因为日军侵华，1940年李嘉诚随父母逃到香港，投靠舅父庄静庵，庄静庵在香港经营一个钟表公司，庄静庵在商言商，并未让李嘉诚的父亲在公司就职，李父找到一个小职员的工作，而李母则帮人缝补浆洗补贴家用，一家人的生活过的非常困难。三年后父亲病死，一家人的生活重担落在了14岁的李嘉诚身上。李嘉诚走上了独立谋生之路。\n李嘉诚从茶楼跑堂一直到塑胶花大王、地产大王，离不开李嘉诚的勤奋努力，因为工作勤奋，业绩出众，李嘉诚20岁就成为一家五金厂的总经理，春风得意时，李嘉诚毅然离职创业，创办了长江塑胶厂。李嘉诚以他的努力和诚信的品质，使濒死的长江业绩飞升，为以后的事业打下坚实的基础。\n纵观《李嘉诚全传》，李嘉诚成功的原因可以总结如下：\n一、勤奋好学\n这是成功的基本条件，无论做什么事，一定要比对手更加努力，这也是李嘉诚出入职场时能出类拔萃的主要原因。\n二、做事先做人\n李嘉诚深深懂的做人的道理，诚信是李嘉诚做人的根本品质，李嘉诚的表永远比别人快十分钟，与人相约从来不迟到。李嘉诚总是讲究互惠互利的原则，李嘉诚说“跟人合作，如果我拿八分是合理的，我拿六分则生意长久有的做”。\n三、善于用人\n《李嘉诚全传》下载地址：http://wenku.baidu.com/view/fae5d91fa8114431b90dd8ea.html\n《李嘉诚全传》纸质版', '', '库存中', 'http://apis.juhe.cn/goodbook/img/68e52b5b4d6715947c73056c2c2e67a8.jpg');
INSERT INTO `apple_book` VALUES ('146', 'SYNC-1554310523674', '我的大学', null, null, '纸质', '中文', '人物传记 外国文学 经典名著 ', null, '2019-04-04 00:55:24', '1554310523674', '高尔基自传体第三部曲：《我的大学》《我的大学》是前苏联伟大作家高尔基继《童年》、《在人间》之后的第三部自传体小说。此书描写的是高尔基青年时代在喀山的生活经历。说起我的大学，一所百年农校，普普通通的重点本科院校，除了大、美之外，也没啥好说的。但是说起高尔基的大学，那可是别是一番风景。他的大学，嘈杂又安静，寒冷又温暖，黑暗又光明，只有你走进他的大学，才能够体会到那一番酸甜苦辣的滋味。\n《我的大学》描述了阿廖沙（高尔基的乳名）经过了《在人间》的历练之后，决定离开外祖母去喀山圆他的大学梦，怀着坚定的信念，他启程离开了“人间”，进入了他的“大学”。但是到了喀山之后，阿廖沙美好的大学梦很快就被无情的现实给拍下去了，他不得不为了生存而到处流浪、劳碌奔波。喀山的贫民窟、轮船码头等成为了他人生中的第一所社会大学。他的课堂很多，有鞋店、轮船、码头、面包店、园林、杂货店等等。他在那里很艰辛很勤劳地“苦读”着，因为接触了一些知识分子和反沙皇的革命者，阿廖沙的思想发生了很大的变化，他开始寻找机会大量阅读马克思主义和革命民主主义著作。在这所没有围墙的社会大学里，无论是思想还是学识，阿廖沙都获得了巨大的进步，以优异的成绩取得了“大学毕业证书”。\n《我的大学》是阿廖沙的青春成长史，也是抨击沙俄黑暗社会、向往革命光明的一部力作。阿廖沙在喀山体会到社会下层人民生活的辛酸，接受了革命思想的教育，身心都得到了前所未有的成长。正如高尔基自己所说的那样：“我虽然出生在下诺夫哥罗德，但精神上使我获得生命，却是在喀山。喀山是我最喜欢的一所‘大学’。”\n高尔基的这部伟大著作得到了列宁的重视，在俄苏文学史上有着崇高的地位和深远的影响，具有经久不衰的经典文学的艺术魅力。它激励了一代又一代青年去体验社会生活，扩宽自己的视野，从而提高自身能力。阿廖沙那坚强、勇敢的性格深深地影响着年轻朋友们，具有不容忽视的社会教育意义。即使现在，它依然光芒万丈，很有品读的价值。\n小编提示：关于作者和其他两部自传体小说《童年》、《在人间》的详细介绍，请点击查看。\n《我的大学》', '京东商城:http://book.360buy.com/11026178.html 当当网:http://product.dangdang.com/product.aspx?product_id=22893959 亚马逊:http://www.amazon.cn/%E6%88%91%E7%9A%84%E5%A4%A7%E5%AD%A6-%E9%AB%98%E5%B0%94%E5%9F%BA/dp/B001KO35ZM 苏宁易:http://www.suning.com/emall/prd_10052_22001_-7_2506864_.html', '库存中', 'http://apis.juhe.cn/goodbook/img/600608c125c4619805825f86cff86c38.jpg');
INSERT INTO `apple_book` VALUES ('147', 'SYNC-1554310523686', '我的奋斗', null, null, '纸质', '中文', '人物传记 成功励志 ', null, '2019-04-04 00:55:24', '1554310523686', '《我的奋斗》——给彪悍的人生一个解释“奋斗”一词好像永远都不会过时，因为人人都在奋斗，一批又一批，前仆后继。所以乍看《我的奋斗》这书名，感觉平淡无奇，没啥新意。但当我看到“彪悍的人生不需要解释”这个句子的时候，那一个惊喜啊！原来这句耳熟能详的句子是出自这本书的作者之口啊。这个幽默风趣的句子，引起了我了解这本书、这个人的兴趣。《我的奋斗》是老罗（罗永浩）彪悍的人生自传，也是他给自己彪悍人生的唯一的一个解释。\n老罗，本名罗永浩，新东方教师，牛博网创始人，老罗英语培训创始人，于1972年出生，中国吉林人。他是一个拥有自己独特个性的一个人，高中辍学后摆过地摊，开过小吃店，卖过药材，做过期货，销售过电脑，当过教师，写过书。2001年至 2006年期间他在北京新东方学校任教，教学风格幽默诙谐，妙语连珠，具有高度理想主义气质的感染力，极受学生欢迎。2006年6月从新东方离职，创办具有独特风格的博客网站“牛博网”，且大获成功，成为在大学生等青少年中最具影响力的中国国内网站之一。“彪悍的人生不需要解释”这句经典语录也成为一代年轻人的座右铭。2008年6月，创办老罗英语培训学校，担任校长一职。老罗“口齿伶俐，甚至凌厉”，“谈吐比较随便，擅长独立思考”，擅长“以极其严谨的态度扯好每一个淡，讲好每一道题”。\n《我的奋斗》就是幽默诙谐、独具个性的老罗的诙谐幽默、独具特色的诚恳自传。书中描述了老罗的另类成长史，讲述了他如何从地摊小贩到“百度十大年度风云人物”的经历，淋漓尽致地表现了老罗的语言才华。他是一个走路都往下掉个性的胖子，是个“思想特别复杂的孩子”。他是睿智和善良的，是一个正常的好人，带点趣味，也带点理想主义。他不是很勇敢，却比别人勇敢，他不怎么彪悍，却被迫活得彪悍。\n央视主持人柴静评价老罗说：“很多人喜爱老罗是觉得他彪悍，叛逆，幽默，独立，诡异……但他对这个世界有我所知的罕见的善意和温柔。” 媒体资深人士王小峰说：“1996年互联网进入中国以来，有三个人的言论在网络上引起了最广泛的影响，他们是韩乔生、万峰和罗永浩。”可见，老罗及其妙语的影响之大是有目共睹的。\n《我的奋斗》，虽然“其貌不扬”，如同作者本人“其貌不扬”一样，但他的内涵绝对是值得夸奖的，如同作者本人的内涵值得肯定一样。这本诙谐幽默、独具风格的彪悍自传，这本在近三十年的中国里最诚恳的励志书，是老罗给自己彪悍人生的一个解释。小编在这里隆重的将其介绍给大家，希望大家喜欢。\n《我的奋斗》', '京东商城:http://book.360buy.com/10072845.html 当当网:http://product.dangdang.com/product.aspx?product_id=20822281 亚马逊:http://www.amazon.cn/%E6%88%91%E7%9A%84%E5%A5%8B%E6%96%97-%E7%BD%97%E6%B0%B8%E6%B5%A9/dp/B003F2593I 苏宁易购:http://www.suning.com/emall/prd_10052_22001_-7_1048192_.html', '库存中', 'http://apis.juhe.cn/goodbook/img/acb5865ac03476dec8ce47bec48781e1.jpg');
INSERT INTO `apple_book` VALUES ('148', 'SYNC-1554310523701', '在人间', null, null, '纸质', '中文', '人物传记 外国文学 经典名著 ', null, '2019-04-04 00:55:24', '1554310523701', '高尔基自传体小说第二部：《在人间》《在人间》是前苏联伟大无产阶级作家、苏联文学创始人高尔基继《童年》之后的第二部以自身经历为原型创作的自传体小说。《童年》一书描述的是高尔基3岁至10岁苦难的童年生活，而《在人间》描写了他10岁之后初涉社会谋生的艰苦生活。《在人间》的道路上，高尔基历尽艰辛，与各种各样的社会下层人物打交道。面对苦难的生活，他表现出了坚强的毅力和强烈的求知欲，深深地打动了人们的心。在高尔基挥洒自如的笔下，《在人间》广泛地展示了十九世纪七十年代俄国社会底层的真实生活画卷。\n《在人间》是阿廖沙（高尔基乳名）自母亲过世后的一段坎坷的少年成长经历。由于生活贫困，阿廖沙以优异的成绩读完三年级后辍学，开始进入社会打拼。他卖过野果，当过绘图师的学徒，做过洗碗工等等。在船上洗碗的日子里，他认识了正直的厨师斯穆雷，受过他许多帮助和正面的影响。在1871年到1884年这段艰难的成长时期，阿廖沙始终保持着强烈的读书欲望，只要一有机会，他就阅读大量的书籍。丰富的读书经历和生活阅历，开阔了他的视野，激发了他对正义和真理的追求。不管生活如何艰苦，他都下定决心要做一个不为环境所屈服的坚强的人。\n《在人间》一书在人物性格方面描写得非常成功，尤其是阿廖沙外祖母的形象更是深入人心。人们评价她是俄国文学史上最鲜明、最丰富、最诗意的形象之一。她的乐观，她的坚强，她的善良，她的慈悲，她的宽容，深深地影响了阿廖沙的正面性格形成。在如此恶劣的环境中，她的美好品质显得多么的难能可贵，给人们留下极其深刻的印象。与外祖母的美好形象截然相反的是外祖父的专横独断、贪婪、吝啬和冷酷无情，令人可气又可怜。\n《在人间》中高尔基以纯熟的现实主义手法将社会底层那压抑、沉重、鄙俗、阴暗的社会现实一览无遗地展现在每一位读者的面前。它不仅是阿廖沙的少年生活史，它更是一个时代艺术性的史册。《在人间》的人们有些虽然穷苦，但他们并不可怜，因为他们还有尊严，还有正义，还有对旧社会的反抗，而像外祖父这种人，才是精神上一无所有的真正的可怜虫。《在人间》的生活虽然艰辛，但仍让阿廖沙看到了光明和希望。《在人间》的道路上，他引领了成千上万的人，自立、善良、正直、坚强、勇敢地走着……\n《在人间》', '京东商城:http://book.360buy.com/10826104.html 当当网:http://product.dangdang.com/product.aspx?product_id=22605093 亚马逊:http://www.amazon.cn/dp/B002CU9VC4/', '库存中', 'http://apis.juhe.cn/goodbook/img/dd32563715e63064de48625c5cc582b0.jpg');
INSERT INTO `apple_book` VALUES ('149', 'SYNC-1554310523712', '世界因你不同', null, null, '纸质', '中文', '人物传记 成功励志 ', null, '2019-04-04 00:55:24', '1554310523712', '李开复唯一自传：《世界因你不同》“一个世界有你，一个世界没有你。让两者的不同最大，就是你一生的意义。” Make a difference，世界将因你而不同！《世界因你不同》是著名企业家李开复的唯一的一本自传。作品从捣蛋的“小皇帝”到11岁的“留学生”，从最年轻的梅隆大学副教授到微软公司全球副总裁，从谷歌中国的创始人到创新工场的创始人，李开复的人生轨迹就这样在这部著作中娓娓道来。通过这本自传，李开复真诚地讲述了他鲜为人知的成长史、成功史和面对抉择的心路历程。他的种种传奇经历，总是让人忍不住去一探究竟。\n李开复，祖籍四川，于1961年12月3日出生于台湾，11岁留学美国，1988年从卡内基梅隆大学计算机系博士毕业，26岁时成为梅隆大学最年轻的副教授。后弃教从商，担任微软公司全球副总裁，成为比尔.盖茨的七位高层智囊之一。2005年，李开复加入谷歌公司，担任全球副总裁兼大中华区总裁。2009年他从谷歌离职并创办了自己的“创新工场”且担任CEO，宗旨是培育创新人才和新一代高科技企业。\n《世界因你不同》记载了李开复的很多传奇经历和宝贵的职场经验，充满了伴随岁月流逝而沉淀下来的人生智慧。他是个奇人，曾让世界上最大的两家IT公司微软和谷歌对薄公堂，这一场轰动世界的世纪官司，只是为了争取他这个优秀的职业经理人。 在面对人生道路上的种种选择时，他总能做出自己正确的抉择并获得成功的自我超越。李开复为人真诚，与中国大学生有着特殊的情结，给中国的年轻人带来了很多帮助，于是在青年学子中的号召力很大。 李开复在技术领域中出类拔萃，在企业管理上独辟蹊径，是留美华人和海归志士的典范和榜样。\nMake a difference！世界将因你而不同！这是李开复一直信奉的一句话。《世界因你不同》文笔流畅，字字珠玑，在展现李开复人生轨迹的同时，给年轻朋友们以真诚的鼓励。在《世界因你不同》一书中，李开复说到，“ 一个有思想，但是不能表达的人，如同没有思想。” “我在潜意识里就无法忍受平庸。” “选择一个工作的标准，那就是成长、兴趣和影响力。” “人生在世，我们要用勇气改变可以改变的事情，用胸怀接受不能改变的事情，并用智慧分辨两者的不同。”……\n人生在世的最大意义就是让这个世界因为有你而有些许的不一样。如果做到这个，你就是一个像李开复一样成功的人。请细心品读《世界因你不同》，也许，从此以后世界真的会因你而变得不一样！\n《世界因你不同》', '京东商城:http://book.360buy.com/10101800.html 当当网:http://product.dangdang.com/product.aspx?product_id=20675508 亚马逊:http://www.amazon.cn/%E4%B8%96%E7%95%8C%E5%9B%A0%E4%BD%A0%E4%B8%8D%E5%90%8C-%E6%9D%8E%E5%BC%80%E5%A4%8D%E8%87%AA%E4%BC%A0-%E6%9D%8E%E5%BC%80%E5%A4%8D/dp/B002NX0H3C 苏宁易购:http://www.suning.com/emall/prd_10052_22001_-7_544810_.html', '库存中', 'http://apis.juhe.cn/goodbook/img/3e1f550be44facc22011676952acbe8f.jpg');
INSERT INTO `apple_book` VALUES ('150', 'SYNC-1554310523729', '童年', null, null, '纸质', '中文', '人物传记 外国文学 经典名著 ', null, '2019-04-04 00:55:24', '1554310523729', '自传体小说：高尔基的《童年》在我们大部分人的记忆里，童年时光就像是罗大佑歌里唱的那样，池塘边的榕树、秋千上的蝴蝶、天边的彩虹、老师手里的粉笔、隔壁班的男孩女孩、手中的漫画、心底的初恋……是那无忧无虑、迷迷糊糊的纯真岁月。与大家美好的童年时光截然相反，前苏联无产阶级大作家高尔基的童年却是充满了灰色格调的。《童年》是高尔基的第一部以自身经历为原型创作的自传体小说。作品讲述了高尔基三岁到十岁这七年间的灰色童年生活，并写出了他对苦难、对人生的独特认识和见解，字里行间透出一股股坚强不息的气息，深深地感染着、打动着人们的心。\n高尔基是前苏联无产阶级作家，是社会主义现实主义文学的奠基人，被列宁称为“无产阶级艺术最杰出的代表”。高尔基原名阿列克谢·马克西莫维奇·彼什科夫，于1868年3月28日出生，在1936年6月18日与世长辞，并给世人留下了一个至今未解的死亡之谜。在高尔基三岁时，父亲去世，他随母亲寄居在外祖父家里，受尽贫穷苦难的折磨，但他很喜欢读书，即便环境再怎么恶劣，高尔基始终坚持创造机会发奋苦读，最终获得了十分渊博的学识，成为了一个伟大的无产阶级作家。\n《童年》描述了阿廖沙（高尔基乳名）从三岁到十岁的童年生活情景。他寄居在脾气暴躁的外祖父家中，感受着舅舅们的自私与仇恨，过着非常压抑、不安、没有爱的生活。在这样的一个污浊的环境里，却还有另外一种力量支撑着他，那就是外祖母的善良与公正、茨冈人的乐观与淳朴，还有老工人葛利高里的正直品质。这些让他感到欢乐却依然忧愁。后来母亲再嫁，却经常受到后父的打骂，过着不幸且穷苦的日子，阿廖沙再也感受不到母亲的温暖。\n在《童年》一书中，高尔基将他灰色却不乏点点彩色的童年生活娓娓道来。在展示他成长经历的同时，生动地再现了19世纪七八十年代俄罗斯下层人民的生活状况，揭露和抨击了旧俄几世纪以来形成的愚昧落后、自私贪婪的小市民的痼疾，更重要的是表现了一个来自底层孩子生活的艰辛和革命意识的觉醒过程。高尔基在《童年》里抨击了黑暗的社会，也展示了光明的希望。\n《童年》以孩子的眼光来看待那个丑陋的世界，内涵丰厚，耐人寻味，也为大家描绘了一个精彩纷呈的精神世界。这是一个悲剧，却又披着一层天真烂漫的彩衣，能够让人在黑暗中看到点点光明，在邪恶中看到丝丝善良，在悲剧的氛围中感受到人们战胜悲惨命运的那股坚强的的力量。它让我们反思，阿廖沙在那样恶劣的环境中都能坚强、正直、乐观地成长，我们有什么理由，凭什么借口说自己不可以？\n《童年》', '京东商城:http://book.360buy.com/10840046.html 当当网:http://product.dangdang.com/product.aspx?product_id=22499623 亚马逊:http://www.amazon.cn/%E7%AB%A5%E5%B9%B4-%E9%A9%AC%E5%85%8B%E8%A5%BF%E5%A7%86%C2%B7%E9%AB%98%E5%B0%94%E5%9F%BA/dp/B005OIERI4 苏宁易购:http://www.suning.com/emall/prd_10052_22001_-7_876150_.html', '库存中', 'http://apis.juhe.cn/goodbook/img/a509a07a0345f0b3528b8853d34abf70.jpg');
INSERT INTO `apple_book` VALUES ('151', 'SYNC-1554310523767', '我把青春献给你', null, null, '纸质', '中文', '人物传记 成功励志 ', null, '2019-04-04 00:55:24', '1554310523767', '冯小刚的幽默励志自传：《我把青春献给你》青春，多么美好的词！“青春”一词充满了憧憬与梦想，充满了美丽与善良，充满了奋斗与汗水，但也伴随着灰心与失望，伴随着陷阱与凶险，伴随着失败与挫折！青春，快乐并痛着。每个人都拥有青春，可每个人的青春又都不一样。有的人把青春用来奋斗，有的人把青春用来挥霍。我们的青春该如何度过？有时候我们很迷茫。这个时候，不如静下心来，品味一下著名导演冯小刚的青春，也许，我们会从中找到自己需要的答案。\n《我把青春献给你》是著名导演冯小刚的个人自传。在这本书中，他用幽默诙谐的语言，详细叙述了他的青春路。介绍这本书之前，先来了解一下作者本人。冯小刚是中国著名电影编导、导演，生于1958年。作者进入导演行业以来，导出了很多票房过亿的好电影。作者在业界享有“贺岁片之父”的美誉，“中国票房之王”的称号。在大众心目中，还是个“专门为中国老百姓拍电影”的平民导演，深受观众的喜爱。\n《我把青春献给你》是小刚导演至今为止唯一的自传，他在序中说把他的青春献给大众朋友们。在《我把青春献给你》一书中，小刚导演坦诚地写下了一个苦孩子执着追求自己的理想，步履维艰的奋斗的故事，也写下了他对中国电影的坚守与反思，对母亲妻女的深厚感情。这本自传中带着小刚导演鲜明的个人色彩，语言幽默及诙谐，细节丰富且真实。书中详细地记叙了他几十年以来在电影和生活中的艰辛。其执着向上的精神和不懈奋斗的毅力，感动着读者，激励着人们要为理想而奋斗，为成功而坚持，不能辜负美好的青春岁月，带有强烈的励志色彩。\n《我把青春献给你》', '当当网  :http://product.dangdang.com/product.aspx?product_id=20873226#comm_show_list_mark_01 苏宁易购:http://www.suning.com/emall/prd_10052_22001_-7_628553_.html 京东商城:http://book.360buy.com/10018027.html 亚马逊:http://www.amazon.cn/%E6%88%91%E6%8A%8A%E9%9D%92%E6%98%A5%E7%8C%AE%E7%BB%99%E4%BD%A0-%E5%86%AF%E5%B0%8F%E5%88%9A/dp/B003U9V124', '库存中', 'http://apis.juhe.cn/goodbook/img/7a664068dd3394c4b37798158a2e79d2.jpg');
INSERT INTO `apple_book` VALUES ('152', 'SYNC-1554310523799', '史蒂夫•乔布斯传', null, null, '纸质', '中文', '人物传记 ', null, '2019-04-04 00:55:24', '1554310523799', '《史蒂夫•乔布斯传》告诉你乔帮主如何缔造苹果传奇', '当当网:http://product.dangdang.com/product.aspx?product_id=22484707 苏宁易购 :http://www.suning.com/emall/prd_10052_10051_-7_439937_.html 亚马逊:http://www.amazon.cn/%E5%8F%B2%E8%92%82%E5%A4%AB%E2%80%A2%E4%B9%94%E5%B8%83%E6%96%AF%E4%BC%A0-%E6%B2%83%E5%B0%94%E7%89%B9%E2%80%A2%E8%89%BE%E8%90%A8%E5%85%8B%E6%A3%AE/dp/B005OH6YEU 京东商城:http://book.360buy.com/10808005.html', '库存中', 'http://apis.juhe.cn/goodbook/img/68e52b5b4d6715947c73056c2c2e67a8.jpg');
INSERT INTO `apple_book` VALUES ('153', 'SYNC-1554310523810', '逆风飞扬', null, null, '纸质', '中文', '人物传记 成功励志 ', null, '2019-04-04 00:55:24', '1554310523810', '《逆风飞扬》一个女性的奋斗故事吴士宏，一个从未受过高等教育的护士，多年在歧视中感受地位的卑微。《逆风飞扬》是吴士宏的一本自传，古代帝王出生往往天降异象，现代名人自传中也经常提 到自己小时候与人不一样的地方，与很多名人从小就表现出众不同的是，吴士宏在自传中坦承自己小时候非常普通，觉得自己特笨特丑特没用，我想她是想用自己的经历告诉我们 ，我们不需要天赋炳然，卓越出众，只要努力付出，力争向上，丑小鸭可以变天鹅，麻雀可以飞上青天。这是一个“将相本无种”的励志故事，通过奋斗，让一个人从”生而自卑”到”个性飞扬”，一个默默无闻的护士到IT界打工女皇。\n吴士宏出生于1957年，父母亲均在文革时被打倒，一个是历史反革命，一个是历史和现在均反革命。1975年，吴士宏成为一名护士。1979年，吴士宏得了一场为期四年的大病，病危三次，大病痊愈之后，吴士宏要改变生活的激情一发不可抑制，但是发现什么工作都需要大专以上文凭。这时候上大学还有可能，但是对吴士宏来说，学费虽低，但是承担不起，她选择了最快最省的方法：自考！吴士宏开始拼命自学英语，吴士宏是如何学习的，请看下面一段摘自《逆风飞扬》的文字：\n我像个吝啬鬼掰分掐秒在算计时间：一天24小时，2小时要花在路上，我住在工人体育场附近，到南城琉璃厂上班路上怎么也得两小时，坐公共汽车也省不了时间，还是骑自行车省点钱；4小时连睡觉吃饭在内的一切生理需要，去厕所时是可以看书的，时间不会”浪费”！8小时工作是铁定的，一天只剩下10个小时学习。怎么算怎么不够，我就设法”偷”时间：尽可能多地换成病房夜班值班，病房不大，没有重病人，半夜病人都睡得挺踏实。从凌晨1点左右到5点能偷出来4个小时！而且，下了夜班白天就名正言顺是自己的了。那一年半我少说上了一半的夜班。\n吴士宏顺利通过了自学考试，拿到了自考文凭。1985年，吴士宏站在北京长城饭店门外仔细观察了别人是怎么进饭店旋转门之后，鼓足了10分钟勇气，走进去面试IBM勤杂工职位。面试结束的时候，面试官问了句会不会打字。从没见过打字机的吴士宏回答“会”，面试结束后马上借了200块钱买了一台打字机练了两个星期练到手都拿不了筷子练成准专业打字技术。\n进入IBM后，吴士宏从勤杂工做起，饱受别人冷眼与歧视，要强的吴士宏一次次的把握所有可能的机会，改变了自己的命运，最终成为了IBM中国华南区总裁，1998年受聘为微软中国区总裁，1999年底加入TCL集团任常务副总裁，2002年带着3000万现金从TCL离职。\n《逆风飞扬》', '淘宝网:http://s.click.taobao.com/t_8?e=7HZ6jHSTb0CtLlsyRTavM7PuyGqChhHVl8ZRjq4eQ9g%3D&amp;p=mm_23269999_0_0', '库存中', 'http://apis.juhe.cn/goodbook/img/68e52b5b4d6715947c73056c2c2e67a8.jpg');
INSERT INTO `apple_book` VALUES ('154', 'SYNC-1554310530841', '王子与贫儿', null, null, '纸质', '中文', '儿童文学 经典名著 ', null, '2019-04-04 00:55:31', '1554310530841', '马克·吐温著名小说：《王子与贫儿》《王子与贫儿》是美国著名作家马克·吐温的经典代表作，是一部著名的讽刺小说，也是一部向往真、善、美的美好童话，更是一位父亲写给亲爱的女儿们的寓意故事。《王子与贫儿》以16世纪英国的社会状况为背景，描写了贫苦孩子汤姆与高贵王子爱德华因一次偶然的机遇而阴差阳错地互换了身份，从而上演了一幕幕悲喜剧。故事幽默风趣，寓意深刻，引人入胜的同时却发人深省。\n《王子与贫儿》的作者马克·吐温美国最著名的幽默大师、讽刺现实主义作家和演说家，是19世纪后期美国现实主义文学的杰出代表。马克·吐温原名萨缪尔·兰亨·克莱门，于1835年11月30日出生在美国密苏里州的佛罗里达乡村的一个贫穷的律师家庭中，12岁时他便因家庭困境而离校工作，做过印刷学徒、河上驾驶员、探矿者和新闻采访记者。马克·吐温擅长创作讽刺小说，代表作有《百万英镑》、《哈克贝利·费恩历险记》、《汤姆·索亚历险记》等，被誉为“美国文坛巨子”和“第一位真正的美国作家”。马克·吐温于1910年4月21日与世长辞，享年七十五岁。\n《王子与贫儿》一书融幽默与讽刺于一体，讲述了样貌酷似的王子爱德华与贫儿汤姆因为互换衣服而互换了人生的故事。仅仅因为穿了对方的衣服，在别人的眼中，原本的王子就变成了贫儿，原本的贫儿却成为了王子。贫儿汤姆因此登基为王，享受着宫里的荣华富贵；而王子爱德华却四处流浪，体会着社会底层人们的人情冷暖和酸甜苦辣。爱德华经历了重重劫难，洗净了一身的坏习惯，终于回到皇宫，从此成为了一名仁慈的君主……\n马克·吐温在《王子与贫儿》一书中以丰富的想象力和幽默风趣的语言，生动地反映了英国资本主义原始积累时期社会底层的劳动人民生活的穷困和悲惨，讽刺了统治者的豪奢和凶残，表达了作者对统治者的不满和对受苦受难人民的深切同情，激发了人们对正直、善良、勇气、平等等美好事物的追求与向往，寓意深刻，启人深思。\n著名作家海伦·凯勒曾说：“我喜欢马克·吐温——谁会不喜欢他呢？即使是上帝，亦会钟爱他，赋予其智慧，并于其心灵里绘画出一道爱与信仰的彩虹。” 《王子与贫儿》，这部寓意深刻的童话故事，教育我们即使在困境中也要坚持梦想，不要放弃希望和勇气，树立正直、诚实、善良的人生观，走好自己的人生之路……\n《王子与贫儿》', '京东商城:http://item.jd.com/11446852.html 当当网:http://product.dangdang.com/20855106.html 亚马逊:http://www.amazon.cn/%E4%B8%96%E7%95%8C%E6%96%87%E5%AD%A6%E5%90%8D%E8%91%97%E5%85%B8%E8%97%8F-%E7%8E%8B%E5%AD%90%E4%B8%8E%E8%B4%AB%E5%84%BF-%E9%A9%AC%E5%85%8B%C2%B7%E5%90%90%E6%B8%A9/dp/B0051N1FQE/ref=sr_1_1', '库存中', 'http://apis.juhe.cn/goodbook/img/d9b6fb6c7b51a4959754de6a739dbec0.jpg');
INSERT INTO `apple_book` VALUES ('155', 'SYNC-1554310530870', '看得见风的男孩', null, null, '纸质', '中文', '儿童文学 小说 ', null, '2019-04-04 00:55:31', '1554310530870', '国际畅销小说：《看得见风的男孩》《看得见风的男孩》是日本作家C.W.尼可创作的如童话般的著名小说，是与《窗边的小豆豆》、《天蓝色的彼岸》齐名的人生感悟寓言，也是日本有史以来最动人心弦的一部大人、小孩皆不可错过的自然心灵读物，更是一本省思大地、关怀生命的国际畅销小说。《看得见风的男孩》凭借感人至深的故事和单纯、清新、温暖的文风，轻而易举地就触动了人们的灵魂，让人心头一暖！\n《看得见风的男孩》的作者C.W.尼可是一名著名作家，也是国际知名的环保爱好者。他于1940年生在英国韦尔斯，后任职于加拿大环保局，曾进行过十几次的北极圈之旅，也曾任冲绳海洋博物馆加拿大馆副馆长。2001年，C.W.尼可买了一块荒废的森林，设立了「AFAN」森林基金会，开始尝试恢复当地的生态环境。C.W.尼可创作了好几部国际畅销著作，其中包括《看得见风的男孩》、《北极乌鸦的故事》、 《TREE》、《归来的狸猫》等小说作品。\n《看得见风的男孩》的主人公是一个可以看见风、翱翔于天际的小男孩，他温柔地对待地球上的所有生物，为战争中的人们带去无比的勇气和希望！故事的最后，他透过死亡的礼仪，化成美丽又善良的纯洁灵魂，牵引着战争的结局，也在众人的心里留下了灿烂的记忆……《看得见风的男孩》是一部感人肺腑、触动灵魂的人性寓言，出版后受到众多读者的喜爱，并荣获了第45届“亚太影展”最佳动画片奖。\n有读者说，《看得见风的男孩》是一本很透明的书。我觉得“透明”这个形容词用得挺好。这部儿童文学作品的文风单纯、清新、温暖，从小孩子的思想和视角去看待、帮助这个世界的所有生物，温柔无比。通过这个看得见风的男孩的感人故事，本书教育人们要学会关爱、珍惜生命，同时唤起了人们内心深处最美好的情感，也呈送给人们最真切的感动和最伟大的爱，让我们在不可抵挡的人性光辉中感受自然和生死！\n“当别人炫耀自己的功绩时，请你记得这幅画。无论是什么的文明，最后都会灭亡。无论是多么了不起的人，也都会在其中消逝。人类创造出的神祗，终将回归大地。” 《看得见风的男孩》是一部探索自然、发掘生命存在价值的动人作品。让我们翻开它，品读它，在这个看得见风的男孩的带领下，去游历日本原生态大自然，去感受灿烂的人性光辉，更去体会那最真切的感动和最伟大的爱！\n《看得见风的男孩》', '亚马逊:http://www.amazon.cn/%E7%9C%8B%E5%BE%97%E8%A7%81%E9%A3%8E%E7%9A%84%E7%94%B7%E5%AD%A9-%E5%B0%BC%E5%8F%AF/dp/B0011C3DVO/ref=sr_1_1', '库存中', 'http://apis.juhe.cn/goodbook/img/d05ab12d73cfdd6d539ff6a16e033322.jpg');
INSERT INTO `apple_book` VALUES ('156', 'SYNC-1554310530882', '外公是棵樱桃树', null, null, '纸质', '中文', '儿童文学 外国文学 小说 ', null, '2019-04-04 00:55:31', '1554310530882', '国际大奖小说：《外公是棵樱桃树》《外公是棵樱桃树》是意大利著名儿童文学作家安琪拉·那涅第的经典代表作，是一部关于家庭与生命，关于亲情与人生的感人小说。主人公是一个叫做托尼诺的普通小男孩，时而天真顽皮，时而善解人意。与其他小孩子不同的是，托尼诺有一个特立独行的外公。在外公的悉心教导下，托尼诺学会倾听自然的声音，并拥有了一颗坚强的心……\n在《外公是棵樱桃树》一书中，意大利著名作家安琪拉以感性的笔触描述了几代人之间的情谊，揭示了生命与死亡的本质、人与自然的关系，引起读者们深深的共鸣。《外公是棵樱桃树》深受广大青少年中的热烈欢迎和喜爱，并获得了意大利最重要的儿童文学奖项——被誉为意大利“安徒生”童话奖的巴雅童话故事奖。\n《外公是棵樱桃树》中的托尼诺的爷爷奶奶住在城里，他们和其他城里人一样，过着墨守成规的生活。托尼诺的外公外婆住在乡下，他们和任何人都不一样，过着平凡幸福、自然和谐的生活。托尼诺的妈妈是外公外婆唯一的女儿，她顺利出生后，外公就到镇里买了一棵樱桃树苗，小心翼翼地栽种在院子里。自此以后，妈妈和樱桃树一起快乐地成长着。外公和外婆、妈妈和樱桃树，组成一个幸福快乐的家庭……\n托尼诺喜欢跟外公外婆在一起，因为外公会教他倾听樱桃树的呼吸声，还有山雀妈妈喂饱山雀宝宝的叽喳声等自然的声音。外公还教他如何爬树、怎样和动物们友好相处……跟外公在一起的日子里，托尼诺体会到了平凡人生的幸福和快乐，懂得了“如果有人爱着你，你就永远不会死去”的小哲理……当外公一天天年迈老去时，当政府因修路要砍掉樱桃树时，托尼诺成为了保卫樱桃树的小英雄。樱桃树不能倒下，因为它是家庭与生命延续的象征，智慧与勇气传承的象征，更是外公精神的象征。\n《外公是棵樱桃树》是一本充满智慧的温暖小书。它如春天的细雨，滋润着我们干涸的心田；又如冬日的暖阳，温暖着我们寒冷的心灵。细细品读着《外公是棵樱桃树》，让我们好像嗅到了夏日茉莉的清香，尝到了多汁樱桃的甜蜜，感受到了平凡中的幸福……\n《外公是棵樱桃树》', '京东商城:http://item.jd.com/10424059.html 当当网:http://product.dangdang.com/20106477.html 亚马逊:http://www.amazon.cn/%E5%9B%BD%E9%99%85%E5%A4%A7%E5%A5%96%E5%B0%8F%E8%AF%B4-%E5%A4%96%E5%85%AC%E6%98%AF%E6%A3%B5%E6%A8%B1%E6%A1%83%E6%A0%91-%E5%AE%89%E7%90%AA%E6%8B%89%C2%B7%E9%82%A3%E6%B6%85%E7%AC%AC/dp/B004QKIMSW/ref=sr_1_1', '库存中', 'http://apis.juhe.cn/goodbook/img/b7838516588ed709a680cd9264032b74.jpg');
INSERT INTO `apple_book` VALUES ('157', 'SYNC-1554310530893', '蓝色的海豚岛', null, null, '纸质', '中文', '儿童文学 小说 成功励志 ', null, '2019-04-04 00:55:31', '1554310530893', '国际安徒生奖小说：《蓝色的海豚岛》《蓝色的海豚岛》是美国著名作家奥台尔的经典代表作，是一部写给孩子也写给大人的历史小说。本书是根据一位印第安女孩在圣·尼哥拉斯岛上独自一人奇迹般地生活了十八年的历史故事为素材而创作的文学作品。自出版以来，《蓝色的海豚岛》畅销世界，享誉全球，被美国儿童文学协会评为“1776年以来最伟大的10部儿童文学作品”之一，并获得了国际儿童文学奖的两项最高荣誉——“纽伯瑞奖”和“安徒生奖”。\n《蓝色的海豚岛》中的故事发生在一个太平洋中的岛屿上，因为这个岛屿的形状像一条侧躺的海豚，故名为海豚岛。海豚岛原是印第安人的居住地，小岛边还有可爱的海豚、嬉戏的海獭、争雄的海象等动物，人们的生活平静而美好。但是有一天，岛上的印第安人遭到了阿留申人的杀害，不得不离开海豚岛。当他们离开时，女孩卡拉娜却因为弟弟没有上船而留了下来。后来，弟弟不幸被野狗咬死了，海豚岛上只剩下卡拉娜孤零零的一个人，没有家，没有亲人，也没有同伴。然而，卡拉娜却没有绝望，她自力更生，不仅修建了住所、制造了武器，还驯服了野狗，历经千辛万苦才生存了下来，而且还独自一人生活了十八年……这是一个带有浪漫主义色彩的冒险故事，一部激励人心的历史小说。\n《蓝色的海豚岛》是一部值得陪伴一生的经典文学作品，曾荣获纽伯瑞儿童文学奖金奖、国际安徒生奖等七项儿童文学大奖。作者司各特·奥台尔（Scott O&#8217;Dell）是一名电影摄像师兼技术编导，他于1898年出生在美国西部洛杉矶，童年时代的他曾居住在小岛上，并与印第安人有过接触。奥台尔一生经历丰富，曾参加过两次世界大战。奥台尔是一位博学多才、胸怀宽广的作家，他对逝去的文化充满敬意，对弱小族群特别同情，所以他非常热爱为青少年创作与拓荒者、印第安人有关的历史小说。\n在奥台尔饱含感情的笔下，《蓝色的海豚岛》中的女孩卡拉娜勇敢、坚韧的形象深入人心，让人们深深地佩服，并激励了无数青少年奋发图强，积极向上。小说以第一人称的口吻将故事娓娓道来，直接引领着人们走进这个美丽的世界和动人的故事中。\n人生多磨难，当我们处于低谷、情绪失落的时候，请想想那个《蓝色的海豚岛》，想想那个女孩卡拉娜，我们就会知道，眼前的困难是多么地微不足道……《蓝色的海豚岛》，值得我们相伴一生！\n《蓝色的海豚岛》', '京东商城:http://item.jd.com/1026364543.html 当当网:http://product.dangdang.com/product.aspx?product_id=21039939 亚马逊:http://www.amazon.cn/%E5%9B%BD%E9%99%85%E5%A4%A7%E5%A5%96%E5%B0%8F%E8%AF%B4-%E8%93%9D%E8%89%B2%E7%9A%84%E6%B5%B7%E8%B1%9A%E5%B2%9B-%E6%96%AF%C2%B7%E5%A5%A5%E5%8F%B0%E5%B0%94/dp/B004QKINZO/ref=sr_1_1', '库存中', 'http://apis.juhe.cn/goodbook/img/d1346ef04cc7492ad10c39e29d670c4c.jpg');
INSERT INTO `apple_book` VALUES ('158', 'SYNC-1554310530907', '长袜子皮皮', null, null, '纸质', '中文', '儿童文学 经典名著 ', null, '2019-04-04 00:55:31', '1554310530907', '瑞典经典童话：《长袜子皮皮》《长袜子皮皮》是瑞典著名儿童文学作家阿斯特里德·林格伦的代表作之一，是一部享誉世界的经典童话。作品讲述了一个奇特而有趣的小姑娘皮皮的故事，深受世界大小读者的欢迎和喜爱。《长袜子皮皮》原本是作者送给生病的女儿的生日礼物，于1944年创作而成，后来多次再版，成为瑞典有史以来儿童书籍中最畅销的作品，并名扬世界各地。\n《长袜子皮皮》中的小女孩皮皮是一个很奇怪的孩子，她是南海一个岛国的公主，却独自一人住在一个小房子里。皮皮拥有强壮的身体和数不完的金币。她的头发是红的，小辫子是翘向两边的，嘴巴是大大的，牙齿是整齐洁白的，脚上穿的长袜子一只是黑色的，另一只却是棕色的。皮皮的脸上还布满雀斑，穿的鞋子比脚大了整整一倍。她是如此奇特的小女孩，不仅仅在外形上表现出来，更在她的行为上表现出来。皮皮从不去学校上学，整天唠叨不已、说着“瞎话”，她与警察开玩笑，还戏弄街上的流浪汉。但皮皮却是非常善良、热情的，她常常花钱买一大堆的糖果分发给所有的孩子们，还制服身强力壮的小偷和强盗，为民除害。她古灵精贵，鬼主意一个接一个，所以创造出的奇迹也一个接一个……\n《长袜子皮皮》是瑞典作家阿斯特里德·林格伦的经典儿童文学作品。林格伦是瑞典的民族英雄，是享誉全球的94岁高龄的童话外婆。她于1907年出生在瑞典斯莫兰省的一个农民家庭里。1945年，《长袜子皮皮》一书出版面世，使她获得了巨大的成功。1946年至1970年间，林格伦任拉米和舍格伦出版公司的儿童部主编，开创了瑞典儿童文学的一个黄金时代。\n林格伦一生共为孩子们写了近90部文学作品，并被翻译成80多种语言在全世界广为发行。迄今为止，她的书摞起来与175个埃菲尔铁塔一样高，把它们排成行可以绕地球三周。由于林格伦在文坛中的杰出贡献，她获得了1958年的“安徒生金质奖章”和1971年的瑞典文学院“金质大奖章”。阿斯特里德·林格伦成功地用自己的文学作品，为全世界的孩子们留下了一个又一个永远不会长大的童年伙伴。\n瑞典首相约朗·佩尔松说：“长袜子皮皮这个人物形象在某种程度上把儿童和儿童文学从传统、迷信权威和道德主义中解放出来……皮皮变成了自由人类的象征。” 《长袜子皮皮》为我们展现了一个机灵、细致、勇敢、坚强、乐观的小女孩形象，充满了阳光与希望，读后能让人积极向上，励志图强……\n《长袜子皮皮》', '当当网:http://product.dangdang.com/product.aspx?product_id=23190572 亚马逊:http://www.amazon.cn/%E9%95%BF%E8%A2%9C%E5%AD%90%E7%9A%AE%E7%9A%AE-%E6%9E%97%E6%A0%BC%E4%BD%9C%E5%93%81%E9%80%89%E9%9B%86-%E9%98%BF%E6%96%AF%E7%89%B9%E4%B8%BD%E5%BE%B7%C2%B7%E6%9E%97%E6%A0%BC%E4%BC%A6/dp/B0030BO34K/ref=sr_1_1', '库存中', 'http://apis.juhe.cn/goodbook/img/53f6916b8b9b9cd0ab84e21f67e5dea3.jpg');
INSERT INTO `apple_book` VALUES ('159', 'SYNC-1554310530920', '男生贾里', null, null, '纸质', '中文', '儿童文学 小说 ', null, '2019-04-04 00:55:31', '1554310530920', '秦文君经典校园小说：《男生贾里》《男生贾里》是中国当代著名儿童文学作家秦文君的经典校园长篇小说。作品中描写了以男生贾里为主角的当代中学生丰富多彩、生动有趣的家庭、校园生活故事，反映了当代中学生的精神风貌。《男生贾里》文笔生动幽默，具有浓郁的学生生活气息和时代特色，受到了广大青少年的的欢迎和喜爱，曾获得中国作家协会全国优秀儿童文学奖。\n《男生贾里》的作者是中国作家协会全委会委员秦文君，她于1954年出生于上海，文革时期曾到黑龙江大兴安岭插队务农，改革开放后担任上海少儿出版社编辑，1881年开始文学创作，1984年从华东师范大学语言文学系毕业，现任上海少儿出版社和《中国儿童文学》的主编。秦文君以创作儿童小说著称，著有多部优秀作品，曾获得宋庆龄儿童文学优秀小说奖、冰心儿童图书奖、中国图书奖、安徒生文学奖提名奖等等，是当代最出色的儿童文学作家之一。\n《男生贾里》中的男生贾里，是一个普通却又不平常的人物。他喜欢搞恶作剧，很想成为校园里的“明星”，表现奇特搞怪，闹了不少笑话。当他不想出名时，却一夜间成了与歹徒搏斗的英雄，成为了校园里的“明星”，倍受女生的青睐。贾里聪明、热情、行侠仗义，常常做些让人刮目相看的事情。通过《男生贾里》一书，我们可以看到中学生丰富多彩的少年生活和他们有滋有味的成长历程。\n《男生贾里》故事情节引人，人物形象鲜明，语言细致幽默，温馨可爱，温暖夺目，吸引着广大的青少年读者。《男生贾里》曾获得中国作家协会全国优秀儿童文学奖、全国优秀少儿读物一等奖，并荣获“共和国五十年优秀长篇小说”称号，更被广大读者誉为“新时期少年儿童的心灵之作”。\n秦文君无疑是一个优秀并且成功的儿童文学作家，媒体评价秦文君的作品时说道：“在时光的最深处留住童年的倒影，于文安的镌刻中承诺永恒的陪伴。”《男生贾里》，这部当代儿童文学的优秀之作，秦文君经典的校园小说，请不要错过！\n《男生贾里》', '京东商城:http://book.jd.com/10792060.html 当当网:http://product.dangdang.com/product.aspx?product_id=20370861 亚马逊:http://www.amazon.cn/%E7%94%B7%E7%94%9F%E8%B4%BE%E9%87%8C%E5%85%A8%E4%BC%A0-%E7%A7%A6%E6%96%87%E5%90%9B/dp/B0011ARLXM/ref=sr_1_1', '库存中', 'http://apis.juhe.cn/goodbook/img/8e2617b91fd69a888da672cccf563a96.jpg');
INSERT INTO `apple_book` VALUES ('160', 'SYNC-1554310530932', '天蓝色的彼岸', null, null, '纸质', '中文', '儿童文学 ', null, '2019-04-04 00:55:31', '1554310530932', '21世纪最伟大的人性寓言：《天蓝色的彼岸》《天蓝色的彼岸》是英国著名作家艾利克斯·希尔创作的最出名的儿童文学作品，是一部关于生命和死亡的最深刻的寓言故事。《天蓝色的彼岸》讲述了小男孩哈里因车祸意外死去，灵魂即将飘向天蓝色的彼岸时，在幽灵阿瑟的帮助下回到了人间向亲人和朋友们告别的故事。小说感人肺腑、触人灵魂，让世界各地亿万读者为之模糊了双眼，被誉为“21世纪最伟大的人性寓言”。\n《天蓝色的彼岸》里的主人公哈里与姐姐吵架了。“我们走着瞧！我这次可算是恨上你了！我再也不会回来了！” 哈里如是说，转身就骑车去买笔了。谁也没有想到，他的气话竟然变成了现实。在路上，他意外地发生了车祸，离开了这个世界……哈里的灵魂在另一个世界里，等待着踏上去天蓝色的彼岸的征途。但是哈里非常思念自己的爸爸妈妈和姐姐，还有老师和同学们，他想与他们告别却无计可施，直到他遇见了幽灵阿瑟。阿瑟帮助哈里重新回到了人间，并教他如何与家人交流。哈里向家人表达了他深深的爱意和歉意，向他的老师和朋友们说了再见……在这一趟回程中，哈里发现了生命的真相，获得了成熟起来的心智。他对生活的留恋和珍惜，对感情的谅解及宽恕，对亲人的浓浓的爱，感动了无数的读者。\n《天蓝色的彼岸》的作者艾利克斯·希尔是英国著名作家，创作了很多与成年人和小孩有关的书籍，并且在剧本创作方面颇有成就。他最著名的代表作就是这部人性寓意《天蓝色的彼岸》。在这部文学作品中，希尔用清新、温暖、带点忧伤的笔调将故事娓娓道来，充满了纯净的童真气息和深刻的人生哲理。\n《天蓝色的彼岸》一书的封面是一个小不点站在地平线上，孤零零地一个人仰望着一片朦胧、幽蓝的“天蓝色的彼岸”。从看到这个封面的第一眼起，它就打动了我的心。全书基本以哈里的独白为主，那些天真的话语，却蕴含着丰富的人生哲理。“谁都不明白死后应该做点什么——就像人们不知道自己活着应该干点什么。” “你不存在了，但生活还在！” “我并不是一个坚强的人，但是我能在该坚强的时候坚强。你该明白，有些时候，你必须坚强。”……\n《天蓝色的彼岸》是一本适合九岁以上所有人阅读的经典好书。它教会我们学会珍惜生命，学会关爱他人，学会道歉、学会宽恕、学会感恩。它告诉我们：“决不要在你怨恨的时候让太阳下山。” 因为我们不知道何时会离开，如果带着怨恨死去，我们没有像童话中哈里那样的机会来向我们的亲人说声“对不起”和“我爱你”。所以，请不要在怨恨的时候让太阳下山……\n《天蓝色的彼岸》', '京东商城:http://book.jd.com/10046313.html 当当网:http://product.dangdang.com/product.aspx?product_id=8925289 亚马逊:http://www.amazon.cn/dp/B0011CPSJY', '库存中', 'http://apis.juhe.cn/goodbook/img/86b34e2f5bfcf10c6442a67dfa5d6691.jpg');
INSERT INTO `apple_book` VALUES ('161', 'SYNC-1554310530943', '幸福来临时', null, null, '纸质', '中文', '儿童文学 小说 ', null, '2019-04-04 00:55:31', '1554310530943', '《幸福来临时》——点亮爱的心灯，幸福如花瓣撒落幸福是什么？记得我在推荐《100个幸福的理由》这本心灵励志书时曾说过：幸福，是看到爷爷奶奶因为我的优异成绩而绽放的笑脸；幸福，是听到爸爸妈妈在电话里嘘寒问暖的唠唠叨叨；幸福，是加入弟弟妹妹们玩耍打闹的阵营，一起哈哈大笑……是的，幸福其实就这么简单。《幸福来临时》是德国著名作家、翻译家米亚姆·普莱斯勒的知名代表作，是一部温暖人心的成长小说，曾获得1995年的“德国青少年文学奖”。\n《幸福来临时》是一部优秀的儿童文学作品，讲述了一个生活在孤儿院里的十二三岁的小女孩哈玲卡的成长故事。哈玲卡是一个内心封闭、性格孤僻的女孩子。在孤儿院里，她一个朋友也没有。然而，一次偶然的打抱不平，使哈玲卡获得了尊重与友谊。自此以后，哈玲卡慢慢认识到美可以让生活更有意义。于是，她敞开了心扉，变成了一个珍惜生活，珍惜友谊，更珍惜来之不易的幸福的小女孩。\n哈玲卡是一个纯真的孩子，她聪明可爱，热爱生活，关心朋友。她把自己对生活的感悟全部写了下来，记在一个本子里。那些警句朴实无华，却蕴涵着生活的哲理和幸福的真谛，发人深省。“当幸福来临时，得给它端把椅子，赶紧抓住它。” 在《幸福来临时》，哈玲卡教我们如何在逆境中寻找幸福，体验幸福，并珍惜幸福。\n当《幸福来临时》，哈玲卡紧紧地抓住了它，并小心地呵护着它。她的幸福，是在没有灯的宿舍里，依靠着窗外的月光看书；她的幸福，是躺在朋友的膝盖上，把玩着朋友送的自制小娃娃；她的幸福，是去从未去过的公园游玩，吃着甜滋滋的冰激凌……\n幸福无处不在，即使是在最艰苦的时候。只要我们在心中点亮那一盏爱的心灯，只要我们心存期盼，无论周围环境多么黑暗，幸福都会如花瓣般片片撒落。当《幸福来临时》，请伸出你的双手，把它紧紧地抓住……\n《幸福来临时》', '京东商城:http://book.jd.com/10702736.html 当当网:http://product.dangdang.com/product.aspx?product_id=20297311 苏宁易购:http://www.suning.com/emall/prd_10052_22001_-7_786236_.html 亚马逊:http://www.amazon.cn/dp/B0016K4OLO/', '库存中', 'http://apis.juhe.cn/goodbook/img/1ceedfb13b76da353fa9127931e33ec1.jpg');
INSERT INTO `apple_book` VALUES ('162', 'SYNC-1554310530954', '布鲁克林有棵树', null, null, '纸质', '中文', '儿童文学 小说 成功励志 ', null, '2019-04-04 00:55:31', '1554310530954', '最佳青少年读物：《布鲁克林有棵树》《布鲁克林有棵树》是美国著名女作家贝蒂·史密斯的经典儿童文学作品，是一部关于生存、关于成长、关于尊严、关于梦想、关于奋斗、关于爱和信任的小说。这本“20世纪最佳青少年读物”，讲述了磨难如何让弱小的个体变得坚强，讲述了阅读如何让卑微的生命变得高贵，讲述了知识如何让人的命运与修为得以改变。这部与《小王子》、《夏洛的网》齐名，传阅了半个世纪的“世纪之书”，激起了无数人的斗志，温暖了无数人的心灵。\n《布鲁克林有棵树》的作者是贝蒂·史密斯，她于1896年出生在纽约布鲁克林的威廉斯堡，并在那里成长。她是德国移民的女儿，她的成长经历与《布鲁克林有棵树》一书中的主人公弗兰西很相似。贝蒂·史密斯早年靠自学奠定了文化知识基础，后来进入大学学习文学、新闻和戏剧。她是一名作家，还是一名剧作家，一生写过多部独幕剧和完整的长篇戏剧。贝蒂·史密斯最出名的文学代表作就是《布鲁克林有棵树》。这部成长经典作品曾被改编为电影、电视和音乐剧等多种形式，还曾获得过奥斯卡奖。贝蒂·史密斯于1972与世长辞，享年76岁。\n《布鲁克林有棵树》的主人公弗兰西是一个出身贫寒的小女孩。在经济危机笼罩下的20世纪的美国，纽约的布鲁克林却是一片宁静的乐土。然而，小女孩弗兰西却不得不过早地面对生活的艰辛，体味成长中的酸甜苦辣和百般无奈。因为家境贫寒和父亲的早逝，她和弟弟在学校饱受歧视。面对坎坷的人生，弗兰西也曾忧愁，但她却始终坚信知识能够改变命运的信念，始终保持着自己的人格尊严。弗兰西熟悉回收站里的每一种废品的价格，也知道如何买到完整的廉价发霉面包。然而她一心梦想成为一名作家，所以每到周末都会去图书馆，她想把那里所有的书从A到Z都看一遍。虽然命运如此不公，生活如此艰苦，弗兰西却像那棵在水泥地里也能茁壮成长的天堂树，坚毅不拔，奋力成长着……\n贝蒂·史密斯说：“活着，奋斗着，爱着我们的生活，爱着生活馈赠的一切悲欢，那就是，一种实现。生活的充实常在，人人皆可获得。” 《布鲁克林有棵树》是一本讲述如何让个体变得更坚强，更坚定，更睿智的书，一部成长与梦想之书。著名主播奥普拉·温弗瑞说：“在我成长过程中，让我最受感动的一本书就是《布鲁克林有棵树》了。” 《纽约时报》评价说：“如果错过了《布鲁克林有棵树》，你将失去一次重要的人生体验。”\n《布鲁克林有棵树》是享誉美国60年，至今畅销不衰的青少年成长励志经典文学作品，象征着青春与奋斗、追求与梦想，是一部激励人心、感动人心的温暖之作。亲爱的读者朋友们，你们知道吗？布鲁克林有棵树，是棵天堂树，而且是唯一一种能在水泥地里生长的树……\n《布鲁克林有棵树》', '京东商城:http://book.360buy.com/10030635.html 当当网:http://product.dangdang.com/main/product.aspx?product_id=20630373 亚马逊:http://www.amazon.cn/dp/B002G14GUG/ 苏宁易购:http://www.suning.com/emall/prd_10052_22001_-7_708820_.html', '库存中', 'http://apis.juhe.cn/goodbook/img/9ff66f41c22efad37b23f5a8656b2630.jpg');
INSERT INTO `apple_book` VALUES ('163', 'SYNC-1554310530971', '牧羊少年奇幻之旅', null, null, '纸质', '中文', '儿童文学 哲学 经典名著 ', null, '2019-04-04 00:55:31', '1554310530971', '当代文学经典：《牧羊少年奇幻之旅》“你让所有的乌云都退散，所有的花儿都绽放。所有迷失了路的羔羊都能找得到家，都能够找到心的方向、心的天堂……” 《牧羊少年奇幻之旅》是巴西著名作家保罗·柯艾略的经典文学作品。书中讲述了一个牧羊少年寻找宝藏的艰险历程。《牧羊少年奇幻之旅》以68种语言的版本创造新的吉尼斯世界纪录，畅销于160多个国家，是唯一一部全球销量超过3500万册的当代文学经典，并荣获了33项国际大奖，享誉世界，深受世界各地人们的喜爱。\n《牧羊少年奇幻之旅》是当代少有的一部世界性的伟大作品。小说中的主人公圣地亚哥是一名牧羊少年，他连续两次做了同样的一个梦，梦中的埃及金字塔附近藏有一批巨大的宝藏。于是，圣地亚哥在撒冷之王的指引下，卖掉了他的羊群，踏上了寻找宝藏的艰险旅程。他一路向南，跨过波涛汹涌的海洋，穿越“死亡之海”撒哈拉沙漠，历经艰险，一路上披荆斩棘，勇敢向前，奇遇不断。最后在一位炼金术士的指引下，圣地亚哥克服身心上的种种困难，终于到达金字塔前，并悟出了宝藏的真正所在……\n《牧羊少年奇幻之旅》以独特的视角和清新的文字，将哲学沉思、宗教奇迹、童话寓言熔为一体，感动了天下无数的人。这部伟大著作，让作者保罗·柯艾略闻名世界，成为“唯一能够与马尔克斯比肩，拥有最多读者的拉美作家”。保罗·柯艾略于1947年出生在巴西里约热内卢，年轻时的他因为性情叛逆而被送进精神病院三次，也因反对政治独裁而进过监狱。即便如此，也掩盖不了保罗·柯艾略博大悲悯的心胸和无限的才华。从《朝圣》开始，他的18部作品陆续被翻译成71种语言畅销全球，影响巨大，获奖无数，2007年被联合国任命为和平大使。\n《牧羊少年奇幻之旅》是当今世界年轻读者的最佳小说，是几十年一遇，能够彻底改变一个人一生的经典名著。中国著名儿童文学作家曹文轩教授说：“财富不在远方，财富就在我们脚下，但我们却需要通过九死一生的寻找，才会有所悟。” 《牧羊少年奇幻之旅》将深刻的哲学理念与童话寓言相结合，深入浅出，使无数读者懂得了做人的真谛，获益匪浅。\n美国总统克林顿说：“我女儿切尔西向我极力推荐这本书，我非常喜欢它，我会把它推荐给希拉里。” 《牧羊少年奇幻之旅》是一个“足以改变读者心灵一生”的寓言，一个发人深省、纯美动人的童话，让我们跟着牧羊少年的脚步，去寻找属于我们的真正的宝藏吧！\n《牧羊少年奇幻之旅》', '京东商城:http://book.360buy.com/10029106.html 当当网:http://product.dangdang.com/main/product.aspx?product_id=20508975 亚马逊:http://www.amazon.cn/dp/B00200LO6C 苏宁易购:http://www.suning.com/emall/prd_10052_22001_-7_941955_.html', '库存中', 'http://apis.juhe.cn/goodbook/img/a066c23cec5c001bca8d60aee6786a09.jpg');
INSERT INTO `apple_book` VALUES ('164', 'SYNC-1554310530983', '彼得·潘', null, null, '纸质', '中文', '儿童文学 外国文学 小说 ', null, '2019-04-04 00:55:31', '1554310530983', '一个永远长不大的小飞侠：《彼得·潘》《彼得·潘》是英国著名剧作家、小说家詹姆斯·巴里的经典代表作，影响巨大，是世界孩子们和已经成年的曾经的孩子们心中永远的童话。《彼得·潘》原是一部童话剧，曾在1904年伦敦首演时引发了万人空巷的轰动。一百多年以来，《彼得·潘》仍在各大舞台、各大出版书籍中频频出现，吸引了一代又一代的读者，经久不衰，是一部名副其实的经典儿童文学作品。\n《彼得·潘》的作者詹姆斯·巴里爵士于1860年出生在苏格兰农村的一个织布工人家庭里。他从小钟情于读书和写作，1882年毕业于爱丁堡大学后，曾从事新闻工作，后开始剧本和小说的创作，曾任圣安德鲁斯大学校长、爱丁堡大学名誉校长和英国作家协会主席。·巴里爵士是属于“菜园派”的小说家，特别擅长以幽默和温情的笔调描述苏格兰农村的风土人情。他一生创作了许多童话故事和童话剧，其中《彼得·潘》最为著名，影响最为深远。\n《彼得·潘》中的彼得·潘是一个不愿长大也永远长不大的小飞侠，他一出生就逃离了家，飞到了一个叫“永无岛”的海岛上，成为了一群弃儿的孩子王。在一个夏夜里，他飞到了伦敦，诱使小女孩温迪带着两个小弟弟跟他飞回了永无岛，从此他们一起过上了童话般奇妙的生活。他们一起冒险、一起嬉戏，惊险又刺激，幸福又欢乐……\n《彼得·潘》是一个家喻户晓的童话，一个充满诗意、充满童真的可爱故事，伴随了全世界一代又一代孩子的成长。《彼得·潘》不仅吸引了无数的少年儿童，也让已经成年的大人们喜欢不已。书里深藏着我们久已淡忘的童稚世界，即使我们已经失去了飞翔的翅膀，也可以在《彼得·潘》一书中找回我们无忧无虑的童年。\n一个永远长不大的小孩是不可能存在于现实中，但是我们却可以做到永保一颗纯真的童心。用孩子的眼光看待这个复杂的世界，一切都变得简单起来。《彼得·潘》，一个永远长不大的小飞侠，永远生活在我们的内心世界里。', '京东:http://book.360buy.com/10791735.html 当当:http://product.dangdang.com/product.aspx?product_id=1900273620 亚马逊:http://www.amazon.cn/mn/detailApp/ref=asc_df_B005DDCQW4534796/?asin=B005DDCQW4', '库存中', 'http://apis.juhe.cn/goodbook/img/0fddd548ad39642982582a34f6a9a5ad.jpg');
INSERT INTO `apple_book` VALUES ('165', 'SYNC-1554310531029', '青鸟', null, null, '纸质', '中文', '儿童文学 ', null, '2019-04-04 00:55:31', '1554310531029', '梅特林克童话小说：《青鸟》“青鸟啊往前飞，从人间到天边，歌颂爱和永远，我也从不留恋，只放你在心间……” 青鸟，是一种体态优美的青蓝色小鸟，神话传说为浑身通白，散发蓝光，可幻化成人的神鸟。唐代诗人李商隐有诗曰：“蓬山此去无多路，青鸟殷勤为探看。” 青鸟，代表着快乐，象征着幸福，还象征着对梦想与希望的追求，被誉为幸福使者。\n《青鸟》是比利时剧作家梅特林克最著名的代表作，是至今仍可以在舞台上看到的六幕梦幻剧，后改编成适合小读者阅读的童话小说。梅特林克是20世纪初著名的象征派戏剧的代表作家，同时是比利时最伟大的剧作家、诗人和散文家，被誉为“比利时的莎士比亚”。他于1862年出生在比利时根特市的一个公证人家庭里，从小就对文学很感兴趣，但其父亲希望他当一名律师，于是梅特林克早年学习法律，1889年才开始剧本创作。1909年梅特林克发表了梦幻剧《青鸟》，被公认为他戏剧的巅峰之作，因此获得了1911年的诺贝尔文学奖。1949年，梅特林克在法国的尼斯因病去世，享年87岁。\n《青鸟》讲述了樵夫的儿子蒂蒂尔和女儿米蒂尔在梦中寻找青鸟的故事。在圣诞前夜，两个小主人公梦见了仙女要他们替自己生病的孙女寻找青鸟，于是蒂蒂尔和米蒂尔一起踏上了寻找青鸟的旅途。他们去了仙宫找仙女，去了夜宫找死神，去了森林找精灵，去了墓地，去了幸福乐园，还去了未来王国，他们历经艰险，一路披荆斩棘，勇敢地迎接挑战，但还是没有找到青鸟。梦醒后，蒂蒂尔发现自己笼中的鸟是蓝色的，他把青鸟给了贝尔兰戈太太生病的孙女，她的病就奇迹般的好了。不过，她最后失手让青鸟给飞走了……\n青鸟在故事中象征着幸福，蒂蒂尔和米蒂尔寻找青鸟，其实就是踏上了寻找幸福的旅程。最终才发现其实青鸟就在自己手里，说明幸福其实就在身边。故事的最后，贝尔兰戈太太的孙女让青鸟飞走了，这又告诉了人们，幸福应该要靠自己去争取和发现的。\n《青鸟》通过一个简单却深刻的童话故事，告诉人们幸福幸福就在身边的真谛。幸福，在明媚的阳光里， 在清新的空气里，在流转的时间里，无处不在，只是人们没有发现而已。《青鸟》让我们发现，原来生命的本身就是幸福的， 幸福一直就在我们的身边。\n“世界从不缺少美，只是缺少发现美的眼睛。” 同样的，世界也从不缺少幸福，只是缺少发现幸福的眼睛。朋友们，就让我们在《青鸟》的带领下，去寻找、去发现、去珍惜我们身边的青鸟吧！\n《青鸟》', '京东商城:http://book.360buy.com/10791742.html 亚马逊:http://www.amazon.cn/%E6%9C%80%E8%83%BD%E6%89%93%E5%8A%A8%E5%AD%A9%E5%AD%90%E5%BF%83%E7%81%B5%E7%9A%84%E4%B8%96%E7%95%8C%E7%BB%8F%E5%85%B8%E7%AB%A5%E8%AF%9D-%E9%9D%92%E9%B8%9F-%E8%8E%AB%E9%87%8C%E6%96%AF%C2%B7%E6%A2%85%E7%89%B9%E6%9E%97%E5%85%8B/dp/B003TNKBIG/ref=sr_1_1 当当网:http://product.dangdang.com/main/product.aspx?product_id=20044908 苏宁易购:http://www.suning.com/emall/prd_10052_22001_-7_460513_.html', '库存中', 'http://apis.juhe.cn/goodbook/img/08953c7f6581d02bd12a5b31651bcd26.jpg');
INSERT INTO `apple_book` VALUES ('166', 'SYNC-1554310531047', '卡尔·威特的教育', null, null, '纸质', '中文', '儿童文学 心理学 教育 ', null, '2019-04-04 00:55:31', '1554310531047', '畅销全球的教育经典：《卡尔·威特的教育》《卡尔·威特的教育》是19世纪德国的著名天才卡尔·威特的父亲老卡尔·威特著作的一部教育史上的奇书。书中详细记述了小卡尔从有些痴呆的婴儿到14岁获得哲学博士学位之间的成长过程，记载了老卡尔的教子心得和独辟蹊径的教育方法。本作品写于1818年，至今已跨越了三个世纪，大概是世界上论述早期教育的最早文献，是一部畅销全球的教育经典。\n卡尔·威特（Karl Witte）于1800年7月出生在德国哈勒洛赫小村。婴儿时期，他是一个低智儿，但在他父亲的教育下，卡尔·威特八九岁时就熟练掌握了德语、法语、意大利语、拉丁语、英语和希腊语等六国语言，除此之外，他还特别擅长数学，并通晓动物学、植物学、物理学和化学。9岁时，卡尔·威特就考入莱比锡大学，10岁时又进入哥廷根大学。13岁，卡尔发表了著作《三角术》；14岁，卡尔获得了哲学博士学位；16岁，卡尔又获得了法学博士学位，并成为了柏林大学最年轻的法学教授。卡尔·威特一生都在著名大学中教学，获得了世人滔滔不绝的称赞。\n在人们眼里，卡尔·威特是一个真正的天才。其实不然，卡尔·威特之所以拥有这份人人称羡的惊人成就，不是因为他的天赋高人一等，而是因为他的父亲老卡尔·威特的独特教育。老卡尔·威特用事实告诉大家，其实每个孩子都具备成为天才的潜力。只要教育得当，你的孩子也可以成为一个快乐健康的小天才……\n《卡尔·威特的教育》是一部神奇且伟大的教育之书。它培养了像塞德兹、威纳·巴尔及维尼夫雷特等无数世界级的通过早期教育成长的天才典范。一直以来，它都倍受各界教育专家的充分赞誉，是一部畅销全球、享誉世界的教育经典，并深受天下广大父母亲的欢迎。\n父母是孩子的第一任老师，“子不教，父之过”，孩子有多大的能耐跟家长有多大的本事是息息相关的。《卡尔·威特的教育》一书告诉我们，老卡尔的能力、精力投入和独辟蹊径的教育方法是小卡尔成长的关键所在。《卡尔·威特的教育》，它理应为大家所知！', '京东:http://book.360buy.com/10113384.html 当当:http://product.dangdang.com/product.aspx?product_id=1900076220 亚马逊:http://www.amazon.cn/mn/detailApp/ref=asc_df_B0030EH0T2541514/?asin=B0030EH0T2', '库存中', 'http://apis.juhe.cn/goodbook/img/76dfcc84bfde6703bd255721bd6b9911.jpg');
INSERT INTO `apple_book` VALUES ('167', 'SYNC-1554310531061', '战马', null, null, '纸质', '中文', '儿童文学 ', null, '2019-04-04 00:55:31', '1554310531061', '英国儿童文学经典作品：《战马》《战马》是英国挂冠作家麦克·莫波格的著名儿童文学作品。也许大家并不熟悉麦克·莫波格这个名字，但是喜欢儿童文学作品的读者们一定知道《柑橘与柠檬啊》这本英国儿童文学不朽的经典之作。麦克·莫波格就是儿童文学巨著《柑橘与柠檬啊》的作者。而《战马》，同样是出自于莫波格之手的经典文学作品。《战马》描写了一战期间一个男孩与一匹马之间的传奇友谊。小说感人肺腑，深受广大读者的喜爱。以《战马》为原著改编而成的同名电影《战马》获得了6项奥斯卡题名大奖，享誉世界。\n《战马》作者麦克·莫波格（Michael Morpurgo）是英国最受欢迎的儿童文学作家之一。他于1943年出生在英国的赫特福德郡，曾在伦敦大学学习英语和法语，毕业后曾任小学教师，30岁开始从事文学创作并发表了第一部文学作品。到目前为止，麦克·莫波格已经发表了一百多部优秀的儿童文学作品，且获奖无数。《战马》于1982年初版，曾获得当年的惠特布莱德奖亚军，且多次被改编为舞台剧、广播剧等艺术形式，风靡了整个英国乃至全世界。\n《战马》以第一次世界大战为背景，讲述了小马乔伊和它的小主人阿尔伯特之间深厚的感情。乔伊原本是一只农场马，一战爆发后，乔伊成了一匹运输军火物资的战马，在战场上颠肺流离。战火纷飞，乔伊幸运地躲过了重重困难，最终却还是落入了敌军之手。阿尔伯特为寻找乔伊险些付出了生命，功夫不负有心人，阿尔伯特最终找回了乔伊，踏上了回家的征途……\n小说以乔伊为第一人称，将它与小主人阿尔伯特之间关于勇气、忠诚、和平与爱的传奇故事娓娓道来，充分展现了战争的残酷与人性的美好。作者莫波格将人间最美好的品格赋予给战马乔伊。它对亲人赤诚忠烈，为救落难的伙伴而甘愿牺牲，对所有遇到的好人以温暖欢乐相报答……乔伊的种种美好品行触人心弦，感人至深。《战马》温馨感人，青春励志，无疑是一部优秀的文学作品。\n《泰晤士报》 评论说：“《战马》是一部绝对不能错过的感人作品……它让我们重新感受到活着的幸福。” 是的，《战马》 一书不仅揭示了战争的罪恶，更颂扬了勇敢、忠诚、爱与信任等人性的光辉，作品充满了浓浓的诗意与温情，直接触动读者们的心灵。英国儿童文学经典作品——《战马》，我们不能错过！', '京东:http://book.360buy.com/11039105.html 亚马逊:http://www.amazon.cn/mn/detailApp/ref=asc_df_B008QJIZOU443048/?asin=B008QJIZOU 当当:http://product.dangdang.com/main/product.aspx?product_id=22819309', '库存中', 'http://apis.juhe.cn/goodbook/img/95e5a826b5c86cf89db35472b9333f0f.jpg');
INSERT INTO `apple_book` VALUES ('168', 'SYNC-1554310531073', '风之王', null, null, '纸质', '中文', '儿童文学 小说 ', null, '2019-04-04 00:55:31', '1554310531073', '纽伯瑞儿童文学金奖作品：《风之王》《风之王》是美国杰出儿童文学作家玛格莉特·亨利的著名代表作，讲述了一个发生在两百多年前的关于爱与责任、忠诚与坚守的传奇故事，描写了一匹马坚持奋斗成为马王的感人历程。《风之王》于20世纪40年代出版，是一部优秀的成长小说，给世界无数读者带来了震撼和力量，荣获了国际儿童文学奖的最高荣誉——1949年的纽伯瑞儿童文学奖金奖。\n《风之王》的主人公是一匹叫做“闪”的阿拉伯骏马和一个哑巴男孩阿格巴。迅疾如风的“闪”原本是摩洛哥王国皇家马厩的宠儿，一个意外的机遇让它去到了法国，然后又辗转到英国。由于命运的捉弄，原本具有高贵血统的“闪”被埋没在嘈杂的市井之中……而哑巴男孩阿格巴在“闪”出生时就许下承诺要照顾它，助它成为“风之王”。阿格巴和“闪”亲如父子，不离不弃，一起抗争、一起奋斗，一人一马终于迎来辉煌的时刻——“闪”终于成为英国有史以来最优秀的赛马品种，成为了“风之王”。\n《风之王》是一部震撼人心的小说，一部感人肺腑的文学作品。在作者玛格莉特·亨利优美的笔下，马儿“闪”和哑巴男孩阿格巴的形象生动，栩栩如生。作者玛格莉特·亨利成长于美国威斯康星州的密尔瓦基市，是家中最小的女儿。她六岁时就疯狂地爱上了马，这份热爱也在她的文学创作中得以体现。\n作家徐坤说：“证明自己，无论以什么样的方式。即使是命运不公，也要抗争！” 这就是《风之王》告诉我们的道理。《风之王》还告诉我们，要想展现自己的才华，必先学会忠诚与坚守，学会爱，学会承担责任。\n国际大奖作品《风之王》，震撼人心、激励人心的《风之王》，感人至深的《风之王》，玛格莉特·亨利笔下那只坚强可爱的马儿“闪”，值得我们铭记一生！', '京东:http://book.360buy.com/10424058.html 当当:http://product.dangdang.com/main/product.aspx?product_id=20163619 亚马逊:http://www.amazon.cn/%E5%9B%BD%E9%99%85%E5%A4%A7%E5%A5%96%E5%B0%8F%E8%AF%B4%E2%80%A2%E5%8D%87%E7%BA%A7%E7%89%88-%E9%A3%8E%E4%B9%8B%E7%8E%8B-%E7%8E%9B%E6%A0%BC%E8%8E%89%E7%89%B9%C2%B7%E4%BA%A8%E5%88%A9/dp/B004QKIN7M/ref=sr_1_1?ie=UTF8&amp;qid=1360546188&amp;sr=8-1', '库存中', 'http://apis.juhe.cn/goodbook/img/8478548bc825a1fe6ecd0352dffb5b3c.jpg');
INSERT INTO `apple_book` VALUES ('169', 'SYNC-1554310531084', '猜猜我有多爱你', null, null, '纸质', '中文', '儿童文学 ', null, '2019-04-04 00:55:31', '1554310531084', '《猜猜我有多爱你》？《猜猜我有多爱你》，一看到这个名字，就有一股喜悦的幸福感洋溢在我心头。《猜猜我有多爱你》是著名童书作家山姆·麦克布雷尼创作的世界经典图画书。书中描述了一只像孩子一样的小兔子和一只像爸爸一样的大兔子，他们互相比较谁爱谁多一点的故事。这是一本充满着爱意和童趣、洋溢着幸福和快乐的童书，曾获得美国图书馆协会年度最佳童书和美国《出版者周刊》年度最佳图书的荣誉称号。\n《猜猜我有多爱你》的作者是山姆·麦克布雷尼（Sam McBratney），于1945年出生于爱尔兰的贝尔法斯特，毕业于著名学府都柏林主日学院并留校做了教师。在为患有阅读障碍的学生创作故事的时候，他喜爱上了故事里丰富的想象力，开始了文学创作并陆续创作了数十本童书。其中《猜猜我有多爱你》是山姆最著名的代表作，畅销全球，受到世界各地小孩和大人的喜爱。《猜猜我有多爱你》的绘图者是英国绘画家安妮塔·婕朗（Anita Jeram），毕业于曼彻斯特工艺专科学校美术系。\n《猜猜我有多爱你》一书中的小兔子在睡觉前天真无暇地对大兔子说：“猜猜我有多爱你？” 小兔子把手臂张开得不能再开了，它说：“这么多。” 但是，大兔子也把手臂张开，说：“我爱你有这么多。”很显然，大兔子的手臂要比小兔子长。于是，小兔子不服了，它竭尽全力用各种身体动作和看得见的景物来描述自己对大兔子的爱意，直到累倒在大兔子怀里睡着了。\n“当你很爱、很爱一个人的时候，也许，你会想把这种感觉描述出来。可是，就像小兔子和大兔子发现的那样；爱，实在不是一件容易衡量的东西。” 不难看出，小兔子对大兔子爱得很深，有依赖，有敬佩；而大兔子对小兔子爱得更深，那是一种深沉且伟大的爱。\n这是一本令人心头一暖的小书，不仅仅是给小朋友看的，对于长大后的我们，同样可以在童书里找到生活中百思不得其解的问题的答案和简单纯真的快乐。《猜猜我有多爱你》一书里只有寥寥的几句话，没有多余的辞藻，却写出了有些人已经忘却了的美好素质与珍贵的情感，真诚，温暖，有力且感人。\n《猜猜我有多爱你》是一本适合0至99岁的读者阅读的童书。满满的爱意写在书中，画在图中，却也荡漾在我们的心田。愿世界充满爱，亲爱的读者朋友们，就让我们在父母、伴侣、子女、密友的耳边轻轻的说一声“猜猜我有多爱你”吧……\n《猜猜我有多爱你》', '京东商城:http://book.360buy.com/10014268.html 当当网:http://product.dangdang.com/main/product.aspx?product_id=20430024 亚马逊:http://www.amazon.cn/dp/B001O2HFL0/ 苏宁易购:http://www.suning.com/emall/prd_10052_22001_-7_808561_.html', '库存中', 'http://apis.juhe.cn/goodbook/img/b4698f168dd54557a5882774efc3151c.jpg');
INSERT INTO `apple_book` VALUES ('170', 'SYNC-1554310531318', '夏洛的网', null, null, '纸质', '中文', '儿童文学 外国文学 经典名著 ', null, '2019-04-04 00:55:31', '1554310531318', '美国十佳儿童文学名著之首：《夏洛的网》《夏洛的网》是美国当代著名儿童文学家E·B·怀特的经典文学作品，是一部傲居“美国最伟大的十部儿童文学名著”首位的童话，一部可以与《小王子》相媲美的世界名著。这部经典儿童文学作品与生命有关、与友情有关，更与爱与忠诚有关。《夏洛的网》描写了一个蜘蛛和小猪的友爱故事，其中蕴含着深厚的哲理，是一本写给孩子，也写给大人的童话故事书。\n《夏洛的网》的作者E·B·怀特（E.B.White）是美国当代著名的散文家、评论家和儿童文学家，以散文名世。E·B·怀特全名埃尔文·布鲁克斯·怀特，于1899年7月11日出生在美国纽约蒙特弗农，1921年毕业于康奈尔大学，之后在《纽约客》杂志社担任编辑工作，创作了大量的散文和诗歌。1939年，E·B·怀特搬到缅因州的一个农场里，开始了自由创作之路。E·B·怀特的文章“文风冷峻清丽，辛辣幽默，自成一格”。除了大量的散文、诗歌和杂文外，他还创作了三部儿童文学作品，分别是《精灵鼠小弟》、《夏洛的网》和《吹小号的天鹅》，深受大小读者的喜爱。E·B·怀特对这个世界充满关爱，著作等身，获得多项荣誉，于1985年10月1日离开了这个世界。\n《夏洛的网》是E·B·怀特最出名、最受欢迎的童话。夏洛是一只蜘蛛，和她的好朋友小猪威尔伯一起快乐地生活在朱克曼家的谷仓里。夏洛和威尔伯之间建立了真挚而深厚的友谊。但是，一个坏消息打破了他们平静快乐的生活：等到圣诞节时，威尔伯将被做成火腿。小猪威尔伯悲痛欲绝，却不得不接受这任人宰割的命运。然而渺小的蜘蛛夏洛却对小猪说：“我救你。” 夏洛竭尽全力地在猪栏上织出赞美威尔伯的网上文字，这些文字被人类视为奇迹，也彻底改变了小猪的命运。但是，蜘蛛夏洛却为此付出了生命……小猪威尔伯非常感激夏洛为他付出的一切，小心翼翼地照料着夏洛留下的囊袋，全心全意地关心着未出世的小夏洛们……\n《夏洛的网》叙述了一个生动感人的故事，故事情节非常有趣，且充满悬念。散文大师E·B·怀特用幽默的文笔，借夏洛之身深入浅出地织出了一张爱的大网，激起读者心中无尽的爱与温情。\n蜘蛛夏洛对小猪威尔伯说：“你一直是我的朋友，这件事本身就是一件了不起的事。我为你结网，因为我喜欢你。再说，生命到底是什么啊？我们出生，我们活上一阵子，我们死去。一只蜘蛛，一生只忙着捕捉和吃苍蝇是毫无意义的，通过帮助你，也许可以提升一点我生命的价值。谁都知道人活着该做一点有意义的事。” 通过这个感人的童话故事，E·B·怀特告诉我们一个看似简单却寓意深刻的哲理，这个哲理关于友情、关于生死、更关于爱。\n《夏洛的网》是一张充满爱的网，希望能够网住你，网住我，网住这世界上的每一个人……\n《夏洛的网》', '京东商城:http://book.360buy.com/10938056.html 当当网:http://product.dangdang.com/main/product.aspx?product_id=20671920 亚马逊:http://www.amazon.cn/E%E2%80%A2B%E2%80%A2%E6%80%80%E7%89%B9%E7%AB%A5%E8%AF%9D-%E5%A4%8F%E6%B4%9B%E7%9A%84%E7%BD%91-E%E2%80%A2B%E2%80%A2%E6%80%80%E7%89%B9/dp/B007IQL7DI 苏宁易购:http://www.suning.com/emall/prd_10052_22001_-7_842370_.html', '库存中', 'http://apis.juhe.cn/goodbook/img/645658b40d5f5c2ebda7473df2fccc81.jpg');
INSERT INTO `apple_book` VALUES ('171', 'SYNC-1554310531339', '小王子', null, null, '纸质', '中文', '儿童文学 外国文学 经典名著 ', null, '2019-04-04 00:55:31', '1554310531339', '温馨美丽的经典童话：《小王子》《小王子》是法国著名作家安东尼·德·圣埃克苏佩里于1942年创作的儿童文学短篇小说，是一部充满诗意而又温馨美丽的经典童话。小王子是一个超凡脱俗的仙童，作品通过小王子所经历的各种历险故事，以天真孩子的眼光揭示了成人世界的空虚、盲目和愚妄，表达了作者对金钱关系的批判和对真善美的讴歌。《小王子》出版以来被翻译成100多种语言，全球销量仅次于《圣经》，是法国乃至世界上最著名的一部童话小说，深受世界人们的喜爱。\n天真纯洁的小王子原本住在一个小行星上，陪伴着他喜爱的小玫瑰花。有一天，小王子认为玫瑰花很虚荣，于是他离开了她，踏上了遨游太空的旅途。小王子先后访问了六个行星，在每个行星上的他都看到了让他忧伤的事情，他觉得大人们荒唐可笑、太不正常。后来在地理学家的指点下，孤单忧伤的小王子来到人类居住的地球。但是地球上的人也不能让他感到快乐，他觉得人类太缺乏想象力了，于是他越发地思念他的小玫瑰花。后来，小王子遇到了一只小狐狸，并与它成为亲密的朋友。小狐狸把它的秘密——“肉眼看不见事务的本质，只有用心灵才能洞察一切”送给了小王子。小王子用这个秘密成功地与一个遇险的飞行员在撒哈拉沙漠找到了生命之泉，最终回到了他的小星球，回到了小玫瑰花的身边……\n在《小王子》一书中，作家安东尼用浅显天真的语言写出了人类的空虚、孤独与寂寞，抒发了自己对真善美的追求。安东尼·德·圣埃克苏佩里于1900年6月29日出生在法国里昂，他是一名空军飞行员，又是一名作家。安东尼喜欢冒险和自由，将生命都奉献给了法国航空事业，同时，他也钟情于探索灵魂深处寂寞的文学创作。1944年，安东尼·德·圣埃克苏佩里在一次飞行任务中失踪，他飞上了湛蓝的天空，从此再也没有回来……\n《小王子》以飞行员为叙述者，凭借小王子的游历故事暗讽了成人世界的荒唐和虚伪，用凝练的语言写出了作者对人类及人类文明深邃的思索，写出作者对于爱，对于人生的深刻体会与感悟，让人读后回味无穷。《小王子》表现出来的讽刺与幻想，真情与哲理，使之闻名于世，触动了亿万读者的心灵。\n小王子说：“夜里，你要抬头仰望满天的星星，我那颗实在太小了，我都没发指给你看它在哪儿。这样倒也好，我的星星，对你来说就是满天星星中的一颗。所以，你会爱这满天的星星……所有的星星都会是你的朋友。” 这温柔、童真、却充满哲理的话语，究竟拨动了多少人的心弦呢？答案是不可计数的……\n作者安东尼说：“这本书是献给长成了大人的从前那个孩子。” 会是你吗？\n《小王子》', '当当网:http://product.dangdang.com/main/product.aspx?product_id=20868701 京东商城:http://book.360buy.com/10001720.html 亚马逊:http://www.amazon.cn/dp/B00132BQ34/', '库存中', 'http://apis.juhe.cn/goodbook/img/2ef62c4acb9e8fb28e14cca1b8709280.jpg');
INSERT INTO `apple_book` VALUES ('172', 'SYNC-1554310531353', '爸爸的木朵', null, null, '纸质', '中文', '儿童文学 ', null, '2019-04-04 00:55:31', '1554310531353', '最有爱的亲情绘本：《爸爸的木朵》“总是向你索取，却不曾说谢谢你。直到长大以后，才懂得你不容易……谢谢你做的一切，双手撑起我们的家，总是竭尽所有，把最好的给我……” 这首歌出自筷子兄弟的《父亲》，唱的是对父亲的感激和爱；“木朵，在你梦幻的旅程中，上一次回眸，你留在了我身边，我笑了；可再一次的回眸，会有个人把你带走，我一定会哭。” 这句话出自速写本子的《爸爸的木朵》，画的却是爸爸对女儿浓浓的爱意……\n“我有一个女儿，我一定好好爱她。” 这不是煽情，这只是一个父亲的心情。《爸爸的木朵》是高级室内建筑师速写本子用画笔一笔一划地记录着女儿木朵成长历程的绘本。作者速写本子用速写画的方式把女儿木朵生活中的点点滴滴表现出来，画出了木朵的可爱、木朵的调皮、木朵的求知欲和木朵生活中的小故事，赋予了绘画之后的人生感悟，温馨地表达了一位父亲对女儿含蓄、内敛却浓厚的爱。\n有人说，天底下没有最好的爸爸，只有最疼爱女儿的父亲！父爱不仅是一种态度，也是一种力量。《爸爸的木朵》画风温馨可爱，很萌很有爱，透着温暖人心的力量。那温暖的画面和简单的语言，都表达着缱绻的父爱，诠释着人们内心永不停止的温暖和美好的童年。\n在母亲节那天，木朵爸爸在速写画旁边写的是：“长大后我就成了你，才知道这个称呼解释了什么叫牵挂，什么叫给了生命也给了家。妈妈们，快乐，健康！母亲是个世界上最伟大的职业，如果可能，给你的妈妈一个深情的拥抱吧。每个妈妈都是美丽的，无论她仍旧年轻还是已然苍老。” 而在《初雪》那篇，木朵爸爸写的是：“冬天里的第一次，纷纷扬扬的都是惊喜。你终于可以在雪地里跑来跑去，咯吱咯吱，脚下的雪变矮了，手里的雪化没了，堆起的雪会笑了。记得爸爸第一次见到你的时候，也是这个样子，欣喜，却安静得出奇。”……\n木朵爸爸用他的一支画笔描绘着女儿木朵点滴的成长，有这样一个爸爸无疑是每个女儿最大的幸福。简单的漫画，寻常的生活，每一笔都是父亲对于女儿的浓浓爱意，每一个文字都是心手相连的幸福。看着这可爱的绘画，读着这温馨的语句，让我想起了我的父亲。虽然我的父亲没有木朵爸爸的巧手，不能把我的成长都画出来，但是他对我的爱意却一点也不会少……我相信，每一个女儿都有一位爱着她的木朵爸爸，而每一位父亲也都有一位可爱的木朵……\n翻开《爸爸的木朵》，让我们一起感受浓浓的亲情和平凡的幸福吧！\n《爸爸的木朵》', '京东商城:http://item.jd.com/10937936.html 当当网:http://product.dangdang.com/22618537.html 亚马逊:http://www.amazon.cn/%E7%88%B8%E7%88%B8%E7%9A%84%E6%9C%A8%E6%9C%B5-%E9%80%9F%E5%86%99%E6%9C%AC%E5%AD%90/dp/B007FKHGC8/ref=sr_1_1', '库存中', 'http://apis.juhe.cn/goodbook/img/61dea1b0b3e635c6ff30e56920560619.jpg');
INSERT INTO `apple_book` VALUES ('173', 'SYNC-1554310531363', '我亲爱的甜橙树', null, null, '纸质', '中文', '儿童文学 外国文学 经典名著 ', null, '2019-04-04 00:55:31', '1554310531363', '《我亲爱的甜橙树》：关于生命、关于贫穷、关于成长、关于爱和温柔我亲爱的读者们，你是否有这样的经历，不想和现实中的人说话，只想和植物、动物或者公仔交谈，在幻想的世界里，他们安安静静地听我们倾诉，一心一意地为我们排忧解难。我亲爱的甜橙树就是他们中的一员。《我亲爱的甜橙树》是五岁小男孩泽泽“驯养”的密友，是泽泽倾诉烦恼和分享快乐的好对象。它给我们带来了一个构思了42年却仅用12天就写成的故事，一个曾让数亿读者感动落泪的故事，一个关于生命、关于贫穷、关于成长、关于爱和温柔的感伤而温暖的故事。\n《我亲爱的甜橙树》的主人公是一个天生敏感、聪明而早熟的五岁男孩子泽泽，他喜欢唱歌，喜欢美国西部电影，喜欢幻想。他在圣诞节出生，但他却认为圣诞节没有给他带来圣婴，而是带来了魔鬼。因为他们家里很穷，爸爸失业了，妈妈和姐姐去工厂打工，所以人都为生活而劳碌奔波，他感觉没有人爱他，关注他。圣诞节来临，他没有生日礼物，没有圣诞礼物，连像样的食物也没有。所以他经常搞点恶作剧，却换来家人的打骂。于是他走入了幻想中的世界，他把后院分成三个冒险的乐园，也“驯养”了一棵“会说话的甜橙树”。他经常和甜橙树聊天，排遣生活中的不如意和委屈。虽然在大人眼里，泽泽不是个乖孩子，但他却很有爱心和同情心，他温柔耐心得照顾他的小弟弟，还和其他穷孩子分享点心。甜橙树一直陪伴着泽泽，是他最亲爱的密友。后来，老葡出现了，泽泽发现现实生活中也有一个他最喜欢的人，于是，老葡取代了小甜橙树，经常倾听泽泽的各种奇思妙想，送泽泽礼物，还带他去郊游，让泽泽的世界里充满了爱和温柔。但是，一场意外的车祸，把老葡带走了。因为修路，小甜橙树也要被砍掉了。现实生活中和幻想世界中的他最亲爱的两位密友，一下子都没了，泽泽受到了巨大的打击而发烧昏迷过去……最后的最后，泽泽病好了，他告别了幻想中的世界，告别了童年。他学会了爱与温柔，他长大了，却依然把美好的“幻想世界”温柔地留给了他的小弟弟。\n“人的心是很大的，放得下我们喜欢的每一样东西。” “现在我真的懂得了什么是温柔，我对我喜欢的一切都温柔。” 这些充满爱的美好句子，好温暖，好温柔。泽泽带给我们的将会是相伴一生的感动，他没有年龄，不管是五岁还是四十八岁，在我们的人生道路中，他都时刻存在着。我们在生活的喜怒哀乐里遇见了他，也将会在未来的悲欢离合中与他重逢。小甜橙树温柔动人，却在讲述一个残酷悲伤的故事。《我亲爱的甜橙树》温暖美妙，却不是童话。\n台湾80后女导演陈映蓉说：“不管是九岁，十九岁，还是二十九岁，泽泽都会与我同行，给我一样的感动，还有不一样的感悟。” 亲爱的读者朋友们，让我们走进《我亲爱的甜橙树》，感受和领悟爱与温柔的真谛，“因为没有温柔的生命并不美好。”\n作者介绍：若泽·毛罗·德瓦斯康塞洛斯（1920-1984），巴西著名作家，并身兼新闻记者、广播节目主持人、画家、模特和演员等数职。他出身贫寒，从小被送去伯伯家寄养。《我亲爱的甜橙树》是他在创作高峰时期的代表作，带有自传性质，让无数人感动落泪。\n《我亲爱的甜橙树》', '京东商城:http://book.360buy.com/10711019.html 当当网:http://product.dangdang.com/product.aspx?product_id=20849511 苏宁易购:http://www.suning.com/emall/prd_10052_22001_-7_1837450_.html 亚马逊:http://www.amazon.cn/dp/B005C2ZXSK/', '库存中', 'http://apis.juhe.cn/goodbook/img/3a369e7141b48a50cfe28e18bd360367.jpg');
INSERT INTO `apple_book` VALUES ('174', 'SYNC-1554310531376', '窗边的小豆豆', null, null, '纸质', '中文', '儿童文学 外国文学 小说 ', null, '2019-04-04 00:55:31', '1554310531376', '清新自然的教育小说：《窗边的小豆豆》每个人都拥有过脑子里充满奇思妙想、嘴里说出滔滔不绝的奇怪话语、拥有很多小秘密、对世界充满好奇的童年时代。但是，当儿童时光离我们远去，长大成人的我们面对现在提出怪问题的调皮的小孩子们，却不知所措，甚至会感到厌烦。《窗边的小豆豆》讲述了作者小时候的一段亲身经历，让我们回忆美好童年的同时，带来了一种清新自然的教育方式。天真无邪的小豆豆，温暖了众多读者的心，让我们的嘴角不知不觉地挂上温柔的笑容。\n《窗边的小豆豆》的作者黑柳彻子，1933年出生，是日本著名女作家，也是著名演员和电视节目主持人，还是联合国儿童基金会亲善大使。黑柳彻子凭借《窗边的小豆豆》一书享誉国际，成为联合国儿童基金会亚洲历史上的第一位亲善大使。\n《窗边的小豆豆》讲述了作者黑柳彻子小学时期的一段真实故事。小豆豆因为淘气，被认为患有多动症而被学校退学。温柔耐心的妈妈带她走进了“巴学园”，来到了与众不同的小林校长的身边。第一次见面，小林校长微笑地倾听着豆豆滔滔不绝地讲了四个小时的话，没有一丝不耐烦，也没有一丝厌倦。“巴学园”里有特殊的校门，有着“山的味道”和“海的味道”的午餐，有和蔼可亲的小林校长，豆豆觉得那里的一切都很美好。在与众不同的“巴学园”里，在小林校长的关心、爱护和引导下，豆豆从别人眼里的“乖孩子”变成一个大家都可以接受并喜欢的孩子，为她的一生奠定了很好的基础。\n《窗边的小豆豆》看起来像是一个童话故事，却带着一点战争的阴影，带着一点对当时日本教育的批判，但是它依然是美好的。它以小孩子的口吻将故事娓娓道来，很朴实，很温柔。它让我们感受到了小豆豆在“巴学园”里的快乐和幸福，感受到了小林校长别具一格、清新自然的教育方法，感受到了豆豆妈妈温柔耐心的爱意。它是温暖的，令人微笑的文学著作。\n自1981年出版以来，《窗边的小豆豆》畅销全球，享誉世界，被评为“世纪最有影响图书”、“世纪最有价值图书”等称号，是日本历史上销量最大的一本书，至今无人超越。它被译为33种文字在世界流传，雄踞畅销书排行榜8年。它是每一位孩子、每一位父母亲、每一位老师、校长都必须熟读和吸取经验的儿童文学作品。\n《窗边的小豆豆》', '京东商城:http://book.360buy.com/10385124.html 当当网:http://product.dangdang.com/product.aspx?product_id=20999128 苏宁易购:http://www.suning.com/emall/prd_10052_22001_-7_1052416_.html 亚马逊:http://www.amazon.cn/%E7%AA%97%E8%BE%B9%E7%9A%84%E5%B0%8F%E8%B1%86%E8%B1%86-%E9%BB%91%E6%9F%B3%E5%BD%BB%E5%AD%90/dp/B004INGC7U', '库存中', 'http://apis.juhe.cn/goodbook/img/18abf9493b5968421d78569da839c121.jpg');
INSERT INTO `apple_book` VALUES ('175', 'SYNC-1554310531608', '长腿叔叔', null, null, '纸质', '中文', '儿童文学 外国文学 小说 ', null, '2019-04-04 00:55:32', '1554310531608', '充满阳光、爱意泱然的《长腿叔叔》《长腿叔叔》是少女时代的我很喜欢的一部作品，当然现在依然喜爱。或许真的就是应了某位读者的那句话：女孩子们就是喜欢被处心积虑的爱吧。《长腿叔叔》是美国小说家简·韦伯斯特的著名代表作，小说讲述了一个女孩积极向上的求学成长史和美好的恋爱故事。记得《少年维特之烦恼》里有句名言说：“那个少男不钟情，那个少女不怀春？”《长腿叔叔》这部世界名著让少女时代的我拥有了对恋爱的美好幻想和憧憬，给我树立了正确美好的恋爱观，成就了我现在平凡却幸福的生活。\n《长腿叔叔》是一部充满阳光、充满笑声、充满爱意的经典文学作品。它的作者是简·韦伯斯特（Jean Webster），原名爱丽丝·简·韦伯斯特，是美国著作的小说家，也是大文豪马克·吐温的孙侄女。简·韦伯斯特于1876年生在纽约州弗里多尼亚的一个富裕的家庭里。1901年，她于瓦萨学院（Vassar College）毕业，获得英国文学和经济学双学位。毕业后简·韦伯斯特即从事小说创作，因她在大学期间经常利用课余时间去孤儿院等慈善机构做社会工作，所以她的作品多以孤儿为主题。1903年出版了首部小说《帕蒂去上大学的时候》，获得了成功。1912年，她创作的《长腿叔叔》问世，脍炙人口，轰动全球，因此简·韦伯斯特从此成为了家喻户晓的作家。但是，天不遂人意，简·韦伯斯特于1916年6月11日因难产去世，一颗文学女新星就此陨落……\n《长腿叔叔》的主人公是一个在孤儿院里长大的女孩朱蒂。在她十八岁那年，由于她的作文出色而幸运地获得了神秘理事的资助，得到了一个上大学的机会。神秘的理事要求她每个月写信汇报她生活中的点点滴滴，并表明自己不会回信。因为朱蒂在一次夜里看到神秘理事的背影，他的腿很长，所以朱蒂调侃而亲切地称之为“长腿叔叔”。在大学里，她认真读书，奋发向上，欣喜地吸取着她之前从未有过的体验和知识，积极地成长着，同时也不停地给“长腿叔叔”写信，把他当做自己最亲的人。在认真求学的同时，朱蒂的浪漫初恋也美好的开始了，她爱上了杰出的杰维少爷。当她向“长腿叔叔”倾诉这一切的时候，“长腿叔叔”却终于邀她见面了。而令朱蒂万分吃惊的是，“长腿叔叔”就是她深爱着的杰维少爷……\n《长腿叔叔》无疑是一部充满幽默与温馨的作品。它深受成长中、恋爱中、迷失中的年轻男女的喜爱，让10岁到101岁的读者都为之喝彩。《长腿叔叔》是一部伟大的世界名著，历经百年却依然畅销不衰，还被改编成动画片、电影等艺术作品，真的是一部脍炙人口，深入人心的文学作品。\n少女时代的我喜欢《长腿叔叔》，现在的我依然喜欢《长腿叔叔》，不为别的，只因它积极、温馨、励志、浪漫而美好，给无数人的世界里带去了阳光和欢笑！\n《长腿叔叔》', '京东商城:http://book.360buy.com/10917678.html 当当网:http://product.dangdang.com/product.aspx?product_id=20489323 亚马逊:http://www.amazon.cn/%E9%95%BF%E8%85%BF%E5%8F%94%E5%8F%94-%E7%AE%80%C2%B7%E9%9F%A6%E4%BC%AF%E6%96%AF%E7%89%B9/dp/B005DDCQGK', '库存中', 'http://apis.juhe.cn/goodbook/img/481595040f5572aff5d33743ac20b295.jpg');
INSERT INTO `apple_book` VALUES ('176', 'SYNC-1554310531619', '爱的教育', null, null, '纸质', '中文', '儿童文学 外国文学 经典名著 ', null, '2019-04-04 00:55:32', '1554310531619', '国际安徒生奖作品：《爱的教育》意大利语Cuore，是心、爱、诚意的意思，被意译为“爱的教育”。教育是一个亘古不变的话题。在幼儿园教师虐待儿童的新闻漫天飞的中国现代社会里，“爱的教育”是多么迫切的被需要。《爱的教育》一书是意大利著名作家亚米契斯的儿童文学作品。本书由意大利一名小学生的日记改编而成，记叙了四年级小男孩安利柯在校内外的所见所闻与所感所叹。它在世界文学史上有着极其重要的地位，是一部经久不衰的名著，被各国公认为是最富爱心和教育性的读物。\n《爱的教育》的作者艾德蒙多·德·亚米契斯（Edemondo De Amicis），于1846年出生于意大利里格拉州。1865年亚米契斯从摩德纳军事学校毕业，成为一名军官，并参加了统一意大利的复兴运动的战役。退役后他曾担任随军编辑和记者，完全退伍后开始从事文学创作。亚米契斯自幼酷爱学习和写作，是一位多产作家，也是意大利民族复兴运动时期的爱国志士。他的作品侧重于描写学校和军队生活，表达出对普通老百姓的真诚和善良等崇高品德的赞美之情，揭露了统治者的凶狠无情。1886年，四十岁的亚米契斯创作出他最畅销的代表作《爱的教育》，从而闻名世界。亚米契斯于1908年3月12日因心脏病在Bordighera（勃丁格尔）逝世，享年62岁。\n《爱的教育》的主人公是正在上小学四年级的小男孩安利柯。此书以小学生安利柯的眼光，记叙了他从四年级10月份开学的第一天到第二年10月份在校内外的所见所闻所感。全书共10卷，由100篇文章构成。书中描写了发生在主人公安利柯身边的各种各样感人的小故事，还有父母写在他日记本上的充满爱意的劝诫启发性文章和老师在课堂上宣读的精彩的“每月故事”。在亚米契斯生动的笔下，小说中的人物形象栩栩如生，充满了正面能量。作品中的每个章节，都把“爱”表现得淋漓尽致，有国家民族之大爱，有父母、师长、朋友之小爱，爱意泱然，处处扣人心弦，感人至深。\n《爱的教育》至今已畅销了100多年，经久不衰，被公认为是一部人生成长中的必读书目，并于1994年获得世界儿童文学最高奖——国际安徒生奖。书中那种清新自然的，单纯的，朴素的文风，让人忍不住打开心窗，接受这股温暖的、温柔的和风的洗礼。\n我国著名教育家陶行知说过，没有爱的教育将会使教学枯燥，像山泉枯竭一样。爱国大文豪鲁迅也说过，教育是植根于爱的。没有爱的教育不是真正的教育。在社会日益变得复杂的今天，让我们走进爱的世界，接受这爱的教育吧！\n《爱的教育》', '京东商城:http://book.360buy.com/10049543.html 当当网:http://product.dangdang.com/product.aspx?product_id=20851068 苏宁易购:http://www.suning.com/emall/prd_10052_22001_-7_862921_.html 亚马逊:http://www.amazon.cn/dp/B003TG126S/', '库存中', 'http://apis.juhe.cn/goodbook/img/64f31470a0b81f68ec18b31b03d61fa8.jpg');
INSERT INTO `apple_book` VALUES ('177', 'SYNC-1554310531631', '绿山墙的安妮', null, null, '纸质', '中文', '儿童文学 外国文学 经典名著 ', null, '2019-04-04 00:55:32', '1554310531631', '世界文学经典：《绿山墙的安妮》昨天上网偶然间看到“绿山墙的安妮”，亲切感油然而生，头脑里立刻就浮现了儿童时代的种种画面。我不记得具体是什么时候读过《绿山墙的安妮》了，但是我却非常清楚的记得这本书给我带来的那种乐观开朗、积极向上的力量。在当时我那幼小自卑的心灵中，它像一束阳光，照亮了我灰色忧郁的心房。《绿山墙的安妮》是我成长时期最喜爱的一本书籍。直到现在，我依然深深地喜爱着它。不管什么时候读它，安妮那纯真善良、阳光快乐的形象都会使我身心愉悦，并且每一次都会有不同的感悟，让我百读不厌。今天，我怀着无比激动的心情，与大家分享并推荐这部纯真甜蜜的《绿山墙的安妮》。\n《绿山墙的安妮》是一部描写儿童生活的小说。但是不仅仅如此，它还是一本心灵读物，一本让老师、家长、孩子乃至所有人都获得心灵感悟的小说。这本世界文学经典的作者是露西·莫德·蒙哥马利（Lucy Maud Montgomery），她于1874年出生于加拿大，从小喜欢编故事，长大后成为一名教师。蒙哥马利在她忙碌操劳的生活中依然每天坚持阅读和写作。她一共创作了二十多部长篇小说，还有很多诗歌、短片小说、传记等，一辈子文学硕果累累。《绿山墙的安妮》出版后，非常畅销，深受众多读者特别是女孩子的喜爱。蒙哥马利也因此闻名于世。\n《绿山墙的安妮》主要讲述的是从小失去父母，在孤儿院中长大但却善良纯真、乐观开朗的小安妮在十一岁时被马修和马瑞拉两兄妹领养后的学习、交友等生活成长故事。小安妮被领养后，生活在绿山墙的农舍里。她天真可爱，热爱生活、珍惜友情，也时常因为喜欢幻想、“爱美”和“一张喋喋不休的嘴”而犯错误。她不断犯错，也不断改正错误，在绿山墙里快乐的成长着。在蒙哥马利清新自然、幽默生动的笔调下，一头红发的小安妮天真烂漫、热情开朗、乐观坚强的形象深入人心，一股股正能量感染着读者，触动着人们的心灵。\n马克吐温曾激动地说过：“安妮是继不朽的爱丽丝之后最令人感动和喜爱的儿童形象。”《绿山墙的安妮》让大文豪为之激动，对其赞赏有加，也让绿山墙农舍成为了世界闻名的旅游胜地，它无疑是一部伟大的著作，一本世界公认的文学经典。\n《绿山墙的安妮》', '当当网:http://product.dangdang.com/product.aspx?product_id=21057452 京东商城:http://book.360buy.com/10646495.html 苏宁易购:http://www.suning.com/emall/prd_10052_22001_-7_684204_.html 亚马逊:http://www.amazon.cn/%E7%BB%BF%E5%B1%B1%E5%A2%99%E7%9A%84%E5%AE%89%E5%A6%AE-%E9%9C%B2%E8%A5%BF%C2%B7%E8%8E%AB%E5%BE%B7%C2%B7%E8%92%99%E5%93%A5%E7%8E%9B%E4%B8%BD/dp/B004Z4F15G', '库存中', 'http://apis.juhe.cn/goodbook/img/bc5924e4a038c3df4d1b1bd5e2a48dff.jpg');
INSERT INTO `apple_book` VALUES ('178', 'SYNC-1554310533552', '柑橘与柠檬啊', null, null, '纸质', '中文', '儿童文学 外国文学 小说 ', null, '2019-04-04 00:55:34', '1554310533552', '一部献给所有人的儿童文学巨著：《柑橘与柠檬啊》初看到“柑橘与柠檬啊”的字样，各位亲爱的读者会想到什么呢？我刚看到“柑橘与柠檬啊”的时候，我在猜想啊，它是否是一首歌呢？或者是一首诗？也有可能是一部电影？事实证明我的猜想都是正确的，它既是一首歌，也是一首诗，还是一部“电影”。它是英国一首治愈内心伤痛的心灵之歌，它是一首歌颂英雄的赞美之诗，它更是一部鼓励孩子在困境中坚强成长的战争历史电影。《柑橘与柠檬啊》是英国“桂冠作家”麦克·莫波格非常著名的文学作品，一部世界公认的经典感人的儿童文学著作，一部献给所有人的温暖又感伤的“电影”。\n《柑橘与柠檬啊》是一部获得“英国卡内基文学奖”、“英国红屋书奖”、“英国蓝彼得年度书奖”等诸多奖项的感人肺腑的小说。它的作者是英国最畅销的小说家麦克·莫波格，他是英国三个“桂冠作家”之一，也获得过“童书桂冠作家”的荣誉。麦克·莫波格非常喜欢历史，喜欢故事，他的文学作品很多且获奖无数，给世界上许许多多的小心灵以鼓励和帮助，引领着他们成长。他说他的梦想是一辈子给小孩子写书，写的是那种每个字都很重要很重要的书。\n《柑橘与柠檬啊》讲述了人如何在困境中成长的故事，也讲述了一个生命守护另一个生命的故事。小说的主人公小托，与亲人生活在英国的小镇上，虽然生活有时充满愁苦和忧伤，但是只要唱起“柑橘与柠檬啊”这首歌，生活就充满希望。小托就这样慢慢长大，直到战争无情的降临。战争的来临改变了他们原本宁静的生活，小托和哥哥查理一起应征入伍。在战争的炮火下，我们的主人公小托慢慢变得坚强，懂得了关怀与担当。\n《柑橘与柠檬啊》由时间和回忆组成小说的主体结构。当接近清晨六点的时候，当主人公小托的回忆走回现实当下的时候，故事的秘密最终被揭开。悲怆的结局让人很震撼、很揪心，不想说话，头脑出现片刻的空白，而后令人久久难以忘怀。\n作家安意如说：“这是一本让人温暖又感伤的书。我一直有种错觉，觉得自己是在看一部电影。最后戛然而止的时候，遗憾使我有泪欲流。” 知名学者陈卫平认为阅读此书是大人们的寻根之旅。《加拿大教材杂志》评价说：”本书是研究伦理和第一次世界大战的最佳教本。“不管名人大家们如何评价，《柑橘与柠檬啊》是英国人的骄傲。它是一首撼动人心的心灵之歌，一部献给所有人的儿童文学巨著。\n《柑橘与柠檬啊》', '当当网:http://product.dangdang.com/product.aspx?product_id=20529420 京东商城:http://book.360buy.com/10098417.html 苏宁易购:http://www.suning.com/emall/prd_10052_22001_-7_762964_.html 亚马逊:http://www.amazon.cn/mn/detailApp/ref=asc_df_B001V7QIX4474663/?asin=B001V7QIX4&amp;amp%3Btag=INSERT_TAG_HERE&amp;amp%3Bcreative=2120&amp;amp%3BcreativeASIN=B001V7QIX4&amp;amp%3BlinkCode=asn&amp;tag=ruyic-23', '库存中', 'http://apis.juhe.cn/goodbook/img/7a9e46bc05a22f6b976d4a966d618c53.jpg');
INSERT INTO `apple_book` VALUES ('179', 'SYNC-1554396947905', '雍正皇帝', null, null, '纸质', '中文', '历史 小说 ', null, '2019-04-05 00:55:48', '1554396947905', '二月河历史小说：《雍正皇帝》雍正皇帝，姓名爱新觉罗·胤禛，康熙第四子，是清朝第五位皇帝。雍正生于公元1678年12月13日，逝于1735年9月28日，在位仅13年。雍正是一位十分复杂而矛盾的历史人物。他的皇位到底是如何得来的，真相无人知晓，有改诏说，弑父说，继位说等等说法。不过雍正是一位勇于革新、勤于理政的杰出政治家，这一点勿容置疑。雍正改革整顿了康熙晚年的积弊，一扫朝廷颓风，使吏治澄清、统治稳定、国库充盈，并减轻了百姓们的负担。雍正在位的十三年是清朝统治的重要时期，起到了承上启下的作用，为后来乾隆时期的繁荣盛世打下了坚实的基础。\n《雍正皇帝》是中国著名历史作家二月河所著的“帝王系列”小说之一。作品共有三卷，分别是九王夺嫡、雕弓天狼、恨水东逝。小说跨越康、雍、乾承先启后数十年的历史，成功地描写了雍正皇帝波澜壮阔、儿女情长的一生。\n作者二月河，本名凌解放，是中国当代历史小说作家，现为中国作家协会会员、河南省作家协会副主席。二月河于1945年出生在山西省昔阳县，青年时期酷爱读书，遍览诸子百家、经史典籍，尤爱专研清史和红学。二月河潜心创作了五百万字的“帝王系列”历史小说，有《康熙大帝》、《雍正皇帝》、《乾隆皇帝》等。他的文学作品皆以其广博深道的历史社会内蕴，生动鲜明的人物形象，磅礴大气、波诡云涌的叙事布局等独具的艺术魁力而受到了广大读者的喜爱，《康熙大帝》和《雍正皇帝》两部作品现已被改编为电视连续剧，同样受到广大群众的关注。\n作者二月河以史笔著文，以文笔立史，将《雍正皇帝》中的庙堂之高、江湖之远均娓娓道来。其情节铺设，夭矫跌宕；人物塑造，浓淡相宜，谋篇均别出心裁。雍正皇帝在九王夺嫡的明争暗斗中险胜，上位后整肃史治、体恤民心，功绩显著。同时，他严惩骨肉众兄弟、强留弟媳，终于忍受不住乱伦之煎熬及丹药之蚀毁，驾鹤西归。如此看来，雍正皇帝确是一位复杂又矛盾的封建帝王。\n《雍正皇帝》以思想为经，以艺术为纬，鸟瞰历史，探究人生，是一部优秀、精彩的历史小说。翻开《雍正皇帝》，让我们一起去了解矛盾复杂、性格狠戾又胸怀天下、儿女情长的雍正皇帝。\n《雍正皇帝》', '京东商城:http://item.jd.com/10017905.html 当当网:http://product.dangdang.com/20744777.html 亚马逊:http://www.amazon.cn/%E9%9B%8D%E6%AD%A3%E7%9A%87%E5%B8%9D-%E4%BA%8C%E6%9C%88%E6%B2%B3/dp/B0032K0X70/ref=sr_1_1', '库存中', 'http://apis.juhe.cn/goodbook/img/901bb60c71d93d389aa5a1a0e3e329ac.jpg');
INSERT INTO `apple_book` VALUES ('180', 'SYNC-1554396947936', '康熙大帝', null, null, '纸质', '中文', '历史 小说 ', null, '2019-04-05 00:55:48', '1554396947936', '二月河历史小说：《康熙大帝》康熙皇帝，姓名为爱新觉罗·玄烨，顺治帝第三子，身有满洲、蒙古和汉人的三种血缘，是清朝第四位皇帝。其于1654年5月4日出生，8周岁登基，14岁亲政，1722年12月20日逝世。康熙在位61年，是中国历史上在位时间最长的皇帝，也是中国统一的多民族国家的捍卫者。他能文能武、多才多艺，不但奠下了清朝兴盛的根基，还开创出康乾盛世的大局面，是中国历史上善于治国的、功绩最突出的一位君王，被誉为“千古一帝”。\n《康熙大帝》是国家一级作家二月河创作的一部系列长篇历史小说，共有四册，分别是《夺宫初政》、《惊风密雨》、《玉宇呈祥》和《乱起萧墙》。作品讲述了康熙八岁登基后同鳌拜阴谋篡权的斗争和他14岁亲政后同”三藩”割据势力的斗争，描写了康熙治黄疏运、收复台湾、使国家兴盛的突出功绩，还叙述了康熙晚年择储和九子夺嫡的皇宫斗争等一系列重大历史事件。小说以生动的艺术形象刻画了康熙的一生，故事情节飞湍流瀑，既惊心动魄，又妙曼宜人。\n《康熙大帝》作者二月河，原名凌解放，满族人，是南阳作家群代表人物。他于1945年11月3日出生在山西省昔阳县，河南南阳人，现任郑州大学文学院院长。二月河40岁开始文学创作，曾创作出大量的优秀的帝王小说，著名代表作有《康熙大帝》、《雍正皇帝》、《乾隆皇帝》等。\n《康熙大帝》一书讲述了康熙大帝一生的丰功伟绩和晚年的负面效应。他以聪慧的才智和优秀的政治品格除鳌拜、平三蕃、视察黄河、北定疆界、结盟蒙古诸王、西征葛而丹、汲取汉文化、发展民族经济、推行富国强民的政策措施，完成了统一中华、振兴中华的大业，使国家民族从衰败走向鼎盛。\n“记帝王人生，展宫廷百态；道清宫秘史，书宦海沉浮。” 翻开《康熙大帝》，学清朝历史，看康熙帝运筹帷幄、力挽狂澜的英雄本色！\n《康熙大帝》', '京东商城:http://item.jd.com/10017904.html 当当网:http://product.dangdang.com/20744776.html 亚马逊:http://www.amazon.cn/%E5%BA%B7%E7%86%99%E5%A4%A7%E5%B8%9D-%E4%BA%8C%E6%9C%88%E6%B2%B3/dp/B0032K0X6Q/ref=sr_1_2', '库存中', 'http://apis.juhe.cn/goodbook/img/17b78e9a48ca9860112a9083d1ee7654.jpg');
INSERT INTO `apple_book` VALUES ('181', 'SYNC-1554396947952', '血腥的盛唐', null, null, '纸质', '中文', '历史 小说 ', null, '2019-04-05 00:55:48', '1554396947952', '《血腥的盛唐》——中华民族历史上最辉煌也最黑暗的朝代唐朝始于公元618年，终于907年，共经历了289年的历史，是中华民族历史上统一时间最长，国力最强盛的朝代之一。唐朝在经济、政治、文化、科技、艺术等方面极其繁盛，闻名远扬。唐朝文人政客各领风骚，诗词歌赋层出不穷，是中国历史上的盛世朝代。《血腥的盛唐》是中国作家王觉仁著作的长篇历史小说。作品完整地还原了唐朝289年经历的腥风血雨，是目前最权威、最亲民的大唐全景式历史读物。\n《血腥的盛唐》的作者王觉仁是中国《南方都市报》、《百家讲坛》的专栏作家，原名王林，福建漳州人。王觉仁潜心研究中国历史上的盛世唐朝多年，对唐朝重要的历史人物和重大的政治事件均有非常独到的解读。《血腥的盛唐》是他辛勤笔耕多年的力作，现已有六部，作品从隋朝山河崩裂开始，讲述了唐朝经历了289年的辉煌、璀璨却也黑暗、血腥的历史。\n在《血腥的盛唐》一书中，李渊、李世民、武则天、杨贵妃、唐明皇、李白、安禄山、黄巢等重要历史主角们纷纷粉墨登场。无论是帝王将相，还是诗人草寇，都纷纷为我们上演着一场场好戏。一场场阴谋诡计，一段段腥风血雨，将这个最辉煌朝代的骄傲、耻辱与秘密悉数说尽。\n《血腥的盛唐》将大唐王朝的兴起与没落、辉煌与黑暗娓娓道来，是一部堪称“中华民族历史缩影”的文学作品。翻开本书，唐朝的繁荣昌盛让我们惊讶。当时，经济GDP高达世界总量的六成，领土面积为当今中国的两倍，无数诗人创造了无法逾越的文化盛世，吸引了300多个国家的人们前来学习交流。但是，盛极必衰，大唐后期的近百年间，内战不断，硝烟四起，尸横遍野。“朱门酒肉臭，路有冻死骨” ，腐败、血腥，最终让最辉煌的盛世唐朝陷入黑暗之中……\n《血腥的盛唐》是一部289年的唐史，更是一部中国5000年历史的缩影。让我们走进《血腥的盛唐》，去感受、去了解这中华民族历史上最辉煌也最黑暗的朝代！\n《血腥的盛唐》', '亚马逊:http://www.amazon.cn/%E8%A1%80%E8%85%A5%E7%9A%84%E7%9B%9B%E5%94%90%E5%A4%A7%E5%85%A8%E9%9B%86-%E7%8E%8B%E8%A7%89%E4%BB%81/dp/B00BS8Y9SC/ref=sr_1_2 京东商城:http://item.jd.com/11195403.html 当当网:http://product.dangdang.com/22537887.html', '库存中', 'http://apis.juhe.cn/goodbook/img/ddbe27a755fa8ea893149ade4c62031c.jpg');
INSERT INTO `apple_book` VALUES ('182', 'SYNC-1554396947976', '向诸葛亮借智慧', null, null, '纸质', '中文', '历史 心理学 管理 ', null, '2019-04-05 00:55:48', '1554396947976', '《向诸葛亮借智慧》《向诸葛亮借智慧》是中央电视台《百家讲坛》主讲人赵玉平老师编著的一本管理学类图书。作品从管理学和心理学的角度出发，运用人力资源管理和组织行为学的知识，解读了三国睿智军师诸葛亮的一生。本书对三顾茅庐、舌战群儒、赤壁大战、空城计、斩马谡、六出祁山、七擒孟获等与诸葛亮相关的大事件进行了精辟的分析。\n诸葛亮（公元181年7月23日—234年8月28日），三国时期蜀国丞相，字孔明，号卧龙，琅琊阳都人，是三国时期杰出的政治家、军事家、发明家和文学家。诸葛亮上知天文、下知地理，雄才大略、才华横溢。为匡扶蜀汉政权，他呕心沥血，鞠躬尽瘁，死而后已。唐朝诗人杜甫有诗赞道：“三顾频烦天下计，两朝开济老臣心。出师未捷身先死，长使英雄泪满襟。”，可见诸葛亮受到后世人们极大的尊崇，是后世忠臣的楷模、智慧的化身。\n《向诸葛亮借智慧》一书是管理学教授赵玉平“麻辣说三国”系列中的一部文学作品。赵玉平老师同易中天教授一起被权威机构评选为“2009中国十大国学专家”，是运用管理学、国学、心理学综合解析《水浒传》、三国历史人物的中国第一人，开辟了运用管理学和心理学解读传统经典的新领域。\n隆中对策、舌战群儒、草船借箭、七擒孟获……一个个璀璨如明珠的经典故事，成就了诸葛亮无人企及的智慧传奇。但是，孔明先生的智慧究竟从何而来呢？在千百年后的今天，他的卓越智慧又能给今天的我们带来哪些启迪和帮助呢？《向诸葛亮借智慧》一书从一个崭新的角度观察诸葛亮这个重要的历史人物和相关的历史事件，讲故事的同时也分析规律，并结合当今现实生活，古为今用，总结出能够运用于求职、求人、用人、管人等现实生活中的规律和技巧。\n鲁迅说：“关公之义近乎伪，诸葛之智近乎妖。” 《向诸葛亮借智慧》，哪怕只借到了一点点，也足够让我们的生活过得更轻松、更顺心了。\n《向诸葛亮借智慧》', '京东商城:http://book.jd.com/10483893.html 当当网:http://product.dangdang.com/product.aspx?product_id=21020821 苏宁易购:http://www.suning.com/emall/prd_10052_22001_-7_1006212_.html', '库存中', 'http://apis.juhe.cn/goodbook/img/379cdafe13f92d62e99388182a6d08ec.jpg');
INSERT INTO `apple_book` VALUES ('183', 'SYNC-1554396947996', '其实我们一直活在春秋战国', null, null, '纸质', '中文', '历史 ', null, '2019-04-05 00:55:48', '1554396947996', '《其实我们一直活在春秋战国》春秋战国是中国古代历史时期，始于公元前770年，终于公元前221年。东周开始，周王朝开始衰败，天下四分五裂，各位霸主自立为王，纷纷争逐天下，期间出现了春秋五霸、战国七雄等霸王大国。春秋战国时期百家争鸣，出现了儒家、道家、墨家、法家、阴阳家、名家、纵横家、杂家、农家、小说家等许多学派，也给世人留下了《论语》、《孟子》、《墨子》、《老子》、《庄子》、《荀子》、《韩非子》、《孙子兵法》等重要著作，给中国历史书写了极其灿烂的一笔，影响巨大且深远。\n《其实我们一直活在春秋战国》是中国作家龙镇著作的历史书籍。龙镇，男，1975年出生于湖南。他潜心研究《左传》、《国语》、《史记》等已多年，颇有自己的见解。龙镇认为，春秋战国的思想和计谋，至今依然深刻地影响着每一个中国人的思维方式和生活习惯。所以，他著作《其实我们一直活在春秋战国》一书，借此追溯当代中国人价值观、思维方式、生活习俗的源头。\n春秋战国经历的550年间，井喷似的涌现了许许多多空前绝后的伟大人物和传世经典：以儒、墨、道、法四家为主的百家争鸣，奠定了中华文明的基石；经典的四书五经，铸造了后世中国人的价值观；有勇有谋的春秋五霸，开创了谋略计策的典范；气派的战国七雄，构建了现今中国版图的框架……\n《其实我们一直活在春秋战国》一书让我们认识到，2000多年过去了，中国人的思维方式也一直没有走出过春秋战国时期圣人先贤们的思想边界，生活习惯也与那个时代息息相关，如礼节、姓氏、农历节气等等。\n《其实我们一直活在春秋战国》一书语言朴素、直白，将春秋战国的各种传奇人物、各种风流韵事均娓娓道来，有棱角、有味道，十分丰富精彩。\n翻开此书，你会发现，其实，我们从未离开过春秋战国时代，我们一直活在春秋战国……\n《其实我们一直活在春秋战国》', '当当网:http://product.dangdang.com/main/product.aspx?product_id=22770573 京东商城:http://book.360buy.com/11038428.html 亚马逊:http://www.amazon.cn/dp/B009UPCXEW', '库存中', 'http://apis.juhe.cn/goodbook/img/5523a4fdecbe965bb44b08c1999dd4d1.jpg');
INSERT INTO `apple_book` VALUES ('184', 'SYNC-1554396948018', '灿烂千阳', null, null, '纸质', '中文', '历史 外国文学 小说 ', null, '2019-04-05 00:55:48', '1554396948018', '一部描写阿富汗女性苦难的杰作：《灿烂千阳》《灿烂千阳》是阿富汗著名作家卡勒德·胡赛尼（Khaled Hosseini）的第二部小说，一部描写阿富汗女性苦难的文学杰作。《灿烂千阳》是一部关于家庭、关于友谊、关于信念和自我救赎的伟大著作，故事极其感人。本书的力度和深度都超越了他极为畅销的处女作《追风筝的人》，出版后即畅销全球，感动了无数读者，赢得了广泛的好评，也使胡赛尼由文坛中的黑马一跃成为知名的成熟作家。\n《灿烂千阳》中的故事发生在阿富汗的战乱年代里，作者以沉重的笔调叙述了两位相差近20岁的阿富汗女性悲惨、苦难的一生。第一位女主人公是一个私生女玛丽雅姆。在她15岁那年，母亲自杀，玛丽雅姆被狠心的父亲远嫁给喀布尔四十多岁的鞋匠拉希德，从此备受折磨，长期生活在动荡年代的家暴阴影下。十八年后，战争仍未平息。出身不差的十五岁少女莱拉在战乱中失去了至亲的父母和哥哥，恋人也失踪了，绝望的莱拉被迫无奈也嫁给了鞋匠拉希德。从此，两位女性带着属于不同时代的悲伤回忆开始共同生活。玛丽雅姆和莱拉刚开始互相敌对，但是战乱、贫困与家庭暴力让她们心里无限悲苦，渐渐地两人变得相怜相惜，苦难深重的两个女人缔结了不可能的友谊，如母女般相濡以沫……但是，多年的骗局一旦被揭开，她们又将怎样选择？她们悲惨的命运又将何去何从呢？\n《灿烂千阳》以细腻感人的笔触描绘了阿富汗在战乱中苦苦挣扎的妇女们的悲惨命运，讲述了阿富汗女性在炮火、饥饿、暴虐与恐惧之下，如何绝望地忍受煎熬和苦难，展现了阿富汗半个世纪以来的揪心历史。作者卡勒德·胡赛尼以感人至深的文笔，描写了一个让人心碎的故事、一个残酷的年代、一段不可能的友谊和永远无法毁灭的爱。尽管生命充满了痛苦与辛酸，但在《灿烂千阳》每一个悲痛的故事情节里，我们又都能看见微弱的希望曙光。\n《灿烂千阳》是一本献给所以充满韧性的阿富汗妇女的伟大著作，也是作者胡赛尼献给世界所有想了解阿富汗那不可宽恕的历史的广大读者们的又一部力作。Amanda Richards 说： “这本小说会让最刚强的男人也偷偷拭泪。胡赛尼简单却充满丰富细节的描写让阅读充满乐趣，在我看来，《灿烂千阳》是我读过的最好的小说之一。绝不可错过！”\n“人们数不清她的屋顶上有多少轮皎洁的明月，也数不清她的墙壁之后那一千个灿烂的太阳。” 面对《灿烂千阳》中那一千个太阳的光才能驱散的阿富汗人民内心的暗，那一千个太阳的暖才能蒸发的阿富汗女性内心恐惧的寒，我们该如何选择？此书的命运，在你、在我、在他的手中。而我，却不想错过……\n《灿烂千阳》', '京东商城:http://book.360buy.com/10070659.html 当当网:http://product.dangdang.com/main/product.aspx?product_id=20002398 亚马逊:http://www.amazon.cn/dp/B0011C1E0G 苏宁易购:http://www.suning.com/emall/prd_10052_22001_-7_482746_.html', '库存中', 'http://apis.juhe.cn/goodbook/img/bd8384eada171166fb49e7e4664bbe3d.jpg');
INSERT INTO `apple_book` VALUES ('185', 'SYNC-1554396948042', '梁山政治', null, null, '纸质', '中文', '历史 管理 ', null, '2019-04-05 00:55:48', '1554396948042', '《梁山政治》——解读中国古代管理思想与谋略梁山，出自明代施耐庵的长篇小说《水浒传》。《水浒传》是中国四大名著之一，讲述了北宋徽宗时期，由于朝廷无能、奸臣当道，108条好汉集聚梁山，揭杆起义的故事。而《梁山政治》，则是清华大学中旭商学院高级讲师赵玉平以《水浒传》为大背景，以小说家的笔法、谋略家的眼光、领导者的思路阐释现代管理奥秘的文学论著，是各行各业人士了解中国古代管理思想与谋略的一部很好的通俗读本。\n《梁山政治》作者赵玉平，北京邮电大学管理学教授，国学、心理学博士。赵玉平教授主要从事领导理论、人力资源和中国古代管理思想的研究，是运用管理学、国学、心理学综合解析《水浒传》的中国第一人，著有《比强者更强》、《青梅煮酒论领导》、《向诸葛亮借智慧》、《跟司马懿学管理》、《曹操的启示》等著作。\n《梁山政治》一书独辟蹊径，整合了中国古代具有代表性的谋略著作中的智慧典故。作品以《水浒传》中着墨不多的朱武、樊瑞、萧让等人物为主角，精心设计了40多个小故事，并以生动的情节、凝练的语言和精辟的分析，为读者展示了组织管理中的48个典型问题的内在要领和解决方法，面向实践，生动活泼，很有实用意义。\n赵玉平老师的《梁山政治》为读者们提供了清晰简明的行为指导，既是一本学习管理的实用教材，也是一本介绍中国式权谋的历史解读书籍。这本入选了财经类十大畅销书排行榜的《梁山政治》，非常适合从事管理工作、领导工作，对东方传统文化中的管理智慧、组织人际关系感兴趣的各阶层人士阅读。\n读历史、学管理，就选字字珠玑、句句有理的《梁山政治》！\n《梁山政治》', '京东商城:http://book.360buy.com/10078627.html 当当网:http://product.dangdang.com/main/product.aspx?product_id=9011637 亚马逊:http://www.amazon.cn/dp/B001173NKA', '库存中', 'http://apis.juhe.cn/goodbook/img/c208bca6da5910627539e499e3b4bf19.jpg');
INSERT INTO `apple_book` VALUES ('186', 'SYNC-1554396948061', '司马懿吃三国', null, null, '纸质', '中文', '历史 小说 ', null, '2019-04-05 00:55:48', '1554396948061', '长篇历史小说：《司马懿吃三国》司马懿，字仲达，是三国时期魏国杰出的政治家和军事家，原是曹操的手下，后为西晋王朝的奠基人。纵观三国历史，英雄齐聚，人才辈出，文韬武略、足智多谋者大有人在。如此热闹的三国，为何最终却属于沉默的司马懿？论奸诈，他不及曹操；比智谋，他不敌诸葛亮；拼武功，他根本不是关羽、赵云、吕布等人的对手。三国群雄角逐，沉默的司马懿却是笑到最后的一个人，原因何在？且翻开《司马懿吃三国》，看司马懿如何击败三国的所有英雄，独吞天下。\n《司马懿吃三国》是中国作家李浩白创作的长篇历史小说。作品经过十年打磨、增删五次，最终一笔一笔地写透了三国大赢家司马懿如何完成从布衣平民到晋宣皇帝的角色转换，精彩地演绎了司马懿沉默、隐忍却辉煌的一生。\n《司马懿吃三国》的作者李浩白是重庆市作家协会会员，于1978年4月出生，现任《中华文学》杂志社常务理事，从事各类文学作品的创作，代表作有历史畅销书《抗日援朝1592》和司马懿系列长篇历史小说《头角》、《天才权谋家：司马懿》 和《司马懿吃三国》等，皆受到名家学者们的高度评价及推荐，深受读者们的喜爱。\n《司马懿吃三国》共有五部，详尽的介绍了司马懿如何凭借数十年如一日的隐忍、无与伦比的沉默和计谋击败群雄，最终独霸天下。司马懿小心翼翼地潜伏在曹操身边几十年，任由曹操差遣。他装弱、装傻、装病、装瘫，甚至装死来麻痹敌人、对手、上司、兄弟、朋友乃至家人，无所不用其极。几十年如一日的隐忍，不得不让人佩服他无底线的忍耐和毅力……\n翻开《司马懿吃三国》，我们将会了解到司马懿击败三国群雄、独吞天下的全过程，体会到他无与伦比的隐忍和沉默，进而学习他让人无比佩服的忍耐和毅力。俗活说，忍一时风平浪静，学习隐忍的榜样，当属三国司马懿！\n《司马懿吃三国》', '苏宁易购:http://www.suning.com/emall/prd_10052_22001_-7_1754807_.html 当当网:http://product.dangdang.com/main/product.aspx?product_id=22818815 亚马逊:http://www.amazon.cn/dp/B009FWDS4O 京东商城:http://book.360buy.com/11156327.html', '库存中', 'http://apis.juhe.cn/goodbook/img/5388c451fe3a431ad5946ec683777eeb.jpg');
INSERT INTO `apple_book` VALUES ('187', 'SYNC-1554396948078', '回归', null, null, '纸质', '中文', '历史 外国文学 小说 ', null, '2019-04-05 00:55:48', '1554396948078', '英国年度第一畅销小说：《回归》“不要睡去，不要，亲爱的，路还很长……渡过朦胧的晨光，撩开透明的暴风雨，我们就会到达家乡……” 这是诗人顾城的《回归》，朦胧、浪漫。“五个少女走了进来，每一个都长裙曳地、乌发如云，紧绷在身上的衣衫明艳绚烂……”这是英国著名女作家维多利亚·希斯洛普的《回归》，悲痛、哀伤。维多利亚的《回归》是继全球超级畅销书《岛》之后的最新力作，是令人潸然泪下的《岛》的姊妹篇。《回归》以西班牙内战期间的真实历史为背景，讲述了一个令人几度哽咽的悲情故事，揭开了一段浪漫哀伤的历史、一个古老家族的悲怆秘密。\n《回归》是英国著名女作家维多利亚·希斯洛普创作的比《岛》更宏大、更悲情的最新力作。在西班牙格拉纳达的一个咖啡馆里，英国女孩索妮娅被墙上的一帧旧日照片所深深吸引。那旧照片令她心魄万分悸动且似曾相识。于是，一个隐藏了半个世纪的哀伤故事，一个普通家庭的悲怆命运，一曲令人哽咽的生死悲欢就此展开……《回归》以一个悬疑迭生、缠绵哀伤的故事展现了西班牙内战期间人们的苦难与伤痛，生离死别、痛苦彷徨、还有那隐秘的激情，直接触动了人们的心灵，令人无限感慨、哀伤，发人深省。\n维多利亚·希斯洛普的《回归》出版后即席卷欧洲，感动了万千读者，让整个世界都潸然泪下，被评为“英国年度第一畅销小说”、“年度浪漫小说”、“年度最受欢迎图书”等称号，并获得了2008年的英国科斯塔图书奖。“这是一部扣人心弦、夺人心魄的小说。” “希斯洛普用她独特的方式，将对西班牙遥远的迷恋悉数注入其间，她详尽描绘了西班牙内战时期的众生态，其深入探究屡屡让人痛彻肺腑。” “无疑让没有经历过战乱悲情文学的读者大开眼界，回忆与遗忘的艰难对抗如在眼前。”……这数不清的好评，足以证明《回归》的伟大。\n西班牙战争是这个故事听不见的背景音乐，这个哀伤的故事在宏大的战争中变得饱满，变得细腻。梅塞终其一生都不能归来，但是她的骨肉却终于让这个故事画上了完满的句号，她的灵魂回归了……请不要错过这本书，不为别的，只为那战争中的离别伤，只为那离别后的相思泪，只为那崇高的人性，只为那浓得化不开的满满的爱意……\n《回归》', '亚马逊:http://www.amazon.cn/%E5%9B%9E%E5%BD%92-%E7%BB%B4%E5%A4%9A%E5%88%A9%E4%BA%9A%C2%B7%E5%B8%8C%E6%96%AF%E6%B4%9B%E6%99%AE/dp/B002ZLOLHU 苏宁易购:http://www.suning.com/emall/prd_10052_22001_-7_793271_.html 中国图书网:http://www.bookschina.com/4358781.htm', '库存中', 'http://apis.juhe.cn/goodbook/img/10f539e504d415e82d70bd0832d29d51.jpg');
INSERT INTO `apple_book` VALUES ('188', 'SYNC-1554396948099', '别问我是谁', null, null, '纸质', '中文', '历史 外国文学 小说 ', null, '2019-04-05 00:55:48', '1554396948099', '二战成长小说经典：《别问我是谁》“别问我是谁，请和我面对，看看我的眼角流下的泪。我和你并没有不同，但我的心更容易破碎……” 看到这本书的名字，很自然地就哼起了这首小时候一直都能够听到的歌曲。我是谁？你不用问，因为我自己也不知道……《别问我是谁》是美国著名作家、钮伯瑞大奖得主杰里·史宾尼利的重要代表作，是一本与二战有关的历史小说。《别问我是谁》于2003年出版后，立即畅销全球，获得了全美12项图书大奖，成为了二战成长小说经典作品。\n《别问我是谁》的作者是美国著名作家杰里·史宾尼利（Jerry Spinelli）。他的代表作有获得1991年纽伯瑞金奖的《马尼西亚传奇》、获得1998年纽伯瑞银奖的《小杀手》，还有《失败者》、《碰撞》和自传体小说《悠悠绳扣》等等。有趣、耐人寻味是杰里·史宾尼利的小说风格，深受广大读者喜爱。他的每本文学作品都受到了美国教育界和文学评论界的好评和推荐，《别问我是谁》更是如此。\n《别问我是谁》一书中的故事发生在的二战时期，地点是纳粹占领下的华沙。书中的主人公是一个没有名字的孤儿。他被人们叫做小犹太、小吉普赛、米萨、杰克等等，他无父无母，对自己的身世与过去一无所知。他住在华沙街头，衣衫褴褛却眼眸清亮。他自己虽是流浪儿，却非常善良地帮助弱小者寻找食物，还安慰哭泣的儿童。他天真乐观地相信着有一天会拥有面包、橘子、母亲和天使，他处在饥寒中，却依然能安然入梦。直到他漂泊过漫长的旅途，经历过无数的人间冷暖后，他才恍然醒悟，原来最安全的，是做一个无名的人……\n别问我是谁，因为我不知道我是谁；别问我是谁，因为无名的我才最安全。所以，请不要问我是谁……杰里·史宾尼利在《别问我是谁》一书中以乐笔写哀，意境更是悲凉。小说中的主人公以良善之心应对战争的残酷和恐怖，以天真之眼旁观史上著名的犹太人大屠杀，让人们了解战争并深刻的反思战争的同时，依然能感受到人性至真、至善、至美的一面。\n不记得谁人说过这么一句话：黑暗不能驱散黑暗，光明却能做到；仇恨不能消融仇恨，爱却可以为之。战争，留给世人的只会是无数的痛苦与磨难。我真诚的祈祷，世界永无战争……\n《别问我是谁》', '京东商城:http://book.360buy.com/10542764.html 当当网:http://product.dangdang.com/main/product.aspx?product_id=21047239 亚马逊:http://www.amazon.cn/dp/B004SK29TS/ 苏宁易购:http://www.suning.com/emall/prd_10052_22001_-7_2019519_.html', '库存中', 'http://apis.juhe.cn/goodbook/img/0c3f921b55497c5e4ebbaa0a385a3ae4.jpg');
INSERT INTO `apple_book` VALUES ('189', 'SYNC-1554396948132', '曹操的启示', null, null, '纸质', '中文', '历史 管理 ', null, '2019-04-05 00:55:48', '1554396948132', '《曹操的启示》——跟曹操学管理《曹操的启示》是中央电视台《百家讲坛》主讲人赵玉平教授著作的历史文学作品。本书将曹操这位三国奸雄的成功故事与管理学知识相结合，描绘了三国波澜壮阔的历史画卷背后人物的成长历程，道理深入浅出、叙述通俗易懂，帮助读者用另一个全新的角度看待曹操，教育世人学习曹操的处世之道。\n相信看过《卑鄙的圣人：曹操》一书的读者朋友们对曹操会有更全面、更真实的了解。曹操（公元155年至220年），字孟德，一名吉利，小字阿瞒，沛国谯人，汉族人，是东汉末年著名的政治家、军事家、文学家和书法家，亦是后来的魏王。他从问题少年到盖世英豪，从创业起家到临终传位，处处蕴藏着兴衰成败的规律。让我们走进《曹操的启示》，将这些规律一一分晓。\n《曹操的启示》作者赵玉平，北京邮电大学管理学教授，国学、心理学博士，于1972年11月12日出生，河北丰宁人。赵玉平教授主要从事领导理论、人力资源和中国古代管理思想的研究，著有《比强者更强》、《梁山政治》、《青梅煮酒论领导》、《向诸葛亮借智慧》、《跟司马懿学管理》等著作。\n《曹操的启示》是赵玉平教授用管理学、心理学的方法剖析曹操、揭示真理、发现规律的文学论著，即让大家学到了三国历史知识，也让大家了解了很多为人处世的道理和细节。在《曹操的启示》一书中，作者把传统文化与现代领导艺术完美结合在一起，字字珠玑，处处有理，以幽默的语言、发人深省的道理、寓教于乐的讲述方式将“小事情大道理”展现得淋漓尽致，不但提出了问题，而且也给出了解决问题的思维模式，帮助大家了解历史、学习管理、学习曹操的处世之道。\n读《曹操的启示》，让我们跟随赵玉平教授的脚步，走近曹操，跟三国奸雄学管理，更学处世之道！\n《曹操的启示》', '京东商城:http://item.jd.com/11175324.html 当当网:http://product.dangdang.com/23179605.html 亚马逊:http://www.amazon.cn/%E6%9B%B9%E6%93%8D%E7%9A%84%E5%90%AF%E7%A4%BA-%E8%B5%B5%E7%8E%89%E5%B9%B3/dp/B00AZMKMDS/ref=sr_1_1', '库存中', 'http://apis.juhe.cn/goodbook/img/c6eaad2a67d4a59f6d4d471b9b95a172.jpg');
INSERT INTO `apple_book` VALUES ('190', 'SYNC-1554396948149', '浪潮之巅', null, null, '纸质', '中文', '互联网 历史 ', null, '2019-04-05 00:55:48', '1554396948149', '互联网兴衰沉浮史《浪潮之巅》《浪潮之巅》是一本好评率高达99%以上的好书，作者是Google科学家、前腾讯副总裁、《数学之美》作者吴军。\n吴军不但是一个科学家，对商业领域也有自己独特的观察，浪潮之巅原本吴军发表在Google内部黑板报一篇篇文章，整理后出书。《浪潮之巅》讲述了互联网的兴衰浮沉的历史，讲到互联网公司跟传统公司的不一样之处在于互联网创业像是冲浪，一波浪潮来了，如果你恰巧站在浪潮之上，那么你就可以引领潮流，迅速站在高点，带来几十年的辉煌，浪潮很快会下来，如果你不能找到下一波浪潮，那么就有可能谈出历史舞台，而传统企业则像爬山，山永远在那里，你想好了，什么时候去爬都可以。\n《浪潮之巅》讲述了著名的IT&amp;T公司百年帝国的衰败过程，IBM领导电子技术革命浪潮以及90年代倒闭的危机与度过难关保持辉煌的历史，苹果公司的硅谷传奇，英特尔公司独霸芯片制造天下以及和AMD的恩怨，微软的罗马帝国，互联网的金门大桥思科，雅虎的成也萧何败也萧何，惠普公司这个昔日硅谷之星的陨落，没落贵族摩托罗拉。还讲述了一些与机会失之交臂的公司遗憾未能站在浪潮之巅以及互联网发展的一些黄金定律。\n《浪潮之巅》是一部互联网的《史记》，从中可以给我们许多的启发，看了《浪潮之巅》，基本上可以对世界IT公司和世界IT行业的发展有个清晰的了解。强烈推荐互联网从业人员看这本互联网好书《浪潮之巅》！\n《浪潮之巅》在线版阅读PDF版：http://blogimg.chinaunix.net/blog/upfile2/100315181306.pdf\n《浪潮之巅》纸质版', '当当网:http://product.dangdang.com/product.aspx?product_id=22465046 亚马逊:http://www.amazon.cn/%E6%B5%AA%E6%BD%AE%E4%B9%8B%E5%B7%85-%E5%90%B4%E5%86%9B/dp/B005DSK504 苏宁易购:http://www.suning.com/emall/prd_10052_22001_-7_881161_.html 京东商城:http://book.360buy.com/10795492.html', '库存中', 'http://apis.juhe.cn/goodbook/img/68e52b5b4d6715947c73056c2c2e67a8.jpg');
INSERT INTO `apple_book` VALUES ('191', 'SYNC-1554396948165', '百年孤独', null, null, '纸质', '中文', '历史 小说 经典名著 ', null, '2019-04-05 00:55:48', '1554396948165', '诺贝尔文学奖作品：《百年孤独》《百年孤独》是是哥伦比亚著名作家加西亚·马尔克斯影响最为巨大的代表作，被誉为“20世纪最伟大的小说”。作者加西亚·马尔克斯凭借此著作的巨大影响奠定了世界文学大师的地位，获得了1982年的诺贝尔文学奖。《百年孤独》属于魔幻现实主义文学作品，讲述了布恩迪亚家族七代人的传奇故事和加勒比海沿岸小镇“马孔多”的百年兴衰。小说“汇集了不可思议的奇迹和最纯粹的现实生活”，成为20世纪最重要的经典文学巨著之一。\n《百年孤独》的作者马尔克斯，全名加夫列尔·加西亚·马尔克斯，于1927年3月6日出生在哥伦比亚阿拉卡塔卡，后迁居哥伦比亚首都波哥大。他于1947年考入波哥大大学法律系，并开始踏上文学创作之路。第二年因内战而辍学，进入报界任记者多年。1961年后马尔克斯移居墨西哥，从事文学、电影、新闻等工作。1982年因《百年孤独》的巨大影响获得了诺贝尔文学奖，并担任法国西班牙语文化交流委员会主席一职。同年由于哥伦比亚地震而回到祖国的怀抱。马尔克斯于2006年1月宣布封笔。他一生创作了多部文学作品，主要有《枯枝败叶》、《百年孤独》、《族长的没落》、《霍乱时期的爱情》、《迷宫中的将军》、《苦妓追忆录》等。\n《百年孤独》一书是魔幻现实主义手法的代表作。小说以新颖的倒叙手法通过描写布恩迪亚家族七代人的传奇故事来展现马孔多小镇从产生到兴盛，再到衰落和灭亡的百年历史，反映了哥伦比亚乃至拉丁美洲风云变幻的历史演变和社会现实。《百年孤独》的故事情节十分丰富离奇，人物众多且关系复杂。小说融入了神话传说、民间故事、宗教典故等众多神秘因素，把现实和虚幻巧妙地融合在一起，用绚丽无羁的想象构造出一个神话般的瑰丽世界，成为“20世纪用西班牙文写作最杰出的长篇小说之一”。\n青年作家贾飞对其评价颇高，称“除了《红楼梦》，鲜有作品与其媲美。”《百年孤独》把奇迹和现实交错的生活呈现在读者面前。那血淋淋的现实和荒诞不经的传说，那最深刻的人性和最令人震惊的情感，那深刻到可怕的人物形象，无一不让读者感受到强烈的震撼。《百年孤独》于1967年问世，立即震惊拉丁美洲文坛及整个西班牙语世界，马尔克斯也因此一跃而起，成为拉美小说界的“掌门人”，更因此著作独到的艺术成就获得1982年的诺贝尔文学奖，成为了蜚声文坛的世界级作家。\n“家族的第一个人被捆在树上，最后一个人正被蚂蚁吃掉。” 随着奥雷里亚诺·布恩迪亚终于破译出了梅尔基亚德斯的手稿，这个具有百年历史的马孔多镇就被飓风刮走，从此消失不见。而布恩蒂亚家族百年的兴衰、荣辱、爱恨、福祸、文化和人性中根深蒂固的孤独却深深地留在了读者的脑海里。这部被誉为“再现拉丁美洲历史社会图景的鸿篇巨著”的《百年孤独》，让大家更清楚地认识孤独、了解孤独、品味孤独。《百年孤独》，非常值得大家去仔细研读。\n《百年孤独》', '京东商城:http://book.360buy.com/10658646.html 当当网:http://product.dangdang.com/product.aspx?product_id=21090357 亚马逊:http://www.amazon.cn/dp/B0052IGZFO/ 苏宁易购:http://www.suning.com/emall/prd_10052_10051_-7_746697_.html', '库存中', 'http://apis.juhe.cn/goodbook/img/706305e5cc6b1b9158394e04bd4661f5.jpg');
INSERT INTO `apple_book` VALUES ('192', 'SYNC-1554396948181', '世界是平的', null, null, '纸质', '中文', '历史 管理 经济 ', null, '2019-04-05 00:55:48', '1554396948181', '《世界是平的》：一部21世纪简史21世纪，开始进入了经济全球化快速发展的时代。经济全球化改变着世界经济格局的同时，也正在悄悄地影响着世界各国政治和文化的发展。《纽约时报》专栏作家托马斯·弗里德曼认为，全球化进程下的科技和通信领域闪电般的迅速发展，使全世界的人们可以空前地彼此接近，世界渐渐变得平坦。托马斯·弗里德曼的经济全球化论著《世界是平的》（The World Is Flat）详细地阐述和分析了“世界是平的”这一观点，堪称一部21世纪简史。\n托马斯·弗里德曼，《纽约时报》的专栏作家，美国公认最有影响力的新闻工作者，曾三次获得普利策奖，现是普利策奖终身评委。托马斯·弗里德曼精通希伯来语和阿拉伯语，获得过五所美国大学的荣誉博士学位，也是哈佛大学的客座教授。 迄今为止，他已发表了多本畅销著作，在世界各国都有很大的影响力。而《世界是平的》是目前最畅销的作品，曾获得比尔·盖茨的多次推荐。\n《世界是平的》描述了当代世界因为经济全球化而发生的重大变化的过程，揭示了“全球化正在滑入扭曲飞行的原因和方式”。书中深入浅出地分析了复杂的外交政策和经济问题，解释了为什么世界渐渐变得平坦，这种平坦趋势会给国家、企业、社会和个人带来什么样的影响，国家政府应如何应对经济全球化这个机遇与挑战。《世界是平的》出版后获得巨大成功，被认为是全球化的基本读物，两年来一直稳居《纽约时报》畅销书排行榜。\n比尔·盖茨对《世界是平的》一书赞誉有加，认为“这是所有决策者和企业员工的一本必读书”，甚至很多商学院要求新生入学报到前必先读过此书。《世界是平的》获得了世界人们的认可，畅销全球，孜孜不倦地为读者们揭开经济全球化的神秘面纱。\n《世界是平的》', '当当网:http://product.dangdang.com/product.aspx?product_id=20324338 京东商城:http://book.360buy.com/10018656.html 苏宁易购:http://www.suning.com/emall/prd_10052_22001_-7_793680_.html 亚马逊:http://www.amazon.cn/%E4%B8%96%E7%95%8C%E6%98%AF%E5%B9%B3%E7%9A%84-%E6%89%98%E9%A9%AC%E6%96%AF%E2%80%A2L%E2%80%A2%E5%BC%97%E9%87%8C%E5%BE%B7%E6%9B%BC/dp/B001EHEBSA', '库存中', 'http://apis.juhe.cn/goodbook/img/cada467058a5423832c00190f540311f.jpg');
INSERT INTO `apple_book` VALUES ('193', 'SYNC-1554396948213', '货币战争', null, null, '纸质', '中文', '历史 经济 ', null, '2019-04-05 00:55:48', '1554396948213', '揭露世界金融史真相：《货币战争》21世纪和平的今天，一场战争在互联网上爆红。它广泛地进攻了人们的眼球，霸道地占据了读者们的视线。曾经的日寇都被“小米加步枪”的前辈们打跑了，还有什么人敢如此猖狂地发动战争？大家稍安勿躁，小编所说的这场战争不是别的，而是宋鸿兵编著的《货币战争》，一部非常畅销的西方近代史与金融史的财经故事书。\n《货币战争》以英格兰银行成立以来的300年间的西方近代史和金融发展史为“土壤”，埋下了许多不为人知的历史故事的“种子”，待“种子”发芽，开花结果的时候，大量的历史真相就曝光于太阳下，一览无遗，让世人都能看得清清楚楚、明明白白。《货币战争》再现了掌握着国际经济命脉的金融家们在西方金融史上翻手为云覆手为雨的过程。他们制造政治风波、诱发经济危机，为的就是控制世界财富，从中获取巨额利益。书中每个重大战争故事的背后，几乎都存在着金融资本势力庞大的黑手。\n《货币战争》的作者宋鸿兵，于1968年生于中国四川，东北大学自动控制系毕业。1994年赴美国留学，在美利坚大学主修信息工程和教育学，获得硕士学位。宋鸿兵是一名长期关注和研究美国历史和世界金融史的专家，也一直关注着中国金融业的发展的。他曾在美国最大的一家金融机构担任高级咨询顾问，从事金融衍生产品分析和研究工作。21世纪的今天，中国金融之门已向世界全面打开，外国金融资本已经逐渐入驻，中国是否已经做好准备迎接挑战呢？作者借《货币战争》一书，告诫人们以史为鉴，警惕潜在的金融打击，为“货币战争”做好充分的准备。\n《货币战争》一书以西方历史的“金融战争”故事为切入口，用生动的笔调描写了西方近代金融史上一场场“不流血”的战役并进行专业分析。这种新颖的写作手法让这本财经书大放异彩，很能吸引读者眼球，即使是不懂金融经济学的朋友们，同样看得津津有味。这是一部世界金融史，也是一部谋求财富的阴谋史。“货币战争”即将到来，你做好迎战的准备了吗？\n《货币战争》', '当当网:http://product.dangdang.com/product.aspx?product_id=22505360 京东商城:http://book.360buy.com/10834269.html 苏宁易购:http://www.suning.com/emall/prd_10052_22001_-7_2023425_.html 亚马逊:http://www.amazon.cn/dp/B005OG1W98/', '库存中', 'http://apis.juhe.cn/goodbook/img/13df91fe1b11ff3f63feddc5b6083256.jpg');
INSERT INTO `apple_book` VALUES ('194', 'SYNC-1554396948456', '文化苦旅', null, null, '纸质', '中文', '历史 教育 散文 经典名著 ', null, '2019-04-05 00:55:48', '1554396948456', '余秋雨散文集：《文化苦旅》少女时代的我，很喜欢散文中那如诗般优美的语句。读多了那些美妙的文章，竟也能写出一些东西来。还记得那些住在简陋的瓦房里的日子，是夜，窗外下着雨，雨点打在房顶的瓦片上，“噼里啪啦”的。大雨虽猛，房屋虽陋，躲在房间里的我，心却格外的宁静。渐渐地，雨小了，雨水随着屋檐慢慢地滴下来，一滴一滴的，节奏舒缓，让人听着格外的舒服。我喜欢这样的雨夜。每当这时，我会趁着兴致挥笔写下一两首小诗，或者静静地躺着，想着那些属于少女的心事……\n当时拥抱着少女情怀的我，文字略显青涩，带有一股酸酸甜甜的味道。也许是因为当时见识浅薄，以为散文就是这样子的，没有想到它也可以融入那么深层的历史文化韵味，并且带着如此苦涩的味道，直到我遇上余秋雨老师的《文化苦旅》。\n《文化苦旅》是中国当代著名作家余秋雨先生的第一部散文集，全书共有37篇。余秋雨于1946年生于浙江余姚，是我国著名作家、美学家和中国文化史学者，也是世界级文化学者，入载了《世界名人录》和《国际著名学者录》等。余秋雨先生曾任上海戏剧学院院长，现任上海戏剧学院教授和上海写作学会会长。余秋雨老师一生硕果累累，著作无数，获奖无数，《文化苦旅》是其中最著名的代表作。\n《文化苦旅》一书中作者借莫高窟、三峡、洞庭湖、江南小镇等祖国山水和名胜古迹来探索历史，寻求文化灵魂和人生的真谛。这里有荒无人烟、沙尘飞扬的大漠，这里有凄美迷蒙、柔和秀丽的小桥流水，这里有深邃苍凉的历史，这里有被拷问的的文化人格与良知。在这里，余秋雨老师会带领着大家走在中华民族的土地上，用其独到的见解向我们展示中华文明的历史兴衰。他会让我们感叹，他会让我们思考，他会让我们惊醒，他会让我们品尝华夏文化那辛酸苦涩的味道。就让我们走进《文化苦旅》的世界，去亲身感受这份独特的、苦涩的文化之旅。\n《文化苦旅》', '京东商城:http://book.360buy.com/10105722.html 当当网:http://product.dangdang.com/product.aspx?product_id=118273 苏宁易购:http://www.suning.com/emall/prd_10052_22001_-7_610130_.html 亚马逊:http://www.amazon.cn/%E6%96%87%E5%8C%96%E8%8B%A6%E6%97%85-%E4%BD%99%E7%A7%8B%E9%9B%A8/dp/B0011A8HVC', '库存中', 'http://apis.juhe.cn/goodbook/img/ffaab7f2e2dc997fa749ebede9c6bea6.jpg');

-- ----------------------------
-- Table structure for apple_borrow
-- ----------------------------
DROP TABLE IF EXISTS `apple_borrow`;
CREATE TABLE `apple_borrow` (
  `id` int(11) NOT NULL AUTO_INCREMENT,
  `book_id` int(11) NOT NULL COMMENT '图书ID',
  `user_id` int(11) NOT NULL COMMENT '用户ID',
  `borrow_time` datetime NOT NULL COMMENT '借阅时间',
  `return_time` datetime DEFAULT NULL COMMENT '实际归还时间',
  `depart_return_time` datetime NOT NULL COMMENT '计划归还时间',
  `operator` varchar(10) DEFAULT NULL COMMENT '操作人',
  `operator_time` datetime DEFAULT NULL COMMENT '操作时间',
  PRIMARY KEY (`id`),
  KEY `borrow_book_id` (`book_id`),
  KEY `borrow_user_id` (`user_id`),
  CONSTRAINT `apple_borrow_ibfk_1` FOREIGN KEY (`book_id`) REFERENCES `apple_book` (`id`),
  CONSTRAINT `apple_borrow_ibfk_2` FOREIGN KEY (`user_id`) REFERENCES `sys_user` (`id`)
) ENGINE=InnoDB AUTO_INCREMENT=29 DEFAULT CHARSET=utf8;

-- ----------------------------
-- Records of apple_borrow
-- ----------------------------
INSERT INTO `apple_borrow` VALUES ('1', '1', '208', '2019-01-07 23:05:01', '2019-02-10 18:35:37', '2019-02-06 23:05:01', '钟勇军', '2019-01-27 23:05:01');
INSERT INTO `apple_borrow` VALUES ('2', '2', '208', '2019-01-12 23:07:43', null, '2019-02-11 23:07:46', '钟勇军', '2019-01-27 23:07:45');
INSERT INTO `apple_borrow` VALUES ('3', '3', '208', '2019-01-27 23:09:59', null, '2019-02-10 23:09:59', '钟勇军', '2019-01-27 23:09:59');
INSERT INTO `apple_borrow` VALUES ('4', '4', '208', '2019-01-28 20:14:03', null, '2019-02-27 20:14:03', '钟勇军', '2019-01-28 20:14:03');
INSERT INTO `apple_borrow` VALUES ('5', '5', '208', '2019-02-10 18:45:05', null, '2019-03-12 18:45:04', '钟勇军', '2019-02-10 18:45:05');
INSERT INTO `apple_borrow` VALUES ('6', '1', '208', '2019-02-10 18:45:47', null, '2019-03-12 18:45:46', '钟勇军', '2019-02-10 18:45:47');
INSERT INTO `apple_borrow` VALUES ('7', '6', '206', '2019-02-10 18:52:55', '2019-02-10 23:35:08', '2019-03-12 18:52:55', '钟巧丽', '2019-02-10 18:52:55');
INSERT INTO `apple_borrow` VALUES ('8', '7', '206', '2019-02-10 18:52:56', null, '2019-03-12 18:52:56', '钟巧丽', '2019-02-10 18:52:56');
INSERT INTO `apple_borrow` VALUES ('9', '24', '209', '2019-02-11 00:06:19', '2019-02-11 00:07:54', '2019-03-13 00:06:18', '秦建平', '2019-02-11 00:06:19');
INSERT INTO `apple_borrow` VALUES ('10', '22', '209', '2019-02-11 00:06:23', null, '2019-03-13 00:06:22', '秦建平', '2019-02-11 00:06:23');
INSERT INTO `apple_borrow` VALUES ('11', '18', '209', '2019-02-11 00:06:30', null, '2019-03-13 00:06:29', '秦建平', '2019-02-11 00:06:30');
INSERT INTO `apple_borrow` VALUES ('12', '16', '209', '2019-02-11 00:06:32', null, '2019-03-13 00:06:32', '秦建平', '2019-02-11 00:06:32');
INSERT INTO `apple_borrow` VALUES ('13', '17', '209', '2019-02-11 00:06:33', null, '2019-03-13 00:06:33', '秦建平', '2019-02-11 00:06:33');
INSERT INTO `apple_borrow` VALUES ('14', '6', '1', '2019-03-29 10:11:30', '2019-03-29 13:49:54', '2019-04-28 10:11:29', 'admin', '2019-03-29 10:11:30');
INSERT INTO `apple_borrow` VALUES ('15', '13', '1', '2019-03-29 15:19:03', '2019-05-19 11:28:22', '2019-04-28 15:19:03', 'admin', '2019-03-29 15:19:03');
INSERT INTO `apple_borrow` VALUES ('16', '37', '1', '2019-03-29 15:19:09', '2019-05-06 16:42:52', '2019-04-28 15:19:09', 'admin', '2019-03-29 15:19:09');
INSERT INTO `apple_borrow` VALUES ('17', '164', '210', '2019-04-05 12:06:49', '2019-04-13 20:13:06', '2019-05-05 12:06:48', 'sys_admin', '2019-04-05 12:06:49');
INSERT INTO `apple_borrow` VALUES ('18', '15', '210', '2019-04-15 20:14:46', '2019-04-15 20:15:31', '2019-05-15 20:14:45', 'sys_admin', '2019-04-15 20:14:46');
INSERT INTO `apple_borrow` VALUES ('19', '14', '210', '2019-04-15 20:14:47', '2019-04-19 09:47:26', '2019-05-15 20:14:47', 'sys_admin', '2019-04-15 20:14:47');
INSERT INTO `apple_borrow` VALUES ('20', '8', '210', '2019-04-15 20:15:59', '2019-04-15 20:16:04', '2019-05-15 20:15:59', 'sys_admin', '2019-04-15 20:15:59');
INSERT INTO `apple_borrow` VALUES ('21', '8', '210', '2019-04-15 20:16:10', '2019-04-25 10:01:16', '2019-05-15 20:16:10', 'sys_admin', '2019-04-15 20:16:10');
INSERT INTO `apple_borrow` VALUES ('22', '20', '1', '2019-04-17 21:57:33', null, '2019-05-17 21:57:33', 'admin', '2019-04-17 21:57:33');
INSERT INTO `apple_borrow` VALUES ('23', '9', '210', '2019-04-19 09:47:08', '2019-04-19 09:47:23', '2019-05-19 09:47:08', 'sys_admin', '2019-04-19 09:47:08');
INSERT INTO `apple_borrow` VALUES ('24', '10', '210', '2019-04-19 09:47:12', '2019-04-19 09:47:21', '2019-05-19 09:47:11', 'sys_admin', '2019-04-19 09:47:12');
INSERT INTO `apple_borrow` VALUES ('25', '6', '210', '2019-05-06 12:38:47', null, '2019-06-05 12:38:47', 'sys_admin', '2019-05-06 12:38:47');
INSERT INTO `apple_borrow` VALUES ('26', '8', '210', '2019-05-06 12:38:48', null, '2019-06-05 12:38:48', 'sys_admin', '2019-05-06 12:38:48');
INSERT INTO `apple_borrow` VALUES ('27', '25', '210', '2019-05-06 12:38:51', null, '2019-06-05 12:38:51', 'sys_admin', '2019-05-06 12:38:51');
INSERT INTO `apple_borrow` VALUES ('28', '24', '210', '2019-05-06 12:38:52', null, '2019-06-05 12:38:52', 'sys_admin', '2019-05-06 12:38:52');

-- ----------------------------
-- Table structure for bsc_dic_code_item
-- ----------------------------
DROP TABLE IF EXISTS `bsc_dic_code_item`;
CREATE TABLE `bsc_dic_code_item` (
  `ID` int(50) NOT NULL AUTO_INCREMENT,
  `TYPE_ID` int(50) NOT NULL COMMENT '类型ID',
  `ITEM_CODE` varchar(500) NOT NULL COMMENT '编号',
  `ITEM_NAME` varchar(500) DEFAULT NULL COMMENT '字典名称',
  `IS_ACTIVE` char(1) DEFAULT '0' COMMENT '是否激活',
  `SORT_NO` int(126) DEFAULT NULL COMMENT '排序号',
  `ITEM_MEMO` varchar(200) DEFAULT NULL COMMENT '备注',
  PRIMARY KEY (`ID`)
) ENGINE=InnoDB AUTO_INCREMENT=28 DEFAULT CHARSET=utf8;

-- ----------------------------
-- Records of bsc_dic_code_item
-- ----------------------------
INSERT INTO `bsc_dic_code_item` VALUES ('2', '1', '0', '男', '0', '2', '男');
INSERT INTO `bsc_dic_code_item` VALUES ('3', '1', '1', '女', '0', '3', '女');
INSERT INTO `bsc_dic_code_item` VALUES ('4', '2', '0', '是', '0', null, '');
INSERT INTO `bsc_dic_code_item` VALUES ('5', '2', '1', '否', '0', '2', '');
INSERT INTO `bsc_dic_code_item` VALUES ('7', '14', '0', '显示', '0', null, '');
INSERT INTO `bsc_dic_code_item` VALUES ('8', '9', '0', '启用', '0', null, '');
INSERT INTO `bsc_dic_code_item` VALUES ('9', '9', '1', '停用', '0', null, '');
INSERT INTO `bsc_dic_code_item` VALUES ('10', '14', '1', '隐藏', '0', null, '');
INSERT INTO `bsc_dic_code_item` VALUES ('11', '15', 'menu', '菜单', '0', null, '');
INSERT INTO `bsc_dic_code_item` VALUES ('12', '15', 'button', '按钮', '0', null, '');
INSERT INTO `bsc_dic_code_item` VALUES ('13', '15', 'api', '接口', '0', null, '');
INSERT INTO `bsc_dic_code_item` VALUES ('14', '17', 'sys', '系统用户', '0', null, '');
INSERT INTO `bsc_dic_code_item` VALUES ('15', '17', 'bus', '业务用户', '0', null, '');

-- ----------------------------
-- Table structure for bsc_dic_code_type
-- ----------------------------
DROP TABLE IF EXISTS `bsc_dic_code_type`;
CREATE TABLE `bsc_dic_code_type` (
  `id` int(50) NOT NULL AUTO_INCREMENT,
  `TYPE_CODE` varchar(50) DEFAULT NULL COMMENT '编码',
  `TYPE_NAME` varchar(100) DEFAULT NULL COMMENT '名称',
  `IS_ACTIVE` char(1) DEFAULT '0' COMMENT '是否激活',
  `TYPE_MEMO` varchar(200) DEFAULT NULL COMMENT '备注',
  `CREATE_TIME` datetime DEFAULT CURRENT_TIMESTAMP COMMENT '创建时间',
  PRIMARY KEY (`id`)
) ENGINE=InnoDB AUTO_INCREMENT=19 DEFAULT CHARSET=utf8;

-- ----------------------------
-- Records of bsc_dic_code_type
-- ----------------------------
INSERT INTO `bsc_dic_code_type` VALUES ('1', 'SEX', '性别', '0', null, '2018-12-17 20:04:58');
INSERT INTO `bsc_dic_code_type` VALUES ('2', 'IS_ACTIVE', '是否激活', '0', '是否激活', '2018-12-17 20:05:01');
INSERT INTO `bsc_dic_code_type` VALUES ('9', 'STATUS', '状态', '0', '', '2018-12-17 20:05:04');
INSERT INTO `bsc_dic_code_type` VALUES ('14', 'IS_SHOW', '是否显示', '0', '', '2018-12-17 20:05:07');
INSERT INTO `bsc_dic_code_type` VALUES ('15', 'MENU_TYPE', '菜单类型', '0', '', '2018-12-17 20:05:09');
INSERT INTO `bsc_dic_code_type` VALUES ('17', 'USER_TYPE', '用户类型', '0', '', '2018-12-17 20:05:12');

-- ----------------------------
-- Table structure for schedule_job_log
-- ----------------------------
DROP TABLE IF EXISTS `schedule_job_log`;
CREATE TABLE `schedule_job_log` (
  `id` bigint(20) NOT NULL AUTO_INCREMENT COMMENT '任务日志id',
  `job_id` bigint(20) NOT NULL COMMENT '任务id',
  `bean_name` varchar(200) DEFAULT NULL COMMENT 'spring bean名称',
  `method_name` varchar(100) DEFAULT NULL COMMENT '方法名',
  `params` varchar(2000) DEFAULT NULL COMMENT '参数',
  `status` tinyint(4) NOT NULL COMMENT '任务状态    0：成功    1：失败',
  `error` varchar(2000) DEFAULT NULL COMMENT '失败信息',
  `times` int(11) NOT NULL COMMENT '耗时(单位：毫秒)',
  `create_time` datetime DEFAULT NULL COMMENT '创建时间',
  PRIMARY KEY (`id`),
  KEY `job_id` (`job_id`)
) ENGINE=InnoDB DEFAULT CHARSET=utf8 COMMENT='定时任务日志';

-- ----------------------------
-- Records of schedule_job_log
-- ----------------------------

-- ----------------------------
-- Table structure for sys_bug
-- ----------------------------
DROP TABLE IF EXISTS `sys_bug`;
CREATE TABLE `sys_bug` (
  `id` int(100) NOT NULL AUTO_INCREMENT,
  `bug_title` varchar(255) DEFAULT NULL,
  `bug_content` longtext,
  `bug_type` varchar(8) DEFAULT NULL,
  `creater` varchar(255) DEFAULT NULL,
  `creater_time` datetime DEFAULT NULL,
  PRIMARY KEY (`id`)
) ENGINE=InnoDB AUTO_INCREMENT=6 DEFAULT CHARSET=utf8;

-- ----------------------------
-- Records of sys_bug
-- ----------------------------
INSERT INTO `sys_bug` VALUES ('1', 'ces', 'hhhjh', 'text', 'sys_admin', '2019-04-13 23:48:19');
INSERT INTO `sys_bug` VALUES ('2', 'ces', 'hhhjh', 'text', 'sys_admin', '2019-04-13 23:49:07');
INSERT INTO `sys_bug` VALUES ('3', '图', 'E:/avatar/lALPDgQ9qjgLW_7NAvfNBNc_1239_759.png_620x10000q90g.jpg', 'img', 'sys_admin', '2019-04-13 23:50:05');
INSERT INTO `sys_bug` VALUES ('4', '图1', 'E:/avatar/lALPDgQ9qjgLW_7NAvfNBNc_1239_759.png_620x10000q90g.jpg', 'img', 'sys_admin', '2019-04-13 23:52:24');
INSERT INTO `sys_bug` VALUES ('5', 'ffff', 'E:/avatar/z住建全景ER图_v6.0_核心表2.png', 'img', 'sys_admin', '2019-04-13 23:54:41');

-- ----------------------------
-- Table structure for sys_cron_task
-- ----------------------------
DROP TABLE IF EXISTS `sys_cron_task`;
CREATE TABLE `sys_cron_task` (
  `id` int(11) NOT NULL AUTO_INCREMENT,
  `cron_expression` varchar(255) DEFAULT NULL,
  `demo` varchar(255) DEFAULT NULL,
  `task_name` varchar(255) DEFAULT NULL,
  PRIMARY KEY (`id`)
) ENGINE=InnoDB DEFAULT CHARSET=utf8;

-- ----------------------------
-- Records of sys_cron_task
-- ----------------------------

-- ----------------------------
-- Table structure for sys_deal_log
-- ----------------------------
DROP TABLE IF EXISTS `sys_deal_log`;
CREATE TABLE `sys_deal_log` (
  `id` bigint(20) NOT NULL AUTO_INCREMENT,
  `username` varchar(50) DEFAULT NULL COMMENT '用户名',
  `operation` varchar(50) DEFAULT NULL COMMENT '用户操作',
  `method` varchar(200) DEFAULT NULL COMMENT '请求方法',
  `params` varchar(5000) DEFAULT NULL COMMENT '请求参数',
  `time` bigint(20) NOT NULL COMMENT '执行时长(毫秒)',
  `ip` varchar(64) DEFAULT NULL COMMENT 'IP地址',
  `create_date` datetime DEFAULT NULL COMMENT '创建时间',
  PRIMARY KEY (`id`)
) ENGINE=InnoDB AUTO_INCREMENT=950 DEFAULT CHARSET=utf8 COMMENT='系统日志';

-- ----------------------------
-- Records of sys_deal_log
-- ----------------------------
INSERT INTO `sys_deal_log` VALUES ('8', '秦建平', '用户登录', 'com.example.demo.modules.sys.controller.LoginController.toLogin()', '{\"username\":\"秦建平\",\"password\":\"123456\",\"status\":0,\"page\":1,\"rows\":10}', '85', '127.0.0.1', '2019-02-11 23:19:23');
INSERT INTO `sys_deal_log` VALUES ('9', '秦建平', '用户登录', 'com.example.demo.modules.sys.controller.LoginController.toLogin()', '{\"username\":\"秦建平\",\"password\":\"123456444\",\"status\":0,\"page\":1,\"rows\":10}', '33', '127.0.0.1', '2019-02-11 23:20:18');
INSERT INTO `sys_deal_log` VALUES ('10', '秦建平', '用户登录', 'com.example.demo.modules.sys.controller.LoginController.toLogin()', '{\"username\":\"秦建平\",\"password\":\"123456\",\"status\":0,\"page\":1,\"rows\":10}', '53', '127.0.0.1', '2019-02-11 23:20:39');
INSERT INTO `sys_deal_log` VALUES ('11', '钟巧丽', '用户登录', 'com.example.demo.modules.sys.controller.LoginController.toLogin()', '{\"username\":\"钟巧丽\",\"password\":\"123456\",\"status\":0,\"page\":1,\"rows\":10}', '40', '127.0.0.1', '2019-02-11 23:20:47');
INSERT INTO `sys_deal_log` VALUES ('12', '钟巧丽', '用户登录', 'com.example.demo.modules.sys.controller.LoginController.toLogin()', '{\"username\":\"钟巧丽\",\"password\":\"123456\",\"status\":0,\"page\":1,\"rows\":10}', '117', '127.0.0.1', '2019-02-12 14:04:54');
INSERT INTO `sys_deal_log` VALUES ('13', '钟巧丽', '用户登录', 'com.example.demo.modules.sys.controller.LoginController.toLogin()', '{\"username\":\"钟巧丽\",\"password\":\"123456\",\"status\":0,\"page\":1,\"rows\":10}', '93', '127.0.0.1', '2019-02-12 15:03:23');
INSERT INTO `sys_deal_log` VALUES ('14', '钟巧丽', '用户登录', 'com.example.demo.modules.sys.controller.LoginController.toLogin()', '{\"username\":\"钟巧丽\",\"password\":\"123456\",\"status\":0,\"page\":1,\"rows\":10}', '34', '127.0.0.1', '2019-02-12 15:07:58');
INSERT INTO `sys_deal_log` VALUES ('15', '钟巧丽', '用户登录', 'com.example.demo.modules.sys.controller.LoginController.toLogin()', '{\"username\":\"钟巧丽\",\"password\":\"123456\",\"status\":0,\"page\":1,\"rows\":10}', '139', '127.0.0.1', '2019-02-12 15:25:41');
INSERT INTO `sys_deal_log` VALUES ('16', '钟巧丽', '保存角色', 'com.example.demo.modules.sys.controller.RoleController.saveOrUpdate()', '{\"id\":7,\"roleName\":\"股民\",\"remark\":\"股民\",\"status\":0,\"page\":1,\"rows\":10}', '31', '127.0.0.1', '2019-02-12 15:25:53');
INSERT INTO `sys_deal_log` VALUES ('17', '钟勇军', '用户登录', 'com.example.demo.modules.sys.controller.LoginController.toLogin()', '{\"username\":\"钟勇军\",\"password\":\"123456\",\"status\":0,\"page\":1,\"rows\":10}', '41', '127.0.0.1', '2019-02-12 15:44:00');
INSERT INTO `sys_deal_log` VALUES ('18', '张勇兵', '用户登录', 'com.example.demo.modules.sys.controller.LoginController.toLogin()', '{\"username\":\"张勇兵\",\"password\":\"123456\",\"status\":0,\"page\":1,\"rows\":10}', '30', '127.0.0.1', '2019-02-12 15:44:06');
INSERT INTO `sys_deal_log` VALUES ('19', '秦建平', '用户登录', 'com.example.demo.modules.sys.controller.LoginController.toLogin()', '{\"username\":\"秦建平\",\"password\":\"123456\",\"status\":0,\"page\":1,\"rows\":10}', '29', '127.0.0.1', '2019-02-12 15:44:42');
INSERT INTO `sys_deal_log` VALUES ('20', '秦建平', '用户登录', 'com.example.demo.modules.sys.controller.LoginController.toLogin()', '{\"username\":\"秦建平\",\"password\":\"123456\",\"status\":0,\"page\":1,\"rows\":10}', '44', '127.0.0.1', '2019-02-12 15:46:46');
INSERT INTO `sys_deal_log` VALUES ('21', '秦建平', '用户登录', 'com.example.demo.modules.sys.controller.LoginController.toLogin()', '{\"username\":\"秦建平\",\"password\":\"123456\",\"status\":0,\"page\":1,\"rows\":10}', '90', '127.0.0.1', '2019-02-12 15:47:17');
INSERT INTO `sys_deal_log` VALUES ('22', '秦建平', '保存菜单权限', 'com.example.demo.modules.sys.controller.MenuController.saveMenuPermission()', '2', '484', '127.0.0.1', '2019-02-12 15:50:13');
INSERT INTO `sys_deal_log` VALUES ('23', '张勇兵33', '用户登录', 'com.example.demo.modules.sys.controller.LoginController.toLogin()', '{\"username\":\"张勇兵33\",\"password\":\"123456\",\"status\":0,\"page\":1,\"rows\":10}', '45', '127.0.0.1', '2019-02-12 15:50:38');
INSERT INTO `sys_deal_log` VALUES ('24', '张勇兵33', '新增或修改菜单', 'com.example.demo.modules.sys.controller.MenuController.saveOrUpdate()', '{\"id\":1002015,\"icon\":\"glyphicon glyphicon-dashboard\",\"menuName\":\"服务监控\",\"url\":\"/monitor/server\",\"parentId\":1002014,\"isShow\":0,\"menuType\":\"api\",\"page\":1,\"rows\":10}', '95', '127.0.0.1', '2019-02-12 15:53:57');
INSERT INTO `sys_deal_log` VALUES ('25', '张勇兵33', '用户登录', 'com.example.demo.modules.sys.controller.LoginController.toLogin()', '{\"username\":\"张勇兵33\",\"password\":\"123456\",\"status\":0,\"page\":1,\"rows\":10}', '124', '127.0.0.1', '2019-02-12 16:01:08');
INSERT INTO `sys_deal_log` VALUES ('26', 'admin', '用户登录', 'com.example.demo.modules.sys.controller.LoginController.toLogin()', '{\"username\":\"admin\",\"password\":\"123456\",\"status\":0,\"page\":1,\"rows\":10}', '122', '127.0.0.1', '2019-02-12 16:19:10');
INSERT INTO `sys_deal_log` VALUES ('27', 'admin', '用户登录', 'com.example.demo.modules.sys.controller.LoginController.toLogin()', '{\"username\":\"admin\",\"password\":\"123456\",\"status\":0,\"page\":1,\"rows\":10}', '74', '127.0.0.1', '2019-02-12 16:21:35');
INSERT INTO `sys_deal_log` VALUES ('28', 'admin', '用户登录', 'com.example.demo.modules.sys.controller.LoginController.toLogin()', '{\"username\":\"admin\",\"password\":\"123456\",\"status\":0,\"page\":1,\"rows\":10}', '75', '127.0.0.1', '2019-02-12 16:22:53');
INSERT INTO `sys_deal_log` VALUES ('29', 'admin', '批量删除用户', 'com.example.demo.modules.sys.controller.UserController.batchDelete()', '[9,10,11,12,187,188,189,190,191]', '170', '127.0.0.1', '2019-02-12 16:25:26');
INSERT INTO `sys_deal_log` VALUES ('30', 'admin', '批量删除用户', 'com.example.demo.modules.sys.controller.UserController.batchDelete()', '[192,193,194,195,196,197,198,199,200]', '177', '127.0.0.1', '2019-02-12 16:25:30');
INSERT INTO `sys_deal_log` VALUES ('31', 'admin', '批量删除用户', 'com.example.demo.modules.sys.controller.UserController.batchDelete()', '[201,202,203,204,205,206,207,208,209]', '192', '127.0.0.1', '2019-02-12 16:25:34');
INSERT INTO `sys_deal_log` VALUES ('32', 'admin', '批量删除用户', 'com.example.demo.modules.sys.controller.UserController.batchDelete()', '[201,202,203,204,205,206,207,208,209]', '100', '127.0.0.1', '2019-02-12 16:25:43');
INSERT INTO `sys_deal_log` VALUES ('33', 'admin', '批量删除用户', 'com.example.demo.modules.sys.controller.UserController.batchDelete()', '[201]', '17', '127.0.0.1', '2019-02-12 16:25:50');
INSERT INTO `sys_deal_log` VALUES ('34', 'admin', '批量删除用户', 'com.example.demo.modules.sys.controller.UserController.batchDelete()', '[206]', '20', '127.0.0.1', '2019-02-12 16:25:53');
INSERT INTO `sys_deal_log` VALUES ('35', 'admin', '删除角色', 'com.example.demo.modules.sys.controller.RoleController.delete()', '5', '20', '127.0.0.1', '2019-02-12 16:26:08');
INSERT INTO `sys_deal_log` VALUES ('36', 'admin', '删除角色', 'com.example.demo.modules.sys.controller.RoleController.delete()', '6', '22', '127.0.0.1', '2019-02-12 16:26:10');
INSERT INTO `sys_deal_log` VALUES ('37', 'admin', '删除角色', 'com.example.demo.modules.sys.controller.RoleController.delete()', '7', '18', '127.0.0.1', '2019-02-12 16:26:11');
INSERT INTO `sys_deal_log` VALUES ('38', 'admin', '批量删除用户', 'com.example.demo.modules.sys.controller.UserController.batchDelete()', '[209]', '18', '127.0.0.1', '2019-02-12 16:26:24');
INSERT INTO `sys_deal_log` VALUES ('39', 'admin', '用户注册', 'com.example.demo.modules.sys.controller.LoginController.register()', '{\"verify\":\"\",\"username\":\"ywq\",\"password\":\"123456\",\"realName\":\"叶皖清\",\"email\":\"357227804@qq.com\",\"phone\":\"13315698523\",\"constellation\":\"处女座\",\"city\":\"深圳\",\"page\":1,\"rows\":10}', '12', '127.0.0.1', '2019-02-12 16:27:49');
INSERT INTO `sys_deal_log` VALUES ('40', '秦建平', '用户登录', 'com.example.demo.modules.sys.controller.LoginController.login()', '{\"username\":\"秦建平\",\"password\":\"123456\",\"page\":1,\"rows\":10}', '4287', '127.0.0.1', '2019-02-13 10:29:36');
INSERT INTO `sys_deal_log` VALUES ('41', '秦建平', '用户登录', 'com.example.demo.modules.sys.controller.LoginController.login()', '{\"username\":\"秦建平\",\"password\":\"123456\",\"page\":1,\"rows\":10}', '3574', '127.0.0.1', '2019-02-13 10:39:00');
INSERT INTO `sys_deal_log` VALUES ('42', '秦建平', '用户登录', 'com.example.demo.modules.sys.controller.LoginController.login()', '{\"username\":\"秦建平\",\"password\":\"123456\",\"page\":1,\"rows\":10}', '1541', '127.0.0.1', '2019-02-13 10:41:18');
INSERT INTO `sys_deal_log` VALUES ('43', '秦建平', '用户登录', 'com.example.demo.modules.sys.controller.LoginController.login()', '{\"username\":\"秦建平\",\"password\":\"123456\",\"page\":1,\"rows\":10}', '1182', '127.0.0.1', '2019-02-13 11:12:02');
INSERT INTO `sys_deal_log` VALUES ('44', '秦建平', '用户登录', 'com.example.demo.modules.sys.controller.LoginController.login()', '{\"username\":\"秦建平\",\"password\":\"123456\",\"page\":1,\"rows\":10}', '1009', '127.0.0.1', '2019-02-13 11:13:35');
INSERT INTO `sys_deal_log` VALUES ('45', '秦建平', '用户登录', 'com.example.demo.modules.sys.controller.LoginController.login()', '{\"username\":\"秦建平\",\"password\":\"123456\",\"page\":1,\"rows\":10}', '2569', '127.0.0.1', '2019-02-13 11:15:55');
INSERT INTO `sys_deal_log` VALUES ('46', '秦建平', '用户登录', 'com.example.demo.modules.sys.controller.LoginController.login()', '{\"username\":\"秦建平\",\"password\":\"123456\",\"page\":1,\"rows\":10}', '650', '127.0.0.1', '2019-02-13 11:55:17');
INSERT INTO `sys_deal_log` VALUES ('47', '秦建平', '用户登录', 'com.example.demo.modules.sys.controller.LoginController.login()', '{\"username\":\"秦建平\",\"password\":\"123456\",\"page\":1,\"rows\":10}', '57918', '127.0.0.1', '2019-02-13 11:55:32');
INSERT INTO `sys_deal_log` VALUES ('48', '秦建平', '用户登录', 'com.example.demo.modules.sys.controller.LoginController.login()', '{\"username\":\"秦建平\",\"password\":\"123456\",\"page\":1,\"rows\":10}', '57415', '127.0.0.1', '2019-02-13 11:55:32');
INSERT INTO `sys_deal_log` VALUES ('49', '秦建平', '用户登录', 'com.example.demo.modules.sys.controller.LoginController.login()', '{\"username\":\"秦建平\",\"password\":\"123456\",\"page\":1,\"rows\":10}', '19332', '127.0.0.1', '2019-02-13 11:55:33');
INSERT INTO `sys_deal_log` VALUES ('50', '秦建平', '用户登录', 'com.example.demo.modules.sys.controller.LoginController.login()', '{\"username\":\"秦建平\",\"password\":\"123456\",\"page\":1,\"rows\":10}', '19295', '127.0.0.1', '2019-02-13 11:55:35');
INSERT INTO `sys_deal_log` VALUES ('51', '秦建平', '用户登录', 'com.example.demo.modules.sys.controller.LoginController.login()', '{\"username\":\"秦建平\",\"password\":\"123456\",\"page\":1,\"rows\":10}', '1077', '127.0.0.1', '2019-02-13 11:56:17');
INSERT INTO `sys_deal_log` VALUES ('52', '秦建平', '用户登录', 'com.example.demo.modules.sys.controller.LoginController.login()', '{\"username\":\"秦建平\",\"password\":\"123456\",\"page\":1,\"rows\":10}', '146873', '127.0.0.1', '2019-02-13 11:57:12');
INSERT INTO `sys_deal_log` VALUES ('53', '秦建平', '用户登录', 'com.example.demo.modules.sys.controller.LoginController.login()', '{\"username\":\"秦建平\",\"password\":\"123456\",\"page\":1,\"rows\":10}', '303', '127.0.0.1', '2019-02-13 13:47:28');
INSERT INTO `sys_deal_log` VALUES ('54', '秦建平', '用户登录', 'com.example.demo.modules.sys.controller.LoginController.login()', '{\"username\":\"秦建平\",\"password\":\"123456\",\"page\":1,\"rows\":10}', '19588', '127.0.0.1', '2019-02-13 14:18:36');
INSERT INTO `sys_deal_log` VALUES ('55', '秦建平', '用户登录', 'com.example.demo.modules.sys.controller.LoginController.login()', '{\"username\":\"秦建平\",\"password\":\"123456\",\"page\":1,\"rows\":10}', '372', '127.0.0.1', '2019-02-13 14:18:36');
INSERT INTO `sys_deal_log` VALUES ('56', '秦建平', '用户登录', 'com.example.demo.modules.sys.controller.LoginController.login()', '{\"username\":\"秦建平\",\"password\":\"123456\",\"page\":1,\"rows\":10}', '38367', '127.0.0.1', '2019-02-13 14:18:36');
INSERT INTO `sys_deal_log` VALUES ('57', '秦建平', '用户登录', 'com.example.demo.modules.sys.controller.LoginController.login()', '{\"username\":\"秦建平\",\"password\":\"123456\",\"page\":1,\"rows\":10}', '38473', '127.0.0.1', '2019-02-13 14:18:52');
INSERT INTO `sys_deal_log` VALUES ('58', '秦建平', '用户登录', 'com.example.demo.modules.sys.controller.LoginController.login()', '{\"username\":\"秦建平\",\"password\":\"123456\",\"page\":1,\"rows\":10}', '38197', '127.0.0.1', '2019-02-13 14:18:53');
INSERT INTO `sys_deal_log` VALUES ('59', '秦建平', '用户登录', 'com.example.demo.modules.sys.controller.LoginController.login()', '{\"username\":\"秦建平\",\"password\":\"123456\",\"page\":1,\"rows\":10}', '65153', '127.0.0.1', '2019-02-13 14:18:54');
INSERT INTO `sys_deal_log` VALUES ('60', '秦建平', '用户登录', 'com.example.demo.modules.sys.controller.LoginController.login()', '{\"username\":\"秦建平\",\"password\":\"123456\",\"page\":1,\"rows\":10}', '38211', '127.0.0.1', '2019-02-13 14:18:54');
INSERT INTO `sys_deal_log` VALUES ('61', '秦建平', '用户登录', 'com.example.demo.modules.sys.controller.LoginController.login()', '{\"username\":\"秦建平\",\"password\":\"123456\",\"page\":1,\"rows\":10}', '296', '127.0.0.1', '2019-02-13 14:36:37');
INSERT INTO `sys_deal_log` VALUES ('62', '秦建平', '保存用户信息', 'com.example.demo.modules.sys.controller.UserController.saveOrUpdate()', '{\"id\":210,\"username\":\"sys_admin\",\"password\":\"UUKHSDDI5KPA43A8VL06V0TU2\",\"realName\":\"系统管理员\",\"status\":0,\"createTime\":\"Feb 13, 2019 2:37:43 PM\",\"email\":\"285688338@qq.com\",\"phone\":\"15575946618\",\"sex\":0,\"constellation\":\"射手座\",\"city\":\"北京\",\"address\":\"北京\",\"page\":1,\"rows\":10}', '117', '127.0.0.1', '2019-02-13 14:37:43');
INSERT INTO `sys_deal_log` VALUES ('63', '秦建平', '保存用户信息', 'com.example.demo.modules.sys.controller.UserController.saveOrUpdate()', '{\"id\":1,\"username\":\"admin\",\"realName\":\"超级管理员\",\"status\":0,\"email\":\"285688338@qq.com\",\"phone\":\"15575946618\",\"sex\":0,\"constellation\":\"射手座\",\"city\":\"广州\",\"address\":\"\",\"page\":1,\"rows\":10}', '89', '127.0.0.1', '2019-02-13 14:38:12');
INSERT INTO `sys_deal_log` VALUES ('64', 'sys_admin', '用户登录', 'com.example.demo.modules.sys.controller.LoginController.login()', '{\"username\":\"sys_admin\",\"password\":\"123456\",\"page\":1,\"rows\":10}', '177', '127.0.0.1', '2019-02-13 14:40:49');
INSERT INTO `sys_deal_log` VALUES ('65', null, '用户登出', 'com.example.demo.modules.sys.controller.LoginController.logout()', null, '0', '127.0.0.1', '2019-03-20 22:09:11');
INSERT INTO `sys_deal_log` VALUES ('66', 'admin', '用户登录', 'com.example.demo.modules.sys.controller.LoginController.login()', '{\"username\":\"admin\",\"password\":\"123456\",\"page\":1,\"rows\":10}', '277', '127.0.0.1', '2019-03-20 22:09:14');
INSERT INTO `sys_deal_log` VALUES ('67', null, '用户登出', 'com.example.demo.modules.sys.controller.LoginController.logout()', null, '0', '127.0.0.1', '2019-03-20 22:10:42');
INSERT INTO `sys_deal_log` VALUES ('68', 'sys_admin', '用户登录', 'com.example.demo.modules.sys.controller.LoginController.login()', '{\"username\":\"sys_admin\",\"password\":\"123456\",\"page\":1,\"rows\":10}', '358', '127.0.0.1', '2019-03-20 22:10:47');
INSERT INTO `sys_deal_log` VALUES ('69', 'admin', '用户登录', 'com.example.demo.modules.sys.controller.LoginController.login()', '{\"username\":\"admin\",\"password\":\"123456\",\"page\":1,\"rows\":10}', '13276', '127.0.0.1', '2019-03-27 08:50:22');
INSERT INTO `sys_deal_log` VALUES ('70', 'admin', '用户登录', 'com.example.demo.modules.sys.controller.LoginController.login()', '{\"username\":\"admin\",\"password\":\"123456\",\"page\":1,\"rows\":10}', '15767', '127.0.0.1', '2019-03-27 08:50:22');
INSERT INTO `sys_deal_log` VALUES ('71', 'admin', '用户登录', 'com.example.demo.modules.sys.controller.LoginController.login()', '{\"username\":\"admin\",\"password\":\"123456\",\"page\":1,\"rows\":10}', '7354', '127.0.0.1', '2019-03-27 08:50:22');
INSERT INTO `sys_deal_log` VALUES ('72', 'admin', '用户登录', 'com.example.demo.modules.sys.controller.LoginController.login()', '{\"username\":\"admin\",\"password\":\"123456\",\"page\":1,\"rows\":10}', '3377', '127.0.0.1', '2019-03-27 08:50:22');
INSERT INTO `sys_deal_log` VALUES ('73', 'admin', '用户登录', 'com.example.demo.modules.sys.controller.LoginController.login()', '{\"username\":\"admin\",\"password\":\"123456\",\"page\":1,\"rows\":10}', '4751', '127.0.0.1', '2019-03-27 08:50:22');
INSERT INTO `sys_deal_log` VALUES ('74', 'admin', '用户登录', 'com.example.demo.modules.sys.controller.LoginController.login()', '{\"username\":\"admin\",\"password\":\"123456\",\"page\":1,\"rows\":10}', '3071', '127.0.0.1', '2019-03-27 08:50:22');
INSERT INTO `sys_deal_log` VALUES ('75', 'admin', '新增或修改菜单', 'com.example.demo.modules.sys.controller.MenuController.saveOrUpdate()', '{\"id\":1001,\"icon\":\"fa fa-home\",\"menuName\":\"系统管理\",\"url\":\"\",\"sort\":1,\"isShow\":1,\"permission\":\"\",\"menuType\":\"menu\",\"page\":1,\"rows\":10}', '884', '127.0.0.1', '2019-03-27 08:53:42');
INSERT INTO `sys_deal_log` VALUES ('76', 'admin', '新增或修改菜单', 'com.example.demo.modules.sys.controller.MenuController.saveOrUpdate()', '{\"id\":1001,\"icon\":\"fa fa-home\",\"menuName\":\"系统管理\",\"url\":\"\",\"sort\":1,\"isShow\":1,\"permission\":\"\",\"menuType\":\"menu\",\"page\":1,\"rows\":10}', '695', '127.0.0.1', '2019-03-27 08:53:43');
INSERT INTO `sys_deal_log` VALUES ('77', 'admin', '新增或修改菜单', 'com.example.demo.modules.sys.controller.MenuController.saveOrUpdate()', '{\"id\":1001,\"icon\":\"fa fa-home\",\"menuName\":\"系统管理\",\"url\":\"\",\"sort\":1,\"isShow\":0,\"permission\":\"\",\"menuType\":\"menu\",\"page\":1,\"rows\":10}', '1026', '127.0.0.1', '2019-03-27 08:54:14');
INSERT INTO `sys_deal_log` VALUES ('78', 'sys_admin', '用户登录', 'com.example.demo.modules.sys.controller.LoginController.login()', '{\"username\":\"sys_admin\",\"password\":\"123456\",\"page\":1,\"rows\":10}', '651', '127.0.0.1', '2019-03-27 23:36:18');
INSERT INTO `sys_deal_log` VALUES ('79', 'sys_admin', '保存用户信息', 'com.example.demo.modules.sys.controller.UserController.saveOrUpdate()', '{\"id\":210,\"username\":\"sys_admin\",\"realName\":\"系统管理员\",\"status\":0,\"email\":\"285688338@qq.com\",\"phone\":\"15575988888\",\"sex\":0,\"constellation\":\"射手座\",\"city\":\"北京\",\"address\":\"北京\",\"page\":1,\"rows\":10}', '93', '127.0.0.1', '2019-03-27 23:40:28');
INSERT INTO `sys_deal_log` VALUES ('80', 'sys_admin', '保存用户信息', 'com.example.demo.modules.sys.controller.UserController.saveOrUpdate()', '{\"id\":1,\"username\":\"admin\",\"realName\":\"超级管理员\",\"status\":0,\"email\":\"285688338@qq.com\",\"phone\":\"15566668888\",\"sex\":0,\"constellation\":\"射手座\",\"city\":\"广州\",\"address\":\"\",\"page\":1,\"rows\":10}', '91', '127.0.0.1', '2019-03-27 23:40:53');
INSERT INTO `sys_deal_log` VALUES ('81', 'sys_admin', '保存用户信息', 'com.example.demo.modules.sys.controller.UserController.saveOrUpdate()', '{\"id\":206,\"username\":\"钟巧丽\",\"realName\":\"钟巧丽\",\"status\":0,\"email\":\"11341561111@qq.com\",\"phone\":\"18512345678\",\"sex\":0,\"constellation\":\"摩羯座\",\"city\":\"宁乡\",\"address\":\"\",\"page\":1,\"rows\":10}', '94', '127.0.0.1', '2019-03-27 23:41:21');
INSERT INTO `sys_deal_log` VALUES ('82', 'admin', '用户登录', 'com.example.demo.modules.sys.controller.LoginController.login()', '{\"username\":\"admin\",\"password\":\"123456\",\"page\":1,\"rows\":10}', '2077', '127.0.0.1', '2019-03-28 08:29:57');
INSERT INTO `sys_deal_log` VALUES ('83', 'admin', '保存用户信息', 'com.example.demo.modules.sys.controller.UserController.saveOrUpdate()', '{\"id\":1,\"username\":\"admin\",\"realName\":\"超级管理员\",\"status\":0,\"email\":\"285688338@qq.com\",\"phone\":\"15566668888\",\"sex\":1,\"constellation\":\"射手座\",\"city\":\"广州\",\"address\":\"\",\"page\":1,\"rows\":10}', '1177', '127.0.0.1', '2019-03-28 08:30:35');
INSERT INTO `sys_deal_log` VALUES ('84', 'admin', '用户登录', 'com.example.demo.modules.sys.controller.LoginController.login()', '{\"username\":\"pro_test\",\"password\":\"111111\",\"page\":1,\"rows\":10}', '1716', '127.0.0.1', '2019-03-28 08:48:27');
INSERT INTO `sys_deal_log` VALUES ('85', 'admin', '用户登录', 'com.example.demo.modules.sys.controller.LoginController.login()', '{\"username\":\"pro_test\",\"password\":\"111111\",\"page\":1,\"rows\":10}', '2853', '127.0.0.1', '2019-03-28 08:48:33');
INSERT INTO `sys_deal_log` VALUES ('86', 'admin', '用户登录', 'com.example.demo.modules.sys.controller.LoginController.login()', '{\"username\":\"admin\",\"password\":\"123456\",\"page\":1,\"rows\":10}', '2756', '127.0.0.1', '2019-03-28 09:52:09');
INSERT INTO `sys_deal_log` VALUES ('87', 'admin', '用户登录', 'com.example.demo.modules.sys.controller.LoginController.login()', '{\"username\":\"admin\",\"password\":\"123456\",\"page\":1,\"rows\":10}', '2762', '127.0.0.1', '2019-03-28 14:15:05');
INSERT INTO `sys_deal_log` VALUES ('88', 'admin', '用户登录', 'com.example.demo.modules.sys.controller.LoginController.login()', '{\"username\":\"admin\",\"password\":\"123456\",\"page\":1,\"rows\":10}', '2031', '127.0.0.1', '2019-03-28 14:18:34');
INSERT INTO `sys_deal_log` VALUES ('89', 'admin', '用户登录', 'com.example.demo.modules.sys.controller.LoginController.login()', '{\"username\":\"admin\",\"password\":\"123456\",\"page\":1,\"rows\":10}', '481', '127.0.0.1', '2019-03-29 10:08:26');
INSERT INTO `sys_deal_log` VALUES ('90', 'admin', '用户登录', 'com.example.demo.modules.sys.controller.LoginController.login()', '{\"username\":\"admin\",\"password\":\"123456\",\"page\":1,\"rows\":10}', '462', '127.0.0.1', '2019-03-29 10:26:12');
INSERT INTO `sys_deal_log` VALUES ('91', 'admin', '新增或修改菜单', 'com.example.demo.modules.sys.controller.MenuController.saveOrUpdate()', '{\"id\":1001,\"icon\":\"fa fa-home\",\"menuName\":\"系统管理\",\"url\":\"\",\"sort\":1,\"isShow\":1,\"permission\":\"\",\"menuType\":\"menu\",\"page\":1,\"rows\":10}', '187', '127.0.0.1', '2019-03-29 10:29:24');
INSERT INTO `sys_deal_log` VALUES ('92', 'admin', '新增或修改菜单', 'com.example.demo.modules.sys.controller.MenuController.saveOrUpdate()', '{\"id\":1001,\"icon\":\"fa fa-home\",\"menuName\":\"系统管理\",\"url\":\"\",\"sort\":1,\"isShow\":0,\"permission\":\"\",\"menuType\":\"menu\",\"page\":1,\"rows\":10}', '188', '127.0.0.1', '2019-03-29 10:29:35');
INSERT INTO `sys_deal_log` VALUES ('93', 'admin', '用户登录', 'com.example.demo.modules.sys.controller.LoginController.login()', '{\"username\":\"admin\",\"password\":\"123456\",\"page\":1,\"rows\":10}', '403', '127.0.0.1', '2019-03-29 13:46:26');
INSERT INTO `sys_deal_log` VALUES ('94', 'admin', '新增或修改菜单', 'com.example.demo.modules.sys.controller.MenuController.saveOrUpdate()', '{\"id\":1001001,\"icon\":\"glyphicon glyphicon-star-empty\",\"menuName\":\"用户管理\",\"url\":\"/sys/user/list\",\"parentId\":1001,\"sort\":1,\"isShow\":0,\"permission\":\"sys:user:list\",\"menuType\":\"api\",\"page\":1,\"rows\":10}', '140', '127.0.0.1', '2019-03-29 14:13:37');
INSERT INTO `sys_deal_log` VALUES ('95', 'admin', '用户登录', 'com.example.demo.modules.sys.controller.LoginController.login()', '{\"username\":\"admin\",\"password\":\"123456\",\"page\":1,\"rows\":10}', '399', '127.0.0.1', '2019-03-29 14:35:56');
INSERT INTO `sys_deal_log` VALUES ('96', 'admin', '启动或停止定时任务', 'com.example.demo.modules.sys.controller.ScheduleJobController.changeJobStatus()', '12', '111', '127.0.0.1', '2019-03-29 14:42:35');
INSERT INTO `sys_deal_log` VALUES ('97', 'admin', '启动或停止定时任务', 'com.example.demo.modules.sys.controller.ScheduleJobController.changeJobStatus()', '12', '70', '127.0.0.1', '2019-03-29 14:42:42');
INSERT INTO `sys_deal_log` VALUES ('98', 'admin', '用户登录', 'com.example.demo.modules.sys.controller.LoginController.login()', '{\"username\":\"admin\",\"password\":\"123456\",\"page\":1,\"rows\":10}', '355', '127.0.0.1', '2019-03-29 15:16:26');
INSERT INTO `sys_deal_log` VALUES ('99', 'admin', '用户登录', 'com.example.demo.modules.sys.controller.LoginController.login()', '{\"username\":\"admin\",\"password\":\"123456\",\"page\":1,\"rows\":10}', '770', '127.0.0.1', '2019-03-29 19:11:47');
INSERT INTO `sys_deal_log` VALUES ('100', null, '用户登出', 'com.example.demo.modules.sys.controller.LoginController.logout()', null, '1', '127.0.0.1', '2019-03-29 19:12:58');
INSERT INTO `sys_deal_log` VALUES ('101', null, '用户登录', 'com.example.demo.modules.sys.controller.LoginController.login()', '{\"username\":\"adf\",\"password\":\"adfadad\",\"page\":1,\"rows\":10}', '212', '127.0.0.1', '2019-03-29 19:13:08');
INSERT INTO `sys_deal_log` VALUES ('102', null, '用户登录', 'com.example.demo.modules.sys.controller.LoginController.login()', '{\"username\":\"adfadfa\",\"password\":\"adfadad\",\"page\":1,\"rows\":10}', '233', '127.0.0.1', '2019-03-29 19:13:11');
INSERT INTO `sys_deal_log` VALUES ('103', null, '用户登录', 'com.example.demo.modules.sys.controller.LoginController.login()', '{\"username\":\"admin\",\"password\":\"adsfad\",\"page\":1,\"rows\":10}', '290', '127.0.0.1', '2019-03-29 19:13:17');
INSERT INTO `sys_deal_log` VALUES ('104', null, '用户登录', 'com.example.demo.modules.sys.controller.LoginController.login()', '{\"username\":\"admin\",\"password\":\"adsfad\",\"page\":1,\"rows\":10}', '295', '127.0.0.1', '2019-03-29 19:13:19');
INSERT INTO `sys_deal_log` VALUES ('105', 'admin', '用户登录', 'com.example.demo.modules.sys.controller.LoginController.login()', '{\"username\":\"admin\",\"password\":\"123456\",\"page\":1,\"rows\":10}', '668', '127.0.0.1', '2019-03-29 19:13:50');
INSERT INTO `sys_deal_log` VALUES ('106', null, '用户登出', 'com.example.demo.modules.sys.controller.LoginController.logout()', null, '1', '127.0.0.1', '2019-03-29 19:17:51');
INSERT INTO `sys_deal_log` VALUES ('107', 'admin', '用户登录', 'com.example.demo.modules.sys.controller.LoginController.login()', '{\"username\":\"admin\",\"password\":\"123456\",\"page\":1,\"rows\":10}', '818', '127.0.0.1', '2019-03-29 19:41:16');
INSERT INTO `sys_deal_log` VALUES ('108', 'admin', '用户登录', 'com.example.demo.modules.sys.controller.LoginController.login()', '{\"username\":\"admin\",\"password\":\"123456\",\"page\":1,\"rows\":10}', '545', '61.140.233.104', '2019-03-31 21:58:59');
INSERT INTO `sys_deal_log` VALUES ('109', 'sys_admin', '用户登录', 'com.example.demo.modules.sys.controller.LoginController.login()', '{\"username\":\"sys_admin\",\"password\":\"123456\",\"page\":1,\"rows\":10}', '8887', '61.140.233.104', '2019-03-31 22:14:03');
INSERT INTO `sys_deal_log` VALUES ('110', 'sys_admin', '用户登录', 'com.example.demo.modules.sys.controller.LoginController.login()', '{\"username\":\"sys_admin\",\"password\":\"123456\",\"page\":1,\"rows\":10}', '153993', '61.140.233.104', '2019-03-31 22:16:32');
INSERT INTO `sys_deal_log` VALUES ('111', 'sys_admin', '用户登录', 'com.example.demo.modules.sys.controller.LoginController.login()', '{\"username\":\"sys_admin\",\"password\":\"123456\",\"page\":1,\"rows\":10}', '153998', '61.140.233.104', '2019-03-31 22:16:32');
INSERT INTO `sys_deal_log` VALUES ('112', 'sys_admin', '用户登录', 'com.example.demo.modules.sys.controller.LoginController.login()', '{\"username\":\"sys_admin\",\"password\":\"123456\",\"page\":1,\"rows\":10}', '153997', '61.140.233.104', '2019-03-31 22:16:32');
INSERT INTO `sys_deal_log` VALUES ('113', 'sys_admin', '用户登录', 'com.example.demo.modules.sys.controller.LoginController.login()', '{\"username\":\"sys_admin\",\"password\":\"123456\",\"page\":1,\"rows\":10}', '159698', '61.140.233.104', '2019-03-31 22:16:40');
INSERT INTO `sys_deal_log` VALUES ('114', 'sys_admin', '用户登录', 'com.example.demo.modules.sys.controller.LoginController.login()', '{\"username\":\"sys_admin\",\"password\":\"123456\",\"page\":1,\"rows\":10}', '159700', '61.140.233.104', '2019-03-31 22:16:40');
INSERT INTO `sys_deal_log` VALUES ('115', 'sys_admin', '用户登录', 'com.example.demo.modules.sys.controller.LoginController.login()', '{\"username\":\"sys_admin\",\"password\":\"123456\",\"page\":1,\"rows\":10}', '133590', '61.140.233.104', '2019-03-31 22:17:57');
INSERT INTO `sys_deal_log` VALUES ('116', 'sys_admin', '用户登录', 'com.example.demo.modules.sys.controller.LoginController.login()', '{\"username\":\"sys_admin\",\"password\":\"123456\",\"page\":1,\"rows\":10}', '133602', '61.140.233.104', '2019-03-31 22:17:57');
INSERT INTO `sys_deal_log` VALUES ('117', 'sys_admin', '用户登录', 'com.example.demo.modules.sys.controller.LoginController.login()', '{\"username\":\"sys_admin\",\"password\":\"123456\",\"page\":1,\"rows\":10}', '133590', '61.140.233.104', '2019-03-31 22:17:57');
INSERT INTO `sys_deal_log` VALUES ('118', 'admin', '用户登录', 'com.example.demo.modules.sys.controller.LoginController.login()', '{\"username\":\"admin\",\"password\":\"123456\",\"page\":1,\"rows\":10}', '41285', '61.140.233.104', '2019-03-31 22:19:09');
INSERT INTO `sys_deal_log` VALUES ('119', 'admin', '用户登录', 'com.example.demo.modules.sys.controller.LoginController.login()', '{\"username\":\"admin\",\"password\":\"123456\",\"page\":1,\"rows\":10}', '376', '61.140.233.104', '2019-03-31 23:27:32');
INSERT INTO `sys_deal_log` VALUES ('120', null, '用户登出', 'com.example.demo.modules.sys.controller.LoginController.logout()', null, '1', '61.140.233.104', '2019-03-31 23:28:00');
INSERT INTO `sys_deal_log` VALUES ('121', 'sys_admin', '用户登录', 'com.example.demo.modules.sys.controller.LoginController.login()', '{\"username\":\"sys_admin\",\"password\":\"123456\",\"page\":1,\"rows\":10}', '251', '61.140.233.104', '2019-03-31 23:28:07');
INSERT INTO `sys_deal_log` VALUES ('122', null, '用户登出', 'com.example.demo.modules.sys.controller.LoginController.logout()', null, '1', '61.140.233.104', '2019-03-31 23:28:49');
INSERT INTO `sys_deal_log` VALUES ('123', 'admin', '用户登录', 'com.example.demo.modules.sys.controller.LoginController.login()', '{\"username\":\"admin\",\"password\":\"123456\",\"page\":1,\"rows\":10}', '137', '61.140.233.104', '2019-03-31 23:28:52');
INSERT INTO `sys_deal_log` VALUES ('124', 'sys_admin', '用户登录', 'com.example.demo.modules.sys.controller.LoginController.login()', '{\"username\":\"sys_admin\",\"password\":\"123456\",\"page\":1,\"rows\":10}', '52371', '61.140.233.104', '2019-03-31 23:31:58');
INSERT INTO `sys_deal_log` VALUES ('125', 'admin', '用户登录', 'com.example.demo.modules.sys.controller.LoginController.login()', '{\"username\":\"admin\",\"password\":\"123456\",\"page\":1,\"rows\":10}', '42998', '61.140.233.104', '2019-03-31 23:32:01');
INSERT INTO `sys_deal_log` VALUES ('126', 'admin', '用户登录', 'com.example.demo.modules.sys.controller.LoginController.login()', '{\"username\":\"admin\",\"password\":\"123456\",\"page\":1,\"rows\":10}', '43003', '61.140.233.104', '2019-03-31 23:32:01');
INSERT INTO `sys_deal_log` VALUES ('127', 'admin', '用户登录', 'com.example.demo.modules.sys.controller.LoginController.login()', '{\"username\":\"admin\",\"password\":\"123456\",\"page\":1,\"rows\":10}', '74107', '61.140.233.104', '2019-03-31 23:33:43');
INSERT INTO `sys_deal_log` VALUES ('128', 'admin', '用户登录', 'com.example.demo.modules.sys.controller.LoginController.login()', '{\"username\":\"admin\",\"password\":\"123456\",\"page\":1,\"rows\":10}', '74105', '61.140.233.104', '2019-03-31 23:33:43');
INSERT INTO `sys_deal_log` VALUES ('129', 'admin', '新增或修改菜单', 'com.example.demo.modules.sys.controller.MenuController.saveOrUpdate()', '{\"id\":1002017,\"icon\":\"glyphicon glyphicon-book\",\"menuName\":\"文件管理\",\"url\":\"\",\"isShow\":0,\"permission\":\"\",\"menuType\":\"menu\",\"page\":1,\"rows\":10}', '1021', '61.140.233.104', '2019-03-31 23:38:38');
INSERT INTO `sys_deal_log` VALUES ('130', 'admin', '新增或修改菜单', 'com.example.demo.modules.sys.controller.MenuController.saveOrUpdate()', '{\"id\":1002018,\"icon\":\"glyphicon glyphicon-th-list\",\"menuName\":\"文件列表\",\"url\":\"/myfile/fileList\",\"parentId\":1002017,\"isShow\":0,\"permission\":\"myfile:fileList\",\"menuType\":\"api\",\"page\":1,\"rows\":10}', '5203', '61.140.233.104', '2019-03-31 23:41:36');
INSERT INTO `sys_deal_log` VALUES ('131', 'admin', '保存菜单权限', 'com.example.demo.modules.sys.controller.MenuController.saveMenuPermission()', '4', '207109', '61.140.233.104', '2019-03-31 23:46:37');
INSERT INTO `sys_deal_log` VALUES ('132', 'admin', '保存菜单权限', 'com.example.demo.modules.sys.controller.MenuController.saveMenuPermission()', '4', '232403', '61.140.233.104', '2019-03-31 23:47:42');
INSERT INTO `sys_deal_log` VALUES ('133', 'admin', '用户登录', 'com.example.demo.modules.sys.controller.LoginController.login()', '{\"username\":\"admin\",\"password\":\"123456\",\"page\":1,\"rows\":10}', '203', '113.108.241.203', '2019-04-01 22:11:51');
INSERT INTO `sys_deal_log` VALUES ('134', 'admin', '保存菜单权限', 'com.example.demo.modules.sys.controller.MenuController.saveMenuPermission()', '1', '321', '113.108.241.203', '2019-04-01 22:12:18');
INSERT INTO `sys_deal_log` VALUES ('135', null, '用户登出', 'com.example.demo.modules.sys.controller.LoginController.logout()', null, '0', '113.108.241.203', '2019-04-01 22:20:53');
INSERT INTO `sys_deal_log` VALUES ('136', 'sys_admin', '用户登录', 'com.example.demo.modules.sys.controller.LoginController.login()', '{\"username\":\"sys_admin\",\"password\":\"123456\",\"page\":1,\"rows\":10}', '83', '113.108.241.203', '2019-04-01 22:24:29');
INSERT INTO `sys_deal_log` VALUES ('137', 'sys_admin', '保存用户信息', 'com.example.demo.modules.sys.controller.UserController.saveOrUpdate()', '{\"id\":211,\"username\":\"邓俊辉\",\"password\":\"UUKHSDDI5KPA43A8VL06V0TU2\",\"realName\":\"邓俊辉\",\"status\":0,\"createTime\":\"Apr 1, 2019 10:25:24 PM\",\"email\":\"285688338@qq.com\",\"phone\":\"1111111111\",\"sex\":1,\"constellation\":\"狮子座\",\"city\":\"东莞\",\"address\":\"东莞\",\"page\":1,\"rows\":10}', '33', '113.108.241.203', '2019-04-01 22:25:24');
INSERT INTO `sys_deal_log` VALUES ('138', 'sys_admin', '保存角色', 'com.example.demo.modules.sys.controller.RoleController.saveOrUpdate()', '{\"id\":7,\"roleName\":\"测试员\",\"remark\":\"\",\"status\":0,\"createTime\":\"Apr 1, 2019 10:25:50 PM\",\"roleType\":1,\"page\":1,\"rows\":10}', '40', '113.108.241.203', '2019-04-01 22:25:51');
INSERT INTO `sys_deal_log` VALUES ('139', 'sys_admin', '保存菜单权限', 'com.example.demo.modules.sys.controller.MenuController.saveMenuPermission()', '7', '72', '113.108.241.203', '2019-04-01 22:26:09');
INSERT INTO `sys_deal_log` VALUES ('140', null, '用户登出', 'com.example.demo.modules.sys.controller.LoginController.logout()', null, '0', '113.108.241.203', '2019-04-01 22:26:14');
INSERT INTO `sys_deal_log` VALUES ('141', '邓俊辉', '用户登录', 'com.example.demo.modules.sys.controller.LoginController.login()', '{\"username\":\"邓俊辉\",\"password\":\"123456\",\"page\":1,\"rows\":10}', '44', '113.108.241.203', '2019-04-01 22:26:26');
INSERT INTO `sys_deal_log` VALUES ('142', null, '用户登出', 'com.example.demo.modules.sys.controller.LoginController.logout()', null, '2', '113.108.241.203', '2019-04-01 22:26:37');
INSERT INTO `sys_deal_log` VALUES ('143', 'admin', '用户登录', 'com.example.demo.modules.sys.controller.LoginController.login()', '{\"username\":\"admin\",\"password\":\"123456\",\"page\":1,\"rows\":10}', '47', '113.108.241.203', '2019-04-01 22:26:41');
INSERT INTO `sys_deal_log` VALUES ('144', 'admin', '保存菜单权限', 'com.example.demo.modules.sys.controller.MenuController.saveMenuPermission()', '7', '33', '113.108.241.203', '2019-04-01 22:26:55');
INSERT INTO `sys_deal_log` VALUES ('145', null, '用户登出', 'com.example.demo.modules.sys.controller.LoginController.logout()', null, '0', '113.108.241.203', '2019-04-01 22:27:10');
INSERT INTO `sys_deal_log` VALUES ('146', '邓俊辉', '用户登录', 'com.example.demo.modules.sys.controller.LoginController.login()', '{\"username\":\"邓俊辉\",\"password\":\"123456\",\"page\":1,\"rows\":10}', '45', '113.108.241.203', '2019-04-01 22:27:19');
INSERT INTO `sys_deal_log` VALUES ('147', null, '用户登出', 'com.example.demo.modules.sys.controller.LoginController.logout()', null, '0', '113.108.241.203', '2019-04-01 22:32:14');
INSERT INTO `sys_deal_log` VALUES ('148', 'sys_admin', '用户登录', 'com.example.demo.modules.sys.controller.LoginController.login()', '{\"username\":\"sys_admin\",\"password\":\"123456\",\"page\":1,\"rows\":10}', '37', '113.108.241.203', '2019-04-01 22:32:17');
INSERT INTO `sys_deal_log` VALUES ('149', null, '用户登出', 'com.example.demo.modules.sys.controller.LoginController.logout()', null, '1', '113.108.241.203', '2019-04-01 22:32:27');
INSERT INTO `sys_deal_log` VALUES ('150', 'admin', '用户登录', 'com.example.demo.modules.sys.controller.LoginController.login()', '{\"username\":\"admin\",\"password\":\"123456\",\"page\":1,\"rows\":10}', '61', '113.108.241.203', '2019-04-01 22:32:30');
INSERT INTO `sys_deal_log` VALUES ('151', 'admin', '保存菜单权限', 'com.example.demo.modules.sys.controller.MenuController.saveMenuPermission()', '1', '196', '113.108.241.203', '2019-04-01 22:32:57');
INSERT INTO `sys_deal_log` VALUES ('152', 'admin', '保存菜单权限', 'com.example.demo.modules.sys.controller.MenuController.saveMenuPermission()', '3', '75', '113.108.241.203', '2019-04-01 22:33:40');
INSERT INTO `sys_deal_log` VALUES ('153', 'admin', '保存菜单权限', 'com.example.demo.modules.sys.controller.MenuController.saveMenuPermission()', '5', '225', '113.108.241.203', '2019-04-01 22:33:52');
INSERT INTO `sys_deal_log` VALUES ('154', null, '用户登出', 'com.example.demo.modules.sys.controller.LoginController.logout()', null, '1', '113.108.241.203', '2019-04-01 22:34:58');
INSERT INTO `sys_deal_log` VALUES ('155', 'sys_admin', '用户登录', 'com.example.demo.modules.sys.controller.LoginController.login()', '{\"username\":\"sys_admin\",\"password\":\"123456\",\"page\":1,\"rows\":10}', '54', '113.108.241.203', '2019-04-01 22:35:01');
INSERT INTO `sys_deal_log` VALUES ('156', null, '用户登出', 'com.example.demo.modules.sys.controller.LoginController.logout()', null, '0', '113.108.241.203', '2019-04-01 22:47:38');
INSERT INTO `sys_deal_log` VALUES ('157', 'admin', '用户登录', 'com.example.demo.modules.sys.controller.LoginController.login()', '{\"username\":\"admin\",\"password\":\"123456\",\"page\":1,\"rows\":10}', '52', '113.108.241.203', '2019-04-01 22:47:41');
INSERT INTO `sys_deal_log` VALUES ('158', null, '用户登出', 'com.example.demo.modules.sys.controller.LoginController.logout()', null, '1', '113.108.241.203', '2019-04-01 22:48:30');
INSERT INTO `sys_deal_log` VALUES ('159', 'sys_admin', '用户登录', 'com.example.demo.modules.sys.controller.LoginController.login()', '{\"username\":\"sys_admin\",\"password\":\"123456\",\"page\":1,\"rows\":10}', '36', '113.108.241.203', '2019-04-01 22:48:34');
INSERT INTO `sys_deal_log` VALUES ('160', 'sys_admin', '用户登录', 'com.example.demo.modules.sys.controller.LoginController.login()', '{\"username\":\"sys_admin\",\"password\":\"123456\",\"page\":1,\"rows\":10}', '38', '113.108.241.203', '2019-04-01 22:48:54');
INSERT INTO `sys_deal_log` VALUES ('161', 'admin', '用户登录', 'com.example.demo.modules.sys.controller.LoginController.login()', '{\"username\":\"admin\",\"password\":\"123456\",\"page\":1,\"rows\":10}', '49', '113.108.241.203', '2019-04-01 22:49:00');
INSERT INTO `sys_deal_log` VALUES ('162', '邓俊辉', '用户登录', 'com.example.demo.modules.sys.controller.LoginController.login()', '{\"username\":\"邓俊辉\",\"password\":\"123456\",\"page\":1,\"rows\":10}', '36', '113.108.241.203', '2019-04-01 22:49:18');
INSERT INTO `sys_deal_log` VALUES ('163', null, '用户登出', 'com.example.demo.modules.sys.controller.LoginController.logout()', null, '1', '113.108.241.203', '2019-04-01 22:49:41');
INSERT INTO `sys_deal_log` VALUES ('164', '邓俊辉', '用户登录', 'com.example.demo.modules.sys.controller.LoginController.login()', '{\"username\":\"邓俊辉\",\"password\":\"123456\",\"page\":1,\"rows\":10}', '315', '113.108.241.203', '2019-04-01 22:51:32');
INSERT INTO `sys_deal_log` VALUES ('165', '邓俊辉', '用户登录', 'com.example.demo.modules.sys.controller.LoginController.login()', '{\"username\":\"邓俊辉\",\"password\":\"123456\",\"page\":1,\"rows\":10}', '55', '113.108.241.203', '2019-04-01 22:51:34');
INSERT INTO `sys_deal_log` VALUES ('166', null, '用户登出', 'com.example.demo.modules.sys.controller.LoginController.logout()', null, '1', '113.108.241.203', '2019-04-01 22:51:40');
INSERT INTO `sys_deal_log` VALUES ('167', 'sys_admin', '用户登录', 'com.example.demo.modules.sys.controller.LoginController.login()', '{\"username\":\"sys_admin\",\"password\":\"123456\",\"page\":1,\"rows\":10}', '55', '113.108.241.203', '2019-04-01 22:51:43');
INSERT INTO `sys_deal_log` VALUES ('168', null, '用户登出', 'com.example.demo.modules.sys.controller.LoginController.logout()', null, '1', '113.108.241.203', '2019-04-01 22:53:49');
INSERT INTO `sys_deal_log` VALUES ('169', 'sys_admin', '用户登录', 'com.example.demo.modules.sys.controller.LoginController.login()', '{\"username\":\"sys_admin\",\"password\":\"123456\",\"page\":1,\"rows\":10}', '54', '113.108.241.203', '2019-04-01 22:53:51');
INSERT INTO `sys_deal_log` VALUES ('170', null, '用户登出', 'com.example.demo.modules.sys.controller.LoginController.logout()', null, '1', '113.108.241.203', '2019-04-01 22:53:54');
INSERT INTO `sys_deal_log` VALUES ('171', 'admin', '用户登录', 'com.example.demo.modules.sys.controller.LoginController.login()', '{\"username\":\"admin\",\"password\":\"123456\",\"page\":1,\"rows\":10}', '42', '113.108.241.203', '2019-04-01 22:53:57');
INSERT INTO `sys_deal_log` VALUES ('172', null, '用户登出', 'com.example.demo.modules.sys.controller.LoginController.logout()', null, '0', '113.108.241.203', '2019-04-01 22:54:01');
INSERT INTO `sys_deal_log` VALUES ('173', 'sys_admin', '用户登录', 'com.example.demo.modules.sys.controller.LoginController.login()', '{\"username\":\"sys_admin\",\"password\":\"123456\",\"page\":1,\"rows\":10}', '119', '211.138.20.169', '2019-04-02 10:11:47');
INSERT INTO `sys_deal_log` VALUES ('174', '邓俊辉', '用户登录', 'com.example.demo.modules.sys.controller.LoginController.login()', '{\"username\":\"邓俊辉\",\"password\":\"123456\",\"page\":1,\"rows\":10}', '46', '218.16.63.112', '2019-04-02 11:10:37');
INSERT INTO `sys_deal_log` VALUES ('175', '邓俊辉', '用户登录', 'com.example.demo.modules.sys.controller.LoginController.login()', '{\"username\":\"邓俊辉\",\"password\":\"123456\",\"page\":1,\"rows\":10}', '46', '218.16.63.112', '2019-04-02 11:35:42');
INSERT INTO `sys_deal_log` VALUES ('176', '邓俊辉', '用户登录', 'com.example.demo.modules.sys.controller.LoginController.login()', '{\"username\":\"邓俊辉\",\"password\":\"123456\",\"page\":1,\"rows\":10}', '45', '218.16.63.112', '2019-04-02 13:55:56');
INSERT INTO `sys_deal_log` VALUES ('177', 'sys_admin', '用户登录', 'com.example.demo.modules.sys.controller.LoginController.login()', '{\"username\":\"sys_admin\",\"password\":\"123456\",\"page\":1,\"rows\":10}', '43', '119.29.1.126', '2019-04-02 14:31:42');
INSERT INTO `sys_deal_log` VALUES ('178', 'sys_admin', '保存菜单权限', 'com.example.demo.modules.sys.controller.MenuController.saveMenuPermission()', '4', '192', '119.29.1.126', '2019-04-02 14:37:12');
INSERT INTO `sys_deal_log` VALUES ('179', 'sys_admin', '用户登录', 'com.example.demo.modules.sys.controller.LoginController.login()', '{\"username\":\"sys_admin\",\"password\":\"123456\",\"page\":1,\"rows\":10}', '108', '1.80.246.1', '2019-04-02 16:07:44');
INSERT INTO `sys_deal_log` VALUES ('180', '邓俊辉', '用户登录', 'com.example.demo.modules.sys.controller.LoginController.login()', '{\"username\":\"邓俊辉\",\"password\":\"123456\",\"page\":1,\"rows\":10}', '75', '218.16.63.112', '2019-04-03 09:27:32');
INSERT INTO `sys_deal_log` VALUES ('181', '邓俊辉', '用户登录', 'com.example.demo.modules.sys.controller.LoginController.login()', '{\"username\":\"邓俊辉\",\"password\":\"123456\",\"page\":1,\"rows\":10}', '76', '113.108.241.203', '2019-04-03 19:26:42');
INSERT INTO `sys_deal_log` VALUES ('182', 'sys_admin', '????', 'com.example.demo.modules.sys.controller.LoginController.login()', '{\"username\":\"sys_admin\",\"password\":\"123456\",\"page\":1,\"rows\":10}', '301', '127.0.0.1', '2019-04-03 19:28:10');
INSERT INTO `sys_deal_log` VALUES ('183', 'sys_admin', '??????', 'com.example.demo.modules.sys.controller.ScheduleJobController.saveOrUpdate()', '{\"id\":10,\"cronExpression\":\"0 30 0 * * ? *\",\"description\":\"????00:30????\",\"beanClass\":\"com.example.demo.modules.job.task.SyncBookDataTask\",\"jobGroup\":\"group1\",\"jobName\":\"SyncBookDataTask\",\"page\":1,\"rows\":10}', '95', '127.0.0.1', '2019-04-03 19:33:34');
INSERT INTO `sys_deal_log` VALUES ('184', 'sys_admin', '??????', 'com.example.demo.modules.sys.controller.ScheduleJobController.saveOrUpdate()', '{\"id\":10,\"cronExpression\":\"0 30 0 * * ? *\",\"description\":\"????00:30????\",\"beanClass\":\"com.example.demo.modules.job.task.SyncBookDataTask\",\"jobGroup\":\"group1\",\"jobName\":\"SyncBookDataTask\",\"page\":1,\"rows\":10}', '36', '127.0.0.1', '2019-04-03 19:34:24');
INSERT INTO `sys_deal_log` VALUES ('185', 'sys_admin', '????', 'com.example.demo.modules.sys.controller.LoginController.login()', '{\"username\":\"sys_admin\",\"password\":\"123456\",\"page\":1,\"rows\":10}', '213', '127.0.0.1', '2019-04-03 19:41:02');
INSERT INTO `sys_deal_log` VALUES ('186', 'sys_admin', '??????', 'com.example.demo.modules.sys.controller.ScheduleJobController.saveOrUpdate()', '{\"id\":10,\"cronExpression\":\"0 30 0 * * ? *\",\"description\":\"??00:30????\",\"beanClass\":\"com.example.demo.modules.job.task.SyncBookDataTask\",\"jobGroup\":\"group1\",\"jobName\":\"SyncBookDataTask\",\"page\":1,\"rows\":10}', '68', '127.0.0.1', '2019-04-03 19:42:36');
INSERT INTO `sys_deal_log` VALUES ('187', 'sys_admin', '??????', 'com.example.demo.modules.sys.controller.ScheduleJobController.saveOrUpdate()', '{\"id\":14,\"cronExpression\":\"0/2 * * * * ? \",\"description\":\"??\",\"beanClass\":\"com.example.demo.modules.job.task.WeatherDataSyncTask\",\"jobGroup\":\"group3\",\"jobName\":\"Weather\",\"page\":1,\"rows\":10}', '22', '127.0.0.1', '2019-04-03 19:42:48');
INSERT INTO `sys_deal_log` VALUES ('188', 'sys_admin', '??????', 'com.example.demo.modules.sys.controller.ScheduleJobController.saveOrUpdate()', '{\"id\":14,\"cronExpression\":\"0/2 * * * * ? \",\"description\":\"??\",\"beanClass\":\"com.example.demo.modules.job.task.WeatherDataSyncTask\",\"jobGroup\":\"group3\",\"jobName\":\"Weather\",\"page\":1,\"rows\":10}', '66410', '127.0.0.1', '2019-04-03 19:44:31');
INSERT INTO `sys_deal_log` VALUES ('189', null, '用户登出', 'com.example.demo.modules.sys.controller.LoginController.logout()', null, '0', '113.108.241.203', '2019-04-03 20:05:38');
INSERT INTO `sys_deal_log` VALUES ('190', 'sys_admin', '用户登录', 'com.example.demo.modules.sys.controller.LoginController.login()', '{\"username\":\"sys_admin\",\"password\":\"123456\",\"page\":1,\"rows\":10}', '41', '113.108.241.203', '2019-04-03 20:05:46');
INSERT INTO `sys_deal_log` VALUES ('191', 'sys_admin', '????', 'com.example.demo.modules.sys.controller.LoginController.login()', '{\"username\":\"sys_admin\",\"password\":\"123456\",\"page\":1,\"rows\":10}', '376', '127.0.0.1', '2019-04-03 21:55:54');
INSERT INTO `sys_deal_log` VALUES ('192', 'sys_admin', '??????', 'com.example.demo.modules.sys.controller.ScheduleJobController.saveOrUpdate()', '{\"id\":10,\"cronExpression\":\"0 30 0 * * ? *\",\"description\":\"??00:30????\",\"beanClass\":\"com.example.demo.modules.job.task.SyncBookDataTask\",\"jobGroup\":\"group1\",\"jobName\":\"SyncBookDataTask\",\"page\":1,\"rows\":10}', '7474', '127.0.0.1', '2019-04-03 22:00:32');
INSERT INTO `sys_deal_log` VALUES ('193', 'sys_admin', '??????', 'com.example.demo.modules.sys.controller.ScheduleJobController.saveOrUpdate()', '{\"id\":10,\"cronExpression\":\"0 30 0 * * ? *\",\"description\":\"??00:30????\",\"beanClass\":\"com.example.demo.modules.job.task.SyncBookDataTask\",\"jobGroup\":\"group1\",\"jobName\":\"SyncBookDataTask\",\"page\":1,\"rows\":10}', '21', '127.0.0.1', '2019-04-03 22:01:13');
INSERT INTO `sys_deal_log` VALUES ('194', 'sys_admin', '?????????', 'com.example.demo.modules.sys.controller.ScheduleJobController.changeJobStatus()', '10', '57', '127.0.0.1', '2019-04-03 22:01:36');
INSERT INTO `sys_deal_log` VALUES ('195', 'sys_admin', '??????', 'com.example.demo.modules.sys.controller.ScheduleJobController.saveOrUpdate()', '{\"id\":12,\"cronExpression\":\"0/2 * * * * ? \",\"description\":\"?2???\",\"beanClass\":\"com.example.demo.modules.job.task.SyncBookDataTask\",\"jobGroup\":\"group2\",\"jobName\":\"WelcomeTask\",\"page\":1,\"rows\":10}', '50', '127.0.0.1', '2019-04-03 22:02:16');
INSERT INTO `sys_deal_log` VALUES ('196', 'sys_admin', '?????????', 'com.example.demo.modules.sys.controller.ScheduleJobController.changeJobStatus()', '12', '34', '127.0.0.1', '2019-04-03 22:02:31');
INSERT INTO `sys_deal_log` VALUES ('197', 'sys_admin', '????', 'com.example.demo.modules.sys.controller.LoginController.login()', '{\"username\":\"sys_admin\",\"password\":\"123456\",\"page\":1,\"rows\":10}', '568', '127.0.0.1', '2019-04-03 22:16:22');
INSERT INTO `sys_deal_log` VALUES ('198', 'sys_admin', '?????????', 'com.example.demo.modules.sys.controller.ScheduleJobController.changeJobStatus()', '12', '51', '127.0.0.1', '2019-04-03 22:17:48');
INSERT INTO `sys_deal_log` VALUES ('199', 'sys_admin', '?????????', 'com.example.demo.modules.sys.controller.ScheduleJobController.changeJobStatus()', '12', '48', '127.0.0.1', '2019-04-03 22:17:52');
INSERT INTO `sys_deal_log` VALUES ('200', 'sys_admin', '?????????', 'com.example.demo.modules.sys.controller.ScheduleJobController.changeJobStatus()', '12', '53', '127.0.0.1', '2019-04-03 22:21:32');
INSERT INTO `sys_deal_log` VALUES ('201', 'sys_admin', '??????', 'com.example.demo.modules.sys.controller.ScheduleJobController.saveOrUpdate()', '{\"id\":10,\"cronExpression\":\"0 30 0 * * ? *\",\"description\":\"\",\"beanClass\":\"com.example.demo.modules.job.task.SyncBookDataTask\",\"jobGroup\":\"group1\",\"jobName\":\"SyncBookDataTask\",\"page\":1,\"rows\":10}', '106', '127.0.0.1', '2019-04-03 22:21:43');
INSERT INTO `sys_deal_log` VALUES ('202', 'sys_admin', '??????', 'com.example.demo.modules.sys.controller.ScheduleJobController.deleteOnlyOne()', '12', '45', '127.0.0.1', '2019-04-03 22:22:00');
INSERT INTO `sys_deal_log` VALUES ('203', 'sys_admin', '用户登录', 'com.example.demo.modules.sys.controller.LoginController.login()', '{\"username\":\"sys_admin\",\"password\":\"123456\",\"page\":1,\"rows\":10}', '198', '113.108.241.203', '2019-04-03 22:45:32');
INSERT INTO `sys_deal_log` VALUES ('204', 'sys_admin', '保存菜单权限', 'com.example.demo.modules.sys.controller.MenuController.saveMenuPermission()', '4', '208', '113.108.241.203', '2019-04-03 22:48:32');
INSERT INTO `sys_deal_log` VALUES ('205', 'sys_admin', '保存用户信息', 'com.example.demo.modules.sys.controller.UserController.saveOrUpdate()', '{\"id\":212,\"username\":\"张勇兵\",\"password\":\"UUKHSDDI5KPA43A8VL06V0TU2\",\"realName\":\"测试97957552720969732\",\"status\":0,\"createTime\":\"Apr 3, 2019 10:50:24 PM\",\"email\":\"285688338@qq.com\",\"phone\":\"\",\"sex\":0,\"constellation\":\"--请选择--\",\"city\":\"\",\"address\":\"\",\"page\":1,\"rows\":10}', '32', '113.108.241.203', '2019-04-03 22:50:25');
INSERT INTO `sys_deal_log` VALUES ('206', 'sys_admin', '保存用户信息', 'com.example.demo.modules.sys.controller.UserController.saveOrUpdate()', '{\"id\":212,\"username\":\"张勇兵\",\"realName\":\"测试97957552720969732\",\"status\":0,\"email\":\"285688338@qq.com\",\"phone\":\"15575946618\",\"sex\":0,\"constellation\":\"天秤座\",\"city\":\"河北\",\"address\":\"\",\"page\":1,\"rows\":10}', '18', '113.108.241.203', '2019-04-03 22:50:52');
INSERT INTO `sys_deal_log` VALUES ('207', 'sys_admin', '用户登录', 'com.example.demo.modules.sys.controller.LoginController.login()', '{\"username\":\"sys_admin\",\"password\":\"123456\",\"page\":1,\"rows\":10}', '65', '113.108.241.203', '2019-04-03 23:11:52');
INSERT INTO `sys_deal_log` VALUES ('208', null, '用户登出', 'com.example.demo.modules.sys.controller.LoginController.logout()', null, '1', '113.108.241.203', '2019-04-03 23:25:17');
INSERT INTO `sys_deal_log` VALUES ('209', '邓俊辉', '用户登录', 'com.example.demo.modules.sys.controller.LoginController.login()', '{\"username\":\"邓俊辉\",\"password\":\"123456\",\"page\":1,\"rows\":10}', '44', '113.108.241.203', '2019-04-03 23:25:20');
INSERT INTO `sys_deal_log` VALUES ('210', 'sys_admin', '用户登录', 'com.example.demo.modules.sys.controller.LoginController.login()', '{\"username\":\"sys_admin\",\"password\":\"123456\",\"page\":1,\"rows\":10}', '583', '127.0.0.1', '2019-04-03 23:25:27');
INSERT INTO `sys_deal_log` VALUES ('211', 'sys_admin', '用户登录', 'com.example.demo.modules.sys.controller.LoginController.login()', '{\"username\":\"sys_admin\",\"password\":\"123456\",\"page\":1,\"rows\":10}', '283', '127.0.0.1', '2019-04-03 23:49:21');
INSERT INTO `sys_deal_log` VALUES ('212', 'sys_admin', '用户登录', 'com.example.demo.modules.sys.controller.LoginController.login()', '{\"username\":\"sys_admin\",\"password\":\"123456\",\"page\":1,\"rows\":10}', '312', '127.0.0.1', '2019-04-03 23:49:51');
INSERT INTO `sys_deal_log` VALUES ('213', 'sys_admin', '用户登录', 'com.example.demo.modules.sys.controller.LoginController.login()', '{\"username\":\"sys_admin\",\"password\":\"123456\",\"page\":1,\"rows\":10}', '411', '127.0.0.1', '2019-04-03 23:51:32');
INSERT INTO `sys_deal_log` VALUES ('214', 'sys_admin', '用户登录', 'com.example.demo.modules.sys.controller.LoginController.login()', '{\"username\":\"sys_admin\",\"password\":\"123456\",\"page\":1,\"rows\":10}', '178', '113.108.241.203', '2019-04-04 00:28:48');
INSERT INTO `sys_deal_log` VALUES ('215', 'sys_admin', '保存定时任务', 'com.example.demo.modules.sys.controller.ScheduleJobController.saveOrUpdate()', '{\"id\":10,\"cronExpression\":\"0 34 0 * * ? *\",\"description\":\"\",\"beanClass\":\"com.example.demo.modules.job.task.SyncBookDataTask\",\"jobGroup\":\"group1\",\"jobName\":\"SyncBookDataTask\",\"page\":1,\"rows\":10}', '14', '113.108.241.203', '2019-04-04 00:33:51');
INSERT INTO `sys_deal_log` VALUES ('216', 'sys_admin', '启动或停止定时任务', 'com.example.demo.modules.sys.controller.ScheduleJobController.changeJobStatus()', '10', '14', '113.108.241.203', '2019-04-04 00:36:10');
INSERT INTO `sys_deal_log` VALUES ('217', 'sys_admin', '保存定时任务', 'com.example.demo.modules.sys.controller.ScheduleJobController.saveOrUpdate()', '{\"id\":10,\"cronExpression\":\"0 38 0 * * ? *\",\"description\":\"\",\"beanClass\":\"com.example.demo.modules.job.task.SyncBookDataTask\",\"jobGroup\":\"group1\",\"jobName\":\"SyncBookDataTask\",\"page\":1,\"rows\":10}', '9', '113.108.241.203', '2019-04-04 00:36:18');
INSERT INTO `sys_deal_log` VALUES ('218', 'sys_admin', '启动或停止定时任务', 'com.example.demo.modules.sys.controller.ScheduleJobController.changeJobStatus()', '10', '11', '113.108.241.203', '2019-04-04 00:36:22');
INSERT INTO `sys_deal_log` VALUES ('219', 'sys_admin', '用户登录', 'com.example.demo.modules.sys.controller.LoginController.login()', '{\"username\":\"sys_admin\",\"password\":\"123456\",\"page\":1,\"rows\":10}', '231', '113.108.241.203', '2019-04-04 00:54:35');
INSERT INTO `sys_deal_log` VALUES ('220', 'sys_admin', '启动或停止定时任务', 'com.example.demo.modules.sys.controller.ScheduleJobController.changeJobStatus()', '10', '36', '113.108.241.203', '2019-04-04 00:54:44');
INSERT INTO `sys_deal_log` VALUES ('221', 'sys_admin', '保存定时任务', 'com.example.demo.modules.sys.controller.ScheduleJobController.saveOrUpdate()', '{\"id\":10,\"cronExpression\":\"0 55 0 * * ? *\",\"description\":\"\",\"beanClass\":\"com.example.demo.modules.job.task.SyncBookDataTask\",\"jobGroup\":\"group1\",\"jobName\":\"SyncBookDataTask\",\"page\":1,\"rows\":10}', '19', '113.108.241.203', '2019-04-04 00:54:52');
INSERT INTO `sys_deal_log` VALUES ('222', 'sys_admin', '启动或停止定时任务', 'com.example.demo.modules.sys.controller.ScheduleJobController.changeJobStatus()', '10', '42', '113.108.241.203', '2019-04-04 00:54:56');
INSERT INTO `sys_deal_log` VALUES ('223', 'sys_admin', '用户登录', 'com.example.demo.modules.sys.controller.LoginController.login()', '{\"username\":\"sys_admin\",\"password\":\"123456\",\"page\":1,\"rows\":10}', '98', '218.16.63.112', '2019-04-04 09:24:05');
INSERT INTO `sys_deal_log` VALUES ('224', null, '用户登出', 'com.example.demo.modules.sys.controller.LoginController.logout()', null, '1', '218.16.63.112', '2019-04-04 09:24:48');
INSERT INTO `sys_deal_log` VALUES ('225', '邓俊辉', '用户登录', 'com.example.demo.modules.sys.controller.LoginController.login()', '{\"username\":\"邓俊辉\",\"password\":\"123456\",\"page\":1,\"rows\":10}', '45', '218.16.63.112', '2019-04-04 09:24:54');
INSERT INTO `sys_deal_log` VALUES ('226', '邓俊辉', '用户登录', 'com.example.demo.modules.sys.controller.LoginController.login()', '{\"username\":\"邓俊辉\",\"password\":\"123456\",\"page\":1,\"rows\":10}', '49', '218.16.63.112', '2019-04-04 12:35:52');
INSERT INTO `sys_deal_log` VALUES ('227', 'admin', '用户登录', 'com.example.demo.modules.sys.controller.LoginController.login()', '{\"username\":\"admin\",\"password\":\"123456\",\"page\":1,\"rows\":10}', '51', '125.120.146.255', '2019-04-04 16:07:03');
INSERT INTO `sys_deal_log` VALUES ('228', 'sys_admin', '用户登录', 'com.example.demo.modules.sys.controller.LoginController.login()', '{\"username\":\"sys_admin\",\"password\":\"123456\",\"page\":1,\"rows\":10}', '50', '125.120.146.255', '2019-04-04 16:08:41');
INSERT INTO `sys_deal_log` VALUES ('229', 'sys_admin', '用户登录', 'com.example.demo.modules.sys.controller.LoginController.login()', '{\"username\":\"sys_admin\",\"password\":\"123456\",\"page\":1,\"rows\":10}', '306', '113.109.109.28', '2019-04-05 12:01:35');
INSERT INTO `sys_deal_log` VALUES ('230', 'sys_admin', '保存定时任务', 'com.example.demo.modules.sys.controller.ScheduleJobController.saveOrUpdate()', '{\"id\":14,\"cronExpression\":\"0/2 * * * * ? \",\"description\":\"每日\",\"beanClass\":\"com.example.demo.modules.job.task.WeatherDataSyncTask\",\"jobGroup\":\"group3\",\"jobName\":\"Weather\",\"page\":1,\"rows\":10}', '7', '113.109.109.28', '2019-04-05 12:07:46');
INSERT INTO `sys_deal_log` VALUES ('231', 'sys_admin', '保存定时任务', 'com.example.demo.modules.sys.controller.ScheduleJobController.saveOrUpdate()', '{\"id\":14,\"cronExpression\":\"0/2 * * * * ? \",\"description\":\"\",\"beanClass\":\"com.example.demo.modules.job.task.WeatherDataSyncTask\",\"jobGroup\":\"group3\",\"jobName\":\"Weather\",\"page\":1,\"rows\":10}', '20', '113.109.109.28', '2019-04-05 12:07:58');
INSERT INTO `sys_deal_log` VALUES ('232', 'sys_admin', '保存定时任务', 'com.example.demo.modules.sys.controller.ScheduleJobController.saveOrUpdate()', '{\"id\":10,\"cronExpression\":\"0 55 0 * * ? *\",\"description\":\"每晚凌晨0:55分更新\",\"beanClass\":\"com.example.demo.modules.job.task.SyncBookDataTask\",\"jobGroup\":\"group1\",\"jobName\":\"SyncBookDataTask\",\"page\":1,\"rows\":10}', '10', '113.109.109.28', '2019-04-05 12:08:35');
INSERT INTO `sys_deal_log` VALUES ('233', 'sys_admin', '新增或修改菜单', 'com.example.demo.modules.sys.controller.MenuController.saveOrUpdate()', '{\"id\":1001001,\"icon\":\"glyphicon glyphicon-user\",\"menuName\":\"用户管理\",\"url\":\"/sys/user/list\",\"parentId\":1001,\"sort\":1,\"isShow\":0,\"permission\":\"sys:user:list\",\"menuType\":\"api\",\"page\":1,\"rows\":10}', '24', '113.109.109.28', '2019-04-05 12:15:44');
INSERT INTO `sys_deal_log` VALUES ('234', null, '用户登出', 'com.example.demo.modules.sys.controller.LoginController.logout()', null, '0', '113.109.109.28', '2019-04-05 12:20:18');
INSERT INTO `sys_deal_log` VALUES ('235', 'admin', '用户登录', 'com.example.demo.modules.sys.controller.LoginController.login()', '{\"username\":\"admin\",\"password\":\"123456\",\"page\":1,\"rows\":10}', '48', '113.109.109.28', '2019-04-05 12:20:23');
INSERT INTO `sys_deal_log` VALUES ('236', 'admin', '新增或修改菜单', 'com.example.demo.modules.sys.controller.MenuController.saveOrUpdate()', '{\"id\":1002019,\"icon\":\"glyphicon glyphicon-heart\",\"menuName\":\"API接口\",\"url\":\"/data/interface/list\",\"parentId\":1002014,\"isShow\":0,\"permission\":\"\",\"menuType\":\"api\",\"page\":1,\"rows\":10}', '29', '113.109.109.28', '2019-04-05 12:23:44');
INSERT INTO `sys_deal_log` VALUES ('237', 'admin', '保存菜单权限', 'com.example.demo.modules.sys.controller.MenuController.saveMenuPermission()', '1', '203', '113.109.109.28', '2019-04-05 12:24:07');
INSERT INTO `sys_deal_log` VALUES ('238', 'admin', '新增或修改菜单', 'com.example.demo.modules.sys.controller.MenuController.saveOrUpdate()', '{\"id\":1002019,\"icon\":\"glyphicon glyphicon-heart\",\"menuName\":\"API接口\",\"url\":\"http://47.112.26.69:9009/swagger-ui.html\",\"parentId\":1002014,\"isShow\":0,\"permission\":\"data:swagger\",\"menuType\":\"api\",\"page\":1,\"rows\":10}', '25', '113.109.109.28', '2019-04-05 12:30:51');
INSERT INTO `sys_deal_log` VALUES ('239', 'admin', '新增或修改菜单', 'com.example.demo.modules.sys.controller.MenuController.saveOrUpdate()', '{\"id\":1002019,\"icon\":\"glyphicon glyphicon-heart\",\"menuName\":\"API接口\",\"url\":\"http://127.0.0.1:9009/swagger-ui.html\",\"parentId\":1002014,\"isShow\":0,\"permission\":\"data:swagger\",\"menuType\":\"api\",\"page\":1,\"rows\":10}', '33', '113.109.109.28', '2019-04-05 12:36:22');
INSERT INTO `sys_deal_log` VALUES ('240', 'admin', '新增或修改菜单', 'com.example.demo.modules.sys.controller.MenuController.saveOrUpdate()', '{\"id\":1002019,\"icon\":\"glyphicon glyphicon-heart\",\"menuName\":\"API接口\",\"url\":\"http://47.112.26.69:9009/swagger-ui.html\",\"parentId\":1002014,\"isShow\":0,\"permission\":\"data:swagger\",\"menuType\":\"api\",\"page\":1,\"rows\":10}', '21', '113.109.109.28', '2019-04-05 12:37:20');
INSERT INTO `sys_deal_log` VALUES ('241', null, '用户登出', 'com.example.demo.modules.sys.controller.LoginController.logout()', null, '0', '113.109.109.28', '2019-04-05 12:40:18');
INSERT INTO `sys_deal_log` VALUES ('242', 'sys_admin', '用户登录', 'com.example.demo.modules.sys.controller.LoginController.login()', '{\"username\":\"sys_admin\",\"password\":\"123456\",\"page\":1,\"rows\":10}', '48', '113.109.109.28', '2019-04-05 12:40:24');
INSERT INTO `sys_deal_log` VALUES ('243', 'sys_admin', '保存菜单权限', 'com.example.demo.modules.sys.controller.MenuController.saveMenuPermission()', '4', '256', '113.109.109.28', '2019-04-05 12:40:42');
INSERT INTO `sys_deal_log` VALUES ('244', 'sys_admin', '保存菜单权限', 'com.example.demo.modules.sys.controller.MenuController.saveMenuPermission()', '1', '255', '113.109.109.28', '2019-04-05 12:41:46');
INSERT INTO `sys_deal_log` VALUES ('245', 'admin', '用户登录', 'com.example.demo.modules.sys.controller.LoginController.login()', '{\"username\":\"admin\",\"password\":\"123456\",\"page\":1,\"rows\":10}', '172', '36.161.27.196', '2019-04-07 08:40:37');
INSERT INTO `sys_deal_log` VALUES ('246', 'admin', '用户登录', 'com.example.demo.modules.sys.controller.LoginController.login()', '{\"username\":\"admin\",\"password\":\"123456\",\"page\":1,\"rows\":10}', '40', '36.161.27.196', '2019-04-07 08:41:26');
INSERT INTO `sys_deal_log` VALUES ('247', 'admin', '用户登录', 'com.example.demo.modules.sys.controller.LoginController.login()', '{\"username\":\"admin\",\"password\":\"123456\",\"page\":1,\"rows\":10}', '39', '36.161.27.196', '2019-04-07 08:42:38');
INSERT INTO `sys_deal_log` VALUES ('248', 'sys_admin', '用户登录', 'com.example.demo.modules.sys.controller.LoginController.login()', '{\"username\":\"sys_admin\",\"password\":\"123456\",\"page\":1,\"rows\":10}', '82', '120.197.165.24', '2019-04-08 09:38:09');
INSERT INTO `sys_deal_log` VALUES ('249', null, '用户登出', 'com.example.demo.modules.sys.controller.LoginController.logout()', null, '0', '120.197.165.24', '2019-04-08 09:38:14');
INSERT INTO `sys_deal_log` VALUES ('250', '邓俊辉', '用户登录', 'com.example.demo.modules.sys.controller.LoginController.login()', '{\"username\":\"邓俊辉\",\"password\":\"123456\",\"page\":1,\"rows\":10}', '40', '120.197.165.24', '2019-04-08 09:38:17');
INSERT INTO `sys_deal_log` VALUES ('251', 'admin', '用户登录', 'com.example.demo.modules.sys.controller.LoginController.login()', '{\"username\":\"admin\",\"password\":\"123456\",\"page\":1,\"rows\":10}', '38', '221.192.179.235', '2019-04-08 10:23:10');
INSERT INTO `sys_deal_log` VALUES ('252', 'admin', '用户登录', 'com.example.demo.modules.sys.controller.LoginController.login()', '{\"username\":\"admin\",\"password\":\"123456\",\"page\":1,\"rows\":10}', '39', '221.192.179.235', '2019-04-08 11:00:25');
INSERT INTO `sys_deal_log` VALUES ('253', 'sys_admin', '用户登录', 'com.example.demo.modules.sys.controller.LoginController.login()', '{\"username\":\"sys_admin\",\"password\":\"123456\",\"page\":1,\"rows\":10}', '38', '122.227.163.142', '2019-04-08 16:39:10');
INSERT INTO `sys_deal_log` VALUES ('254', null, '用户登录', 'com.example.demo.modules.sys.controller.LoginController.login()', '{\"username\":\"admin\",\"password\":\"111111\",\"page\":1,\"rows\":10}', '21', '122.227.163.142', '2019-04-08 17:28:32');
INSERT INTO `sys_deal_log` VALUES ('255', null, '用户登录', 'com.example.demo.modules.sys.controller.LoginController.login()', '{\"username\":\"sysadmin\",\"password\":\"111111\",\"page\":1,\"rows\":10}', '13', '122.227.163.142', '2019-04-08 17:28:36');
INSERT INTO `sys_deal_log` VALUES ('256', 'sys_admin', '用户登录', 'com.example.demo.modules.sys.controller.LoginController.login()', '{\"username\":\"sys_admin\",\"password\":\"123456\",\"page\":1,\"rows\":10}', '37', '122.227.163.142', '2019-04-08 17:28:49');
INSERT INTO `sys_deal_log` VALUES ('257', '邓俊辉', '用户登录', 'com.example.demo.modules.sys.controller.LoginController.login()', '{\"username\":\"邓俊辉\",\"password\":\"123456\",\"page\":1,\"rows\":10}', '74', '223.104.63.252', '2019-04-09 10:40:42');
INSERT INTO `sys_deal_log` VALUES ('258', '邓俊辉', '用户登录', 'com.example.demo.modules.sys.controller.LoginController.login()', '{\"username\":\"邓俊辉\",\"password\":\"123456\",\"page\":1,\"rows\":10}', '59', '218.16.63.112', '2019-04-10 09:31:00');
INSERT INTO `sys_deal_log` VALUES ('259', 'sys_admin', '用户登录', 'com.example.demo.modules.sys.controller.LoginController.login()', '{\"username\":\"sys_admin\",\"password\":\"123456\",\"page\":1,\"rows\":10}', '32', '116.233.27.23', '2019-04-10 16:47:41');
INSERT INTO `sys_deal_log` VALUES ('260', '邓俊辉', '用户登录', 'com.example.demo.modules.sys.controller.LoginController.login()', '{\"username\":\"邓俊辉\",\"password\":\"123456\",\"page\":1,\"rows\":10}', '69', '218.16.63.112', '2019-04-11 09:39:00');
INSERT INTO `sys_deal_log` VALUES ('261', null, '????', 'com.example.demo.modules.sys.controller.LoginController.login()', '{\"username\":\"?????\",\"password\":\"?????\",\"page\":1,\"rows\":10}', '477', '127.0.0.1', '2019-04-11 10:36:48');
INSERT INTO `sys_deal_log` VALUES ('262', null, '????', 'com.example.demo.modules.sys.controller.LoginController.login()', '{\"username\":\"?????\",\"password\":\"?????\",\"page\":1,\"rows\":10}', '291', '127.0.0.1', '2019-04-11 10:39:26');
INSERT INTO `sys_deal_log` VALUES ('263', null, '????', 'com.example.demo.modules.sys.controller.LoginController.login()', '{\"username\":\"?????\",\"password\":\"?????\",\"page\":1,\"rows\":10}', '212', '127.0.0.1', '2019-04-11 10:39:28');
INSERT INTO `sys_deal_log` VALUES ('264', null, '????', 'com.example.demo.modules.sys.controller.LoginController.login()', '{\"username\":\"?????\",\"password\":\"?????\",\"page\":1,\"rows\":10}', '215', '127.0.0.1', '2019-04-11 10:39:29');
INSERT INTO `sys_deal_log` VALUES ('265', null, '????', 'com.example.demo.modules.sys.controller.LoginController.login()', '{\"username\":\"lisi\",\"password\":\"123456\",\"page\":1,\"rows\":10}', '38706', '127.0.0.1', '2019-04-11 11:35:30');
INSERT INTO `sys_deal_log` VALUES ('266', null, '????', 'com.example.demo.modules.sys.controller.LoginController.login()', '{\"username\":\"lisi\",\"password\":\"123456\",\"page\":1,\"rows\":10}', '228', '127.0.0.1', '2019-04-11 11:35:31');
INSERT INTO `sys_deal_log` VALUES ('267', null, '????', 'com.example.demo.modules.sys.controller.LoginController.login()', '{\"username\":\"lisi\",\"password\":\"123456\",\"page\":1,\"rows\":10}', '57011', '127.0.0.1', '2019-04-11 11:35:36');
INSERT INTO `sys_deal_log` VALUES ('268', null, '????', 'com.example.demo.modules.sys.controller.LoginController.login()', '{\"username\":\"lisi\",\"password\":\"123456\",\"page\":1,\"rows\":10}', '19148', '127.0.0.1', '2019-04-11 11:35:40');
INSERT INTO `sys_deal_log` VALUES ('269', null, '????', 'com.example.demo.modules.sys.controller.LoginController.login()', '{\"username\":\"lisi\",\"password\":\"123456\",\"page\":1,\"rows\":10}', '19155', '127.0.0.1', '2019-04-11 11:35:42');
INSERT INTO `sys_deal_log` VALUES ('270', null, '????', 'com.example.demo.modules.sys.controller.LoginController.login()', '{\"username\":\"lisi\",\"password\":\"123456\",\"page\":1,\"rows\":10}', '19124', '127.0.0.1', '2019-04-11 11:35:44');
INSERT INTO `sys_deal_log` VALUES ('271', null, '????', 'com.example.demo.modules.sys.controller.LoginController.login()', '{\"username\":\"lisi\",\"password\":\"123456\",\"page\":1,\"rows\":10}', '19124', '127.0.0.1', '2019-04-11 11:35:44');
INSERT INTO `sys_deal_log` VALUES ('272', null, '????', 'com.example.demo.modules.sys.controller.LoginController.login()', '{\"username\":\"lisi\",\"password\":\"123456\",\"page\":1,\"rows\":10}', '19138', '127.0.0.1', '2019-04-11 11:35:46');
INSERT INTO `sys_deal_log` VALUES ('273', null, '????', 'com.example.demo.modules.sys.controller.LoginController.login()', '{\"username\":\"lisi\",\"password\":\"123456\",\"page\":1,\"rows\":10}', '264', '127.0.0.1', '2019-04-11 11:35:57');
INSERT INTO `sys_deal_log` VALUES ('274', null, '????', 'com.example.demo.modules.sys.controller.LoginController.login()', '{\"username\":\"lisi\",\"password\":\"123456\",\"page\":1,\"rows\":10}', '264', '127.0.0.1', '2019-04-11 11:35:59');
INSERT INTO `sys_deal_log` VALUES ('275', null, '????', 'com.example.demo.modules.sys.controller.LoginController.login()', '{\"username\":\"lisi\",\"password\":\"123456\",\"page\":1,\"rows\":10}', '244', '127.0.0.1', '2019-04-11 11:36:00');
INSERT INTO `sys_deal_log` VALUES ('276', null, '????', 'com.example.demo.modules.sys.controller.LoginController.login()', '{\"username\":\"lisi\",\"password\":\"123456\",\"page\":1,\"rows\":10}', '287', '127.0.0.1', '2019-04-11 11:38:49');
INSERT INTO `sys_deal_log` VALUES ('277', null, '????', 'com.example.demo.modules.sys.controller.LoginController.login()', '{\"username\":\"lisi\",\"password\":\"123456\",\"page\":1,\"rows\":10}', '245', '127.0.0.1', '2019-04-11 11:38:50');
INSERT INTO `sys_deal_log` VALUES ('278', null, '????', 'com.example.demo.modules.sys.controller.LoginController.login()', '{\"username\":\"lisi\",\"password\":\"123456\",\"page\":1,\"rows\":10}', '242', '127.0.0.1', '2019-04-11 11:38:51');
INSERT INTO `sys_deal_log` VALUES ('279', null, '????', 'com.example.demo.modules.sys.controller.LoginController.login()', '{\"username\":\"lisi\",\"password\":\"123456\",\"page\":1,\"rows\":10}', '233', '127.0.0.1', '2019-04-11 11:38:52');
INSERT INTO `sys_deal_log` VALUES ('280', 'sys_admin', '用户登录', 'com.example.demo.modules.sys.controller.LoginController.login()', '{\"username\":\"sys_admin\",\"password\":\"123456\",\"page\":1,\"rows\":10}', '49', '124.236.190.111', '2019-04-11 16:19:49');
INSERT INTO `sys_deal_log` VALUES ('281', 'sys_admin', '用户登录', 'com.example.demo.modules.sys.controller.LoginController.login()', '{\"username\":\"sys_admin\",\"password\":\"123456\",\"page\":1,\"rows\":10}', '33', '36.24.96.240', '2019-04-11 21:04:42');
INSERT INTO `sys_deal_log` VALUES ('282', '邓俊辉', '用户登录', 'com.example.demo.modules.sys.controller.LoginController.login()', '{\"username\":\"邓俊辉\",\"password\":\"123456\",\"page\":1,\"rows\":10}', '61', '218.16.63.112', '2019-04-12 10:18:47');
INSERT INTO `sys_deal_log` VALUES ('283', '邓俊辉', '用户登录', 'com.example.demo.modules.sys.controller.LoginController.login()', '{\"username\":\"邓俊辉\",\"password\":\"123456\",\"page\":1,\"rows\":10}', '29', '218.16.63.112', '2019-04-12 14:51:25');
INSERT INTO `sys_deal_log` VALUES ('284', 'admin', '????', 'com.example.demo.modules.sys.controller.LoginController.login()', '{\"username\":\"admin\",\"password\":\"123456\",\"page\":1,\"rows\":10}', '752', '127.0.0.1', '2019-04-12 17:17:32');
INSERT INTO `sys_deal_log` VALUES ('285', null, '????', 'com.example.demo.modules.sys.controller.LoginController.login()', '{\"username\":\"admin\",\"password\":\"admin\",\"page\":1,\"rows\":10}', '117', '127.0.0.1', '2019-04-13 14:47:28');
INSERT INTO `sys_deal_log` VALUES ('286', 'admin', '????', 'com.example.demo.modules.sys.controller.LoginController.login()', '{\"username\":\"admin\",\"password\":\"123456\",\"page\":1,\"rows\":10}', '162', '127.0.0.1', '2019-04-13 14:47:36');
INSERT INTO `sys_deal_log` VALUES ('287', null, '????', 'com.example.demo.modules.sys.controller.LoginController.login()', '{\"username\":\"admin\",\"password\":\"admin\",\"page\":1,\"rows\":10}', '1240', '127.0.0.1', '2019-04-13 16:07:19');
INSERT INTO `sys_deal_log` VALUES ('288', 'admin', '????', 'com.example.demo.modules.sys.controller.LoginController.login()', '{\"username\":\"admin\",\"password\":\"123456\",\"page\":1,\"rows\":10}', '182', '127.0.0.1', '2019-04-13 16:07:24');
INSERT INTO `sys_deal_log` VALUES ('289', 'admin', '????', 'com.example.demo.modules.sys.controller.LoginController.login()', '{\"username\":\"admin\",\"password\":\"admin\",\"page\":1,\"rows\":10}', '56803', '127.0.0.1', '2019-04-13 16:07:28');
INSERT INTO `sys_deal_log` VALUES ('290', 'admin', '????', 'com.example.demo.modules.sys.controller.LoginController.login()', '{\"username\":\"admin\",\"password\":\"admin\",\"page\":1,\"rows\":10}', '56814', '127.0.0.1', '2019-04-13 16:07:34');
INSERT INTO `sys_deal_log` VALUES ('291', 'admin', '????', 'com.example.demo.modules.sys.controller.LoginController.login()', '{\"username\":\"admin\",\"password\":\"admin\",\"page\":1,\"rows\":10}', '37911', '127.0.0.1', '2019-04-13 16:07:35');
INSERT INTO `sys_deal_log` VALUES ('292', 'admin', '????', 'com.example.demo.modules.sys.controller.LoginController.login()', '{\"username\":\"admin\",\"password\":\"admin\",\"page\":1,\"rows\":10}', '37903', '127.0.0.1', '2019-04-13 16:07:36');
INSERT INTO `sys_deal_log` VALUES ('293', null, '????', 'com.example.demo.modules.sys.controller.LoginController.logout()', null, '5', '127.0.0.1', '2019-04-13 17:10:57');
INSERT INTO `sys_deal_log` VALUES ('294', 'sys_admin', '用户登录', 'com.example.demo.modules.sys.controller.LoginController.login()', '{\"username\":\"sys_admin\",\"password\":\"123456\",\"page\":1,\"rows\":10}', '82', '112.96.132.76', '2019-04-13 20:11:39');
INSERT INTO `sys_deal_log` VALUES ('295', 'sys_admin', '用户登录', 'com.example.demo.modules.sys.controller.LoginController.login()', '{\"username\":\"sys_admin\",\"password\":\"123456\",\"page\":1,\"rows\":10}', '40', '112.96.132.76', '2019-04-13 20:11:53');
INSERT INTO `sys_deal_log` VALUES ('296', 'sys_admin', '保存部门信息', 'com.example.demo.modules.sys.controller.DeptController.saveOrUpdate()', '{\"id\":1001002,\"deptName\":\"总经办\",\"parentId\":1001,\"sort\":88,\"icon\":\"glyphicon glyphicon-folder-close\"}', '21', '112.96.132.76', '2019-04-13 20:15:53');
INSERT INTO `sys_deal_log` VALUES ('297', 'sys_admin', '用户登录', 'com.example.demo.modules.sys.controller.LoginController.login()', '{\"username\":\"sys_admin\",\"password\":\"123456\",\"page\":1,\"rows\":10}', '44', '61.140.238.56', '2019-04-13 21:36:11');
INSERT INTO `sys_deal_log` VALUES ('298', null, '用户登出', 'com.example.demo.modules.sys.controller.LoginController.logout()', null, '0', '61.140.238.56', '2019-04-13 22:07:32');
INSERT INTO `sys_deal_log` VALUES ('299', '邓俊辉', '用户登录', 'com.example.demo.modules.sys.controller.LoginController.login()', '{\"username\":\"邓俊辉\",\"password\":\"123456\",\"page\":1,\"rows\":10}', '40', '61.140.238.56', '2019-04-13 22:07:35');
INSERT INTO `sys_deal_log` VALUES ('300', 'sys_admin', '用户登录', 'com.example.demo.modules.sys.controller.LoginController.login()', '{\"username\":\"sys_admin\",\"password\":\"123456\",\"page\":1,\"rows\":10}', '294', '127.0.0.1', '2019-04-13 22:08:27');
INSERT INTO `sys_deal_log` VALUES ('301', 'sys_admin', '用户登录', 'com.example.demo.modules.sys.controller.LoginController.login()', '{\"username\":\"sys_admin\",\"password\":\"123456\",\"page\":1,\"rows\":10}', '199', '127.0.0.1', '2019-04-13 22:15:22');
INSERT INTO `sys_deal_log` VALUES ('302', 'sys_admin', '用户登录', 'com.example.demo.modules.sys.controller.LoginController.login()', '{\"username\":\"sys_admin\",\"password\":\"123456\",\"page\":1,\"rows\":10}', '425', '127.0.0.1', '2019-04-13 22:21:18');
INSERT INTO `sys_deal_log` VALUES ('303', 'sys_admin', '用户登录', 'com.example.demo.modules.sys.controller.LoginController.login()', '{\"username\":\"sys_admin\",\"password\":\"123456\",\"page\":1,\"rows\":10}', '283', '127.0.0.1', '2019-04-13 22:51:14');
INSERT INTO `sys_deal_log` VALUES ('304', 'sys_admin', '用户登录', 'com.example.demo.modules.sys.controller.LoginController.login()', '{\"username\":\"sys_admin\",\"password\":\"123456\",\"page\":1,\"rows\":10}', '269', '127.0.0.1', '2019-04-13 23:48:00');
INSERT INTO `sys_deal_log` VALUES ('305', '邓俊辉', '用户登录', 'com.example.demo.modules.sys.controller.LoginController.login()', '{\"username\":\"邓俊辉\",\"password\":\"123456\",\"page\":1,\"rows\":10}', '66', '61.140.238.56', '2019-04-14 11:41:50');
INSERT INTO `sys_deal_log` VALUES ('306', 'sys_admin', '用户登录', 'com.example.demo.modules.sys.controller.LoginController.login()', '{\"username\":\"sys_admin\",\"password\":\"123456\",\"page\":1,\"rows\":10}', '80', '171.88.45.27', '2019-04-14 20:35:57');
INSERT INTO `sys_deal_log` VALUES ('307', 'sys_admin', '启动或停止定时任务', 'com.example.demo.modules.sys.controller.ScheduleJobController.changeJobStatus()', '10', '35', '171.88.45.27', '2019-04-14 20:37:25');
INSERT INTO `sys_deal_log` VALUES ('308', 'sys_admin', '启动或停止定时任务', 'com.example.demo.modules.sys.controller.ScheduleJobController.changeJobStatus()', '10', '12', '171.88.45.27', '2019-04-14 20:37:27');
INSERT INTO `sys_deal_log` VALUES ('309', 'sys_admin', '删除定时任务', 'com.example.demo.modules.sys.controller.ScheduleJobController.deleteOnlyOne()', '14', '9', '171.88.45.27', '2019-04-14 20:37:48');
INSERT INTO `sys_deal_log` VALUES ('310', 'sys_admin', '启动或停止定时任务', 'com.example.demo.modules.sys.controller.ScheduleJobController.changeJobStatus()', '13', '9', '171.88.45.27', '2019-04-14 20:37:51');
INSERT INTO `sys_deal_log` VALUES ('311', 'sys_admin', '启动或停止定时任务', 'com.example.demo.modules.sys.controller.ScheduleJobController.changeJobStatus()', '13', '9', '171.88.45.27', '2019-04-14 20:37:53');
INSERT INTO `sys_deal_log` VALUES ('312', '邓俊辉', '用户登录', 'com.example.demo.modules.sys.controller.LoginController.login()', '{\"username\":\"邓俊辉\",\"password\":\"123456\",\"page\":1,\"rows\":10}', '44', '61.140.238.56', '2019-04-14 21:02:51');
INSERT INTO `sys_deal_log` VALUES ('313', null, '????', 'com.example.demo.modules.sys.controller.LoginController.login()', '{\"username\":\"admin\",\"password\":\"admin\",\"page\":1,\"rows\":10}', '585', '127.0.0.1', '2019-04-14 23:19:24');
INSERT INTO `sys_deal_log` VALUES ('314', null, '????', 'com.example.demo.modules.sys.controller.LoginController.login()', '{\"username\":\"admin\",\"password\":\"admin\",\"page\":1,\"rows\":10}', '479', '127.0.0.1', '2019-04-14 23:19:26');
INSERT INTO `sys_deal_log` VALUES ('315', 'admin', '????', 'com.example.demo.modules.sys.controller.LoginController.login()', '{\"username\":\"admin\",\"password\":\"123456\",\"page\":1,\"rows\":10}', '1036', '127.0.0.1', '2019-04-14 23:23:02');
INSERT INTO `sys_deal_log` VALUES ('316', 'admin', '用户登录', 'com.example.demo.modules.sys.controller.LoginController.login()', '{\"username\":\"admin\",\"password\":\"123456\",\"page\":1,\"rows\":10}', '45', '36.48.97.187', '2019-04-14 23:32:01');
INSERT INTO `sys_deal_log` VALUES ('317', '邓俊辉', '用户登录', 'com.example.demo.modules.sys.controller.LoginController.login()', '{\"username\":\"邓俊辉\",\"password\":\"123456\",\"page\":1,\"rows\":10}', '97', '120.197.165.24', '2019-04-15 09:48:36');
INSERT INTO `sys_deal_log` VALUES ('318', '邓俊辉', '用户登录', 'com.example.demo.modules.sys.controller.LoginController.login()', '{\"username\":\"邓俊辉\",\"password\":\"123456\",\"page\":1,\"rows\":10}', '39', '120.197.165.24', '2019-04-15 13:32:21');
INSERT INTO `sys_deal_log` VALUES ('319', '邓俊辉', '用户登录', 'com.example.demo.modules.sys.controller.LoginController.login()', '{\"username\":\"邓俊辉\",\"password\":\"123456\",\"page\":1,\"rows\":10}', '39', '120.197.165.24', '2019-04-15 14:29:24');
INSERT INTO `sys_deal_log` VALUES ('320', 'admin', '????', 'com.example.demo.modules.sys.controller.LoginController.login()', '{\"username\":\"admin\",\"password\":\"123456\",\"page\":1,\"rows\":10}', '1015', '127.0.0.1', '2019-04-15 18:07:24');
INSERT INTO `sys_deal_log` VALUES ('321', 'admin', '????', 'com.example.demo.modules.sys.controller.LoginController.login()', '{\"username\":\"admin\",\"password\":\"123456\",\"page\":1,\"rows\":10}', '894', '127.0.0.1', '2019-04-15 18:07:26');
INSERT INTO `sys_deal_log` VALUES ('322', 'admin', '?????????', 'com.example.demo.modules.sys.controller.ScheduleJobController.changeJobStatus()', '10', '195', '127.0.0.1', '2019-04-15 18:12:22');
INSERT INTO `sys_deal_log` VALUES ('323', 'admin', '?????????', 'com.example.demo.modules.sys.controller.ScheduleJobController.changeJobStatus()', '11', '179', '127.0.0.1', '2019-04-15 18:12:25');
INSERT INTO `sys_deal_log` VALUES ('324', 'admin', '?????????', 'com.example.demo.modules.sys.controller.ScheduleJobController.changeJobStatus()', '13', '179', '127.0.0.1', '2019-04-15 18:12:28');
INSERT INTO `sys_deal_log` VALUES ('325', '邓俊辉', '用户登录', 'com.example.demo.modules.sys.controller.LoginController.login()', '{\"username\":\"邓俊辉\",\"password\":\"123456\",\"page\":1,\"rows\":10}', '39', '113.108.241.204', '2019-04-15 20:05:37');
INSERT INTO `sys_deal_log` VALUES ('326', null, '用户登出', 'com.example.demo.modules.sys.controller.LoginController.logout()', null, '0', '113.108.241.204', '2019-04-15 20:12:34');
INSERT INTO `sys_deal_log` VALUES ('327', 'sys_admin', '用户登录', 'com.example.demo.modules.sys.controller.LoginController.login()', '{\"username\":\"sys_admin\",\"password\":\"123456\",\"page\":1,\"rows\":10}', '36', '113.108.241.204', '2019-04-15 20:12:38');
INSERT INTO `sys_deal_log` VALUES ('328', 'sys_admin', '保存定时任务', 'com.example.demo.modules.sys.controller.ScheduleJobController.saveOrUpdate()', '{\"id\":13,\"cronExpression\":\"0 0/30 * * * ? \",\"description\":\"备注\",\"beanClass\":\"com.example.demo.modules.job.task.WeatherDataSyncTask\",\"jobGroup\":\"group3\",\"jobName\":\"WeatherDataSyncTask\",\"page\":1,\"rows\":10}', '5', '113.108.241.204', '2019-04-15 20:13:26');
INSERT INTO `sys_deal_log` VALUES ('329', 'sys_admin', '保存定时任务', 'com.example.demo.modules.sys.controller.ScheduleJobController.saveOrUpdate()', '{\"id\":11,\"cronExpression\":\"0 30 0 1/1 * ? \",\"description\":\"每天00:30更新一次\",\"beanClass\":\"com.example.demo.modules.job.task.WelcomeJob\",\"jobGroup\":\"group1\",\"jobName\":\"WelcomeJob\",\"page\":1,\"rows\":10}', '11', '113.108.241.204', '2019-04-15 20:13:50');
INSERT INTO `sys_deal_log` VALUES ('330', 'sys_admin', '保存定时任务', 'com.example.demo.modules.sys.controller.ScheduleJobController.saveOrUpdate()', '{\"id\":10,\"cronExpression\":\"0 55 0 * * ? *\",\"description\":\"每天0:55更新一次\",\"beanClass\":\"com.example.demo.modules.job.task.SyncBookDataTask\",\"jobGroup\":\"group1\",\"jobName\":\"SyncBookDataTask\",\"page\":1,\"rows\":10}', '39', '113.108.241.204', '2019-04-15 20:14:12');
INSERT INTO `sys_deal_log` VALUES ('331', null, '用户登出', 'com.example.demo.modules.sys.controller.LoginController.logout()', null, '0', '113.108.241.204', '2019-04-15 20:25:15');
INSERT INTO `sys_deal_log` VALUES ('332', 'admin', '用户登录', 'com.example.demo.modules.sys.controller.LoginController.login()', '{\"username\":\"admin\",\"password\":\"123456\",\"page\":1,\"rows\":10}', '62', '113.108.241.204', '2019-04-15 20:25:18');
INSERT INTO `sys_deal_log` VALUES ('333', null, '用户登出', 'com.example.demo.modules.sys.controller.LoginController.logout()', null, '1', '113.108.241.204', '2019-04-15 20:26:02');
INSERT INTO `sys_deal_log` VALUES ('334', 'sys_admin', '用户登录', 'com.example.demo.modules.sys.controller.LoginController.login()', '{\"username\":\"sys_admin\",\"password\":\"123456\",\"page\":1,\"rows\":10}', '69', '222.128.179.82', '2019-04-16 09:29:37');
INSERT INTO `sys_deal_log` VALUES ('335', '邓俊辉', '用户登录', 'com.example.demo.modules.sys.controller.LoginController.login()', '{\"username\":\"邓俊辉\",\"password\":\"123456\",\"page\":1,\"rows\":10}', '53', '218.16.63.112', '2019-04-16 09:34:06');
INSERT INTO `sys_deal_log` VALUES ('336', 'sys_admin', '用户登录', 'com.example.demo.modules.sys.controller.LoginController.login()', '{\"username\":\"sys_admin\",\"password\":\"123456\",\"page\":1,\"rows\":10}', '39', '222.128.179.82', '2019-04-16 10:12:34');
INSERT INTO `sys_deal_log` VALUES ('337', 'sys_admin', '用户登录', 'com.example.demo.modules.sys.controller.LoginController.login()', '{\"username\":\"sys_admin\",\"password\":\"123456\",\"page\":1,\"rows\":10}', '37', '14.153.185.106', '2019-04-16 10:19:46');
INSERT INTO `sys_deal_log` VALUES ('338', 'sys_admin', '保存角色', 'com.example.demo.modules.sys.controller.RoleController.saveOrUpdate()', '{\"id\":8,\"roleName\":\"j\",\"remark\":\"\",\"status\":0,\"createTime\":\"Apr 16, 2019 10:20:41 AM\",\"roleType\":1,\"page\":1,\"rows\":10}', '86', '14.153.185.106', '2019-04-16 10:20:42');
INSERT INTO `sys_deal_log` VALUES ('339', '邓俊辉', '用户登录', 'com.example.demo.modules.sys.controller.LoginController.login()', '{\"username\":\"邓俊辉\",\"password\":\"123456\",\"page\":1,\"rows\":10}', '40', '218.16.63.112', '2019-04-16 11:07:40');
INSERT INTO `sys_deal_log` VALUES ('340', 'sys_admin', '用户登录', 'com.example.demo.modules.sys.controller.LoginController.login()', '{\"username\":\"sys_admin\",\"password\":\"123456\",\"page\":1,\"rows\":10}', '39', '49.52.97.35', '2019-04-16 11:15:41');
INSERT INTO `sys_deal_log` VALUES ('341', null, '用户登出', 'com.example.demo.modules.sys.controller.LoginController.logout()', null, '1', '49.52.97.35', '2019-04-16 11:17:58');
INSERT INTO `sys_deal_log` VALUES ('342', '邓俊辉', '用户登录', 'com.example.demo.modules.sys.controller.LoginController.login()', '{\"username\":\"邓俊辉\",\"password\":\"123456\",\"page\":1,\"rows\":10}', '37', '218.16.63.112', '2019-04-16 13:22:15');
INSERT INTO `sys_deal_log` VALUES ('343', null, '用户登录', 'com.example.demo.modules.sys.controller.LoginController.login()', '{\"username\":\"test\",\"password\":\"123456\",\"page\":1,\"rows\":10}', '15', '222.128.179.82', '2019-04-16 13:24:42');
INSERT INTO `sys_deal_log` VALUES ('344', 'sys_admin', '用户登录', 'com.example.demo.modules.sys.controller.LoginController.login()', '{\"username\":\"sys_admin\",\"password\":\"123456\",\"page\":1,\"rows\":10}', '39', '222.128.179.82', '2019-04-16 13:25:50');
INSERT INTO `sys_deal_log` VALUES ('345', null, '用户登出', 'com.example.demo.modules.sys.controller.LoginController.logout()', null, '0', '222.128.179.82', '2019-04-16 13:42:46');
INSERT INTO `sys_deal_log` VALUES ('346', 'admin', '用户登录', 'com.example.demo.modules.sys.controller.LoginController.login()', '{\"username\":\"admin\",\"password\":\"123456\",\"page\":1,\"rows\":10}', '36', '222.128.179.82', '2019-04-16 13:42:53');
INSERT INTO `sys_deal_log` VALUES ('347', '邓俊辉', '用户登录', 'com.example.demo.modules.sys.controller.LoginController.login()', '{\"username\":\"邓俊辉\",\"password\":\"123456\",\"page\":1,\"rows\":10}', '38', '218.16.63.112', '2019-04-16 14:13:24');
INSERT INTO `sys_deal_log` VALUES ('348', 'sys_admin', '用户登录', 'com.example.demo.modules.sys.controller.LoginController.login()', '{\"username\":\"sys_admin\",\"password\":\"123456\",\"page\":1,\"rows\":10}', '38', '222.128.179.82', '2019-04-16 14:43:39');
INSERT INTO `sys_deal_log` VALUES ('349', 'sys_admin', '用户登录', 'com.example.demo.modules.sys.controller.LoginController.login()', '{\"username\":\"sys_admin\",\"password\":\"123456\",\"page\":1,\"rows\":10}', '239', '222.128.179.82', '2019-04-16 15:30:51');
INSERT INTO `sys_deal_log` VALUES ('350', 'sys_admin', '保存角色', 'com.example.demo.modules.sys.controller.RoleController.saveOrUpdate()', '{\"id\":9,\"roleName\":\"sff\",\"remark\":\"\",\"status\":0,\"createTime\":\"Apr 16, 2019 3:55:05 PM\",\"roleType\":1,\"page\":1,\"rows\":10}', '22', '222.128.179.82', '2019-04-16 15:55:05');
INSERT INTO `sys_deal_log` VALUES ('351', 'admin', '????', 'com.example.demo.modules.sys.controller.LoginController.login()', '{\"username\":\"admin\",\"password\":\"123456\",\"page\":1,\"rows\":10}', '229', '127.0.0.1', '2019-04-16 17:09:16');
INSERT INTO `sys_deal_log` VALUES ('352', 'admin', '???????', 'com.example.demo.modules.sys.controller.MenuController.saveOrUpdate()', '{\"id\":1002003,\"icon\":\"glyphicon glyphicon-headphones\",\"menuName\":\"????\",\"url\":\"\",\"isShow\":1,\"permission\":\"\",\"menuType\":\"menu\",\"page\":1,\"rows\":10}', '92', '127.0.0.1', '2019-04-16 17:09:38');
INSERT INTO `sys_deal_log` VALUES ('353', 'admin', '???????', 'com.example.demo.modules.sys.controller.MenuController.saveOrUpdate()', '{\"id\":1002003,\"icon\":\"glyphicon glyphicon-headphones\",\"menuName\":\"????\",\"url\":\"\",\"isShow\":0,\"permission\":\"\",\"menuType\":\"menu\",\"page\":1,\"rows\":10}', '72', '127.0.0.1', '2019-04-16 17:09:56');
INSERT INTO `sys_deal_log` VALUES ('354', 'admin', '???????', 'com.example.demo.modules.sys.controller.MenuController.saveOrUpdate()', '{\"id\":1002020,\"icon\":\"glyphicon glyphicon-inbox\",\"menuName\":\"????\",\"url\":\"\",\"isShow\":0,\"permission\":\"\",\"menuType\":\"menu\",\"page\":1,\"rows\":10}', '113', '127.0.0.1', '2019-04-16 17:11:27');
INSERT INTO `sys_deal_log` VALUES ('355', 'admin', '???????', 'com.example.demo.modules.sys.controller.MenuController.saveOrUpdate()', '{\"id\":1002021,\"icon\":\"glyphicon glyphicon-asterisk\",\"menuName\":\"????\",\"url\":\"\",\"isShow\":0,\"permission\":\"\",\"menuType\":\"menu\",\"page\":1,\"rows\":10}', '102', '127.0.0.1', '2019-04-16 17:12:59');
INSERT INTO `sys_deal_log` VALUES ('356', '邓俊辉', '用户登录', 'com.example.demo.modules.sys.controller.LoginController.login()', '{\"username\":\"邓俊辉\",\"password\":\"123456\",\"page\":1,\"rows\":10}', '67', '218.16.63.112', '2019-04-17 10:13:23');
INSERT INTO `sys_deal_log` VALUES ('357', '邓俊辉', '用户登录', 'com.example.demo.modules.sys.controller.LoginController.login()', '{\"username\":\"邓俊辉\",\"password\":\"123456\",\"page\":1,\"rows\":10}', '36', '218.16.63.112', '2019-04-17 12:54:47');
INSERT INTO `sys_deal_log` VALUES ('358', 'admin', '用户登录', 'com.example.demo.modules.sys.controller.LoginController.login()', '{\"username\":\"admin\",\"password\":\"123456\",\"page\":1,\"rows\":10}', '65', '59.109.144.214', '2019-04-17 21:54:27');
INSERT INTO `sys_deal_log` VALUES ('359', 'admin', '新增或修改菜单', 'com.example.demo.modules.sys.controller.MenuController.saveOrUpdate()', '{\"id\":1002003,\"icon\":\"glyphicon glyphicon-headphones\",\"menuName\":\"????\",\"url\":\"\",\"isShow\":1,\"permission\":\"\",\"menuType\":\"menu\",\"page\":1,\"rows\":10}', '16', '59.109.144.214', '2019-04-17 22:51:31');
INSERT INTO `sys_deal_log` VALUES ('360', null, '用户登出', 'com.example.demo.modules.sys.controller.LoginController.logout()', null, '1', '59.109.144.214', '2019-04-17 23:13:00');
INSERT INTO `sys_deal_log` VALUES ('361', null, '用户登出', 'com.example.demo.modules.sys.controller.LoginController.logout()', null, '0', '61.151.207.141', '2019-04-17 23:14:00');
INSERT INTO `sys_deal_log` VALUES ('362', 'admin', '用户登录', 'com.example.demo.modules.sys.controller.LoginController.login()', '{\"username\":\"admin\",\"password\":\"123456\",\"page\":1,\"rows\":10}', '31', '59.109.144.214', '2019-04-17 23:17:56');
INSERT INTO `sys_deal_log` VALUES ('363', 'admin', '用户登录', 'com.example.demo.modules.sys.controller.LoginController.login()', '{\"username\":\"admin\",\"password\":\"123456\",\"page\":1,\"rows\":10}', '34', '59.109.144.214', '2019-04-18 00:10:04');
INSERT INTO `sys_deal_log` VALUES ('364', '邓俊辉', '用户登录', 'com.example.demo.modules.sys.controller.LoginController.login()', '{\"username\":\"邓俊辉\",\"password\":\"123456\",\"page\":1,\"rows\":10}', '282', '218.16.63.112', '2019-04-18 12:49:31');
INSERT INTO `sys_deal_log` VALUES ('365', null, '用户登出', 'com.example.demo.modules.sys.controller.LoginController.logout()', null, '0', '218.16.63.112', '2019-04-18 12:49:58');
INSERT INTO `sys_deal_log` VALUES ('366', 'sys_admin', '用户登录', 'com.example.demo.modules.sys.controller.LoginController.login()', '{\"username\":\"sys_admin\",\"password\":\"123456\",\"page\":1,\"rows\":10}', '39', '218.16.63.112', '2019-04-18 12:50:04');
INSERT INTO `sys_deal_log` VALUES ('367', 'sys_admin', '删除角色', 'com.example.demo.modules.sys.controller.RoleController.delete()', '8', '25', '218.16.63.112', '2019-04-18 12:50:31');
INSERT INTO `sys_deal_log` VALUES ('368', 'sys_admin', '新增或修改菜单', 'com.example.demo.modules.sys.controller.MenuController.saveOrUpdate()', '{\"id\":1002003,\"icon\":\"glyphicon glyphicon-headphones\",\"menuName\":\"测试菜单\",\"url\":\"\",\"isShow\":0,\"permission\":\"\",\"menuType\":\"menu\",\"page\":1,\"rows\":10}', '21', '218.16.63.112', '2019-04-18 12:51:26');
INSERT INTO `sys_deal_log` VALUES ('369', 'sys_admin', '保存菜单权限', 'com.example.demo.modules.sys.controller.MenuController.saveMenuPermission()', '7', '29', '218.16.63.112', '2019-04-18 12:52:11');
INSERT INTO `sys_deal_log` VALUES ('370', 'sys_admin', '删除菜单', 'com.example.demo.modules.sys.controller.MenuController.delete()', '1002020', '14', '218.16.63.112', '2019-04-18 12:52:27');
INSERT INTO `sys_deal_log` VALUES ('371', 'sys_admin', '删除菜单', 'com.example.demo.modules.sys.controller.MenuController.delete()', '1002021', '19', '218.16.63.112', '2019-04-18 12:52:32');
INSERT INTO `sys_deal_log` VALUES ('372', null, '用户登出', 'com.example.demo.modules.sys.controller.LoginController.logout()', null, '0', '218.16.63.112', '2019-04-18 12:54:33');
INSERT INTO `sys_deal_log` VALUES ('373', '邓俊辉', '用户登录', 'com.example.demo.modules.sys.controller.LoginController.login()', '{\"username\":\"邓俊辉\",\"password\":\"123456\",\"page\":1,\"rows\":10}', '38', '218.16.63.112', '2019-04-18 12:54:36');
INSERT INTO `sys_deal_log` VALUES ('374', '邓俊辉', '用户登录', 'com.example.demo.modules.sys.controller.LoginController.login()', '{\"username\":\"邓俊辉\",\"password\":\"123456\",\"page\":1,\"rows\":10}', '44', '218.16.63.112', '2019-04-18 17:53:54');
INSERT INTO `sys_deal_log` VALUES ('375', '邓俊辉', '用户登录', 'com.example.demo.modules.sys.controller.LoginController.login()', '{\"username\":\"邓俊辉\",\"password\":\"123456\",\"page\":1,\"rows\":10}', '42', '218.16.63.112', '2019-04-18 18:15:29');
INSERT INTO `sys_deal_log` VALUES ('376', '邓俊辉', '用户登录', 'com.example.demo.modules.sys.controller.LoginController.login()', '{\"username\":\"邓俊辉\",\"password\":\"123456\",\"page\":1,\"rows\":10}', '41', '218.16.63.112', '2019-04-18 19:07:39');
INSERT INTO `sys_deal_log` VALUES ('377', 'sys_admin', '用户登录', 'com.example.demo.modules.sys.controller.LoginController.login()', '{\"username\":\"sys_admin\",\"password\":\"123456\",\"page\":1,\"rows\":10}', '94', '219.143.70.11', '2019-04-19 09:13:54');
INSERT INTO `sys_deal_log` VALUES ('378', 'sys_admin', '批量删除文件', 'com.example.demo.modules.file.controller.MyFileController.batchDelete()', '[29]', '10', '219.143.70.11', '2019-04-19 09:15:56');
INSERT INTO `sys_deal_log` VALUES ('379', null, '????', 'com.example.demo.modules.sys.controller.LoginController.login()', '{\"username\":\"admin\",\"password\":\"111111\",\"page\":1,\"rows\":10}', '329', '127.0.0.1', '2019-04-19 09:42:48');
INSERT INTO `sys_deal_log` VALUES ('380', 'sys_admin', '????', 'com.example.demo.modules.sys.controller.LoginController.login()', '{\"username\":\"sys_admin\",\"password\":\"123456\",\"page\":1,\"rows\":10}', '592', '127.0.0.1', '2019-04-19 09:43:12');
INSERT INTO `sys_deal_log` VALUES ('381', 'sys_admin', '??????', 'com.example.demo.modules.sys.controller.UserController.batchDelete()', '[206]', '296', '127.0.0.1', '2019-04-19 09:44:22');
INSERT INTO `sys_deal_log` VALUES ('382', 'sys_admin', '?????????', 'com.example.demo.modules.sys.controller.ScheduleJobController.changeJobStatus()', '10', '221', '127.0.0.1', '2019-04-19 09:46:06');
INSERT INTO `sys_deal_log` VALUES ('383', 'sys_admin', '?????????', 'com.example.demo.modules.sys.controller.ScheduleJobController.changeJobStatus()', '11', '123', '127.0.0.1', '2019-04-19 09:46:30');
INSERT INTO `sys_deal_log` VALUES ('384', '邓俊辉', '用户登录', 'com.example.demo.modules.sys.controller.LoginController.login()', '{\"username\":\"邓俊辉\",\"password\":\"123456\",\"page\":1,\"rows\":10}', '31', '120.197.165.24', '2019-04-19 10:21:24');
INSERT INTO `sys_deal_log` VALUES ('385', 'sys_admin', '用户登录', 'com.example.demo.modules.sys.controller.LoginController.login()', '{\"username\":\"sys_admin\",\"password\":\"123456\",\"page\":1,\"rows\":10}', '28', '125.85.49.224', '2019-04-19 10:21:41');
INSERT INTO `sys_deal_log` VALUES ('386', null, '用户登录', 'com.example.demo.modules.sys.controller.LoginController.login()', '{\"username\":\"admin\",\"password\":\"admin\",\"page\":1,\"rows\":10}', '14', '27.154.168.69', '2019-04-19 11:04:54');
INSERT INTO `sys_deal_log` VALUES ('387', 'sys_admin', '用户登录', 'com.example.demo.modules.sys.controller.LoginController.login()', '{\"username\":\"sys_admin\",\"password\":\"123456\",\"page\":1,\"rows\":10}', '28', '27.154.168.69', '2019-04-19 11:05:11');
INSERT INTO `sys_deal_log` VALUES ('388', '邓俊辉', '用户登录', 'com.example.demo.modules.sys.controller.LoginController.login()', '{\"username\":\"邓俊辉\",\"password\":\"123456\",\"page\":1,\"rows\":10}', '36', '218.16.63.112', '2019-04-19 14:19:21');
INSERT INTO `sys_deal_log` VALUES ('389', 'sys_admin', '用户登录', 'com.example.demo.modules.sys.controller.LoginController.login()', '{\"username\":\"sys_admin\",\"password\":\"123456\",\"page\":1,\"rows\":10}', '36', '223.72.75.8', '2019-04-19 14:59:17');
INSERT INTO `sys_deal_log` VALUES ('390', '邓俊辉', '用户登录', 'com.example.demo.modules.sys.controller.LoginController.login()', '{\"username\":\"邓俊辉\",\"password\":\"123456\",\"page\":1,\"rows\":10}', '37', '218.16.63.112', '2019-04-19 15:29:48');
INSERT INTO `sys_deal_log` VALUES ('391', '邓俊辉', '用户登录', 'com.example.demo.modules.sys.controller.LoginController.login()', '{\"username\":\"邓俊辉\",\"password\":\"123456\",\"page\":1,\"rows\":10}', '36', '113.109.108.153', '2019-04-19 22:50:22');
INSERT INTO `sys_deal_log` VALUES ('392', '邓俊辉', '用户登录', 'com.example.demo.modules.sys.controller.LoginController.login()', '{\"username\":\"邓俊辉\",\"password\":\"123456\",\"page\":1,\"rows\":10}', '67', '61.140.239.57', '2019-04-20 14:19:07');
INSERT INTO `sys_deal_log` VALUES ('393', '邓俊辉', '用户登录', 'com.example.demo.modules.sys.controller.LoginController.login()', '{\"username\":\"邓俊辉\",\"password\":\"123456\",\"page\":1,\"rows\":10}', '36', '61.140.239.57', '2019-04-20 14:37:39');
INSERT INTO `sys_deal_log` VALUES ('394', 'admin', '用户登录', 'com.example.demo.modules.sys.controller.LoginController.login()', '{\"username\":\"admin\",\"password\":\"123456\",\"page\":1,\"rows\":10}', '34', '59.109.156.86', '2019-04-20 15:14:19');
INSERT INTO `sys_deal_log` VALUES ('395', 'admin', '用户登录', 'com.example.demo.modules.sys.controller.LoginController.login()', '{\"username\":\"admin\",\"password\":\"123456\",\"page\":1,\"rows\":10}', '35', '59.109.156.86', '2019-04-20 17:44:03');
INSERT INTO `sys_deal_log` VALUES ('396', '邓俊辉', '用户登录', 'com.example.demo.modules.sys.controller.LoginController.login()', '{\"username\":\"邓俊辉\",\"password\":\"123456\",\"page\":1,\"rows\":10}', '75', '117.136.79.39', '2019-04-21 10:09:20');
INSERT INTO `sys_deal_log` VALUES ('397', '邓俊辉', '用户登录', 'com.example.demo.modules.sys.controller.LoginController.login()', '{\"username\":\"邓俊辉\",\"password\":\"123456\",\"page\":1,\"rows\":10}', '42', '117.136.32.50', '2019-04-21 11:21:17');
INSERT INTO `sys_deal_log` VALUES ('398', '邓俊辉', '用户登录', 'com.example.demo.modules.sys.controller.LoginController.login()', '{\"username\":\"邓俊辉\",\"password\":\"123456\",\"page\":1,\"rows\":10}', '38', '117.136.32.50', '2019-04-21 11:26:48');
INSERT INTO `sys_deal_log` VALUES ('399', '邓俊辉', '用户登录', 'com.example.demo.modules.sys.controller.LoginController.login()', '{\"username\":\"邓俊辉\",\"password\":\"123456\",\"page\":1,\"rows\":10}', '88', '61.140.236.92', '2019-04-21 21:27:04');
INSERT INTO `sys_deal_log` VALUES ('400', '邓俊辉', '用户登录', 'com.example.demo.modules.sys.controller.LoginController.login()', '{\"username\":\"邓俊辉\",\"password\":\"123456\",\"page\":1,\"rows\":10}', '35', '61.140.236.92', '2019-04-21 22:54:11');
INSERT INTO `sys_deal_log` VALUES ('401', 'admin', '????', 'com.example.demo.modules.sys.controller.LoginController.login()', '{\"username\":\"admin\",\"password\":\"123456\",\"page\":1,\"rows\":10}', '2304', '127.0.0.1', '2019-04-22 10:06:10');
INSERT INTO `sys_deal_log` VALUES ('402', 'sys_admin', '????', 'com.example.demo.modules.sys.controller.LoginController.login()', '{\"username\":\"sys_admin\",\"password\":\"123456\",\"page\":1,\"rows\":10}', '625', '127.0.0.1', '2019-04-22 10:25:54');
INSERT INTO `sys_deal_log` VALUES ('403', 'sys_admin', '???????', 'com.example.demo.modules.sys.controller.MenuController.saveOrUpdate()', '{\"id\":1002019,\"icon\":\"glyphicon glyphicon-heart\",\"menuName\":\"API??\",\"url\":\"http://localhost:9009/swagger-ui.html\",\"parentId\":1002014,\"isShow\":0,\"permission\":\"data:swagger\",\"menuType\":\"api\",\"page\":1,\"rows\":10}', '242', '127.0.0.1', '2019-04-22 10:34:53');
INSERT INTO `sys_deal_log` VALUES ('404', 'sys_admin', '???????', 'com.example.demo.modules.sys.controller.MenuController.saveOrUpdate()', '{\"id\":1002019,\"icon\":\"glyphicon glyphicon-heart\",\"menuName\":\"API\",\"url\":\"http://localhost:9009/swagger-ui.html\",\"parentId\":1002014,\"isShow\":0,\"permission\":\"data:swagger\",\"menuType\":\"api\",\"page\":1,\"rows\":10}', '206', '127.0.0.1', '2019-04-22 10:35:26');
INSERT INTO `sys_deal_log` VALUES ('405', 'admin', '????', 'com.example.demo.modules.sys.controller.LoginController.login()', '{\"username\":\"admin\",\"password\":\"123456\",\"page\":1,\"rows\":10}', '506', '127.0.0.1', '2019-04-22 10:40:39');
INSERT INTO `sys_deal_log` VALUES ('406', 'sys_admin', '用户登录', 'com.example.demo.modules.sys.controller.LoginController.login()', '{\"username\":\"sys_admin\",\"password\":\"123456\",\"page\":1,\"rows\":10}', '67', '14.20.89.126', '2019-04-22 12:51:59');
INSERT INTO `sys_deal_log` VALUES ('407', '邓俊辉', '用户登录', 'com.example.demo.modules.sys.controller.LoginController.login()', '{\"username\":\"邓俊辉\",\"password\":\"123456\",\"page\":1,\"rows\":10}', '35', '120.197.165.24', '2019-04-22 15:55:43');
INSERT INTO `sys_deal_log` VALUES ('408', '邓俊辉', '用户登录', 'com.example.demo.modules.sys.controller.LoginController.login()', '{\"username\":\"邓俊辉\",\"password\":\"123456\",\"page\":1,\"rows\":10}', '37', '113.108.241.203', '2019-04-22 19:52:54');
INSERT INTO `sys_deal_log` VALUES ('409', '邓俊辉', '用户登录', 'com.example.demo.modules.sys.controller.LoginController.login()', '{\"username\":\"邓俊辉\",\"password\":\"123456\",\"page\":1,\"rows\":10}', '38', '113.108.241.203', '2019-04-22 22:15:54');
INSERT INTO `sys_deal_log` VALUES ('410', '邓俊辉', '用户登录', 'com.example.demo.modules.sys.controller.LoginController.login()', '{\"username\":\"邓俊辉\",\"password\":\"123456\",\"page\":1,\"rows\":10}', '58', '218.16.63.112', '2019-04-23 09:11:34');
INSERT INTO `sys_deal_log` VALUES ('411', 'sys_admin', '用户登录', 'com.example.demo.modules.sys.controller.LoginController.login()', '{\"username\":\"sys_admin\",\"password\":\"123456\",\"page\":1,\"rows\":10}', '39', '59.61.174.246', '2019-04-23 09:16:44');
INSERT INTO `sys_deal_log` VALUES ('412', 'sys_admin', '启动或停止定时任务', 'com.example.demo.modules.sys.controller.ScheduleJobController.changeJobStatus()', '13', '120', '59.61.174.246', '2019-04-23 09:17:04');
INSERT INTO `sys_deal_log` VALUES ('413', '邓俊辉', '用户登录', 'com.example.demo.modules.sys.controller.LoginController.login()', '{\"username\":\"邓俊辉\",\"password\":\"123456\",\"page\":1,\"rows\":10}', '31', '218.16.63.112', '2019-04-23 09:43:35');
INSERT INTO `sys_deal_log` VALUES ('414', 'sys_admin', '用户登录', 'com.example.demo.modules.sys.controller.LoginController.login()', '{\"username\":\"sys_admin\",\"password\":\"123456\",\"page\":1,\"rows\":10}', '32', '223.98.107.64', '2019-04-23 15:22:43');
INSERT INTO `sys_deal_log` VALUES ('415', null, '用户登出', 'com.example.demo.modules.sys.controller.LoginController.logout()', null, '0', '223.98.107.64', '2019-04-23 15:24:10');
INSERT INTO `sys_deal_log` VALUES ('416', 'sys_admin', '用户登录', 'com.example.demo.modules.sys.controller.LoginController.login()', '{\"username\":\"sys_admin\",\"password\":\"123456\",\"page\":1,\"rows\":10}', '501', '127.0.0.1', '2019-04-23 19:53:20');
INSERT INTO `sys_deal_log` VALUES ('417', '邓俊辉', '用户登录', 'com.example.demo.modules.sys.controller.LoginController.login()', '{\"username\":\"邓俊辉\",\"password\":\"123456\",\"page\":1,\"rows\":10}', '30', '113.108.241.203', '2019-04-23 22:02:11');
INSERT INTO `sys_deal_log` VALUES ('418', '邓俊辉', '用户登录', 'com.example.demo.modules.sys.controller.LoginController.login()', '{\"username\":\"邓俊辉\",\"password\":\"123456\",\"page\":1,\"rows\":10}', '30', '218.16.63.112', '2019-04-24 08:53:23');
INSERT INTO `sys_deal_log` VALUES ('419', '邓俊辉', '用户登录', 'com.example.demo.modules.sys.controller.LoginController.login()', '{\"username\":\"邓俊辉\",\"password\":\"123456\",\"page\":1,\"rows\":10}', '30', '218.16.63.112', '2019-04-24 15:18:21');
INSERT INTO `sys_deal_log` VALUES ('420', 'sys_admin', '用户登录', 'com.example.demo.modules.sys.controller.LoginController.login()', '{\"username\":\"sys_admin\",\"password\":\"123456\",\"page\":1,\"rows\":10}', '31', '119.137.54.206', '2019-04-24 19:10:03');
INSERT INTO `sys_deal_log` VALUES ('421', '邓俊辉', '用户登录', 'com.example.demo.modules.sys.controller.LoginController.login()', '{\"username\":\"邓俊辉\",\"password\":\"123456\",\"page\":1,\"rows\":10}', '72', '218.16.63.112', '2019-04-25 09:46:39');
INSERT INTO `sys_deal_log` VALUES ('422', 'sys_admin', '用户登录', 'com.example.demo.modules.sys.controller.LoginController.login()', '{\"username\":\"sys_admin\",\"password\":\"123456\",\"page\":1,\"rows\":10}', '46', '106.121.71.37', '2019-04-25 09:59:28');
INSERT INTO `sys_deal_log` VALUES ('423', 'sys_admin', '启动或停止定时任务', 'com.example.demo.modules.sys.controller.ScheduleJobController.changeJobStatus()', '10', '27', '106.121.71.37', '2019-04-25 10:00:43');
INSERT INTO `sys_deal_log` VALUES ('424', 'sys_admin', '启动或停止定时任务', 'com.example.demo.modules.sys.controller.ScheduleJobController.changeJobStatus()', '10', '9', '106.121.71.37', '2019-04-25 10:00:46');
INSERT INTO `sys_deal_log` VALUES ('425', 'sys_admin', '用户登录', 'com.example.demo.modules.sys.controller.LoginController.login()', '{\"username\":\"sys_admin\",\"password\":\"123456\",\"page\":1,\"rows\":10}', '37', '116.24.67.181', '2019-04-25 16:52:42');
INSERT INTO `sys_deal_log` VALUES ('426', null, '用户登出', 'com.example.demo.modules.sys.controller.LoginController.logout()', null, '0', '116.24.67.181', '2019-04-25 16:54:32');
INSERT INTO `sys_deal_log` VALUES ('427', '邓俊辉', '用户登录', 'com.example.demo.modules.sys.controller.LoginController.login()', '{\"username\":\"邓俊辉\",\"password\":\"123456\",\"page\":1,\"rows\":10}', '38', '113.108.241.203', '2019-04-25 21:04:34');
INSERT INTO `sys_deal_log` VALUES ('428', '邓俊辉', '用户登录', 'com.example.demo.modules.sys.controller.LoginController.login()', '{\"username\":\"邓俊辉\",\"password\":\"123456\",\"page\":1,\"rows\":10}', '37', '113.108.241.203', '2019-04-26 00:08:23');
INSERT INTO `sys_deal_log` VALUES ('429', '邓俊辉', '用户登录', 'com.example.demo.modules.sys.controller.LoginController.login()', '{\"username\":\"邓俊辉\",\"password\":\"123456\",\"page\":1,\"rows\":10}', '133', '218.16.63.112', '2019-04-26 08:43:27');
INSERT INTO `sys_deal_log` VALUES ('430', 'sys_admin', '用户登录', 'com.example.demo.modules.sys.controller.LoginController.login()', '{\"username\":\"sys_admin\",\"password\":\"123456\",\"page\":1,\"rows\":10}', '38', '124.204.56.34', '2019-04-26 14:10:06');
INSERT INTO `sys_deal_log` VALUES ('431', '邓俊辉', '用户登录', 'com.example.demo.modules.sys.controller.LoginController.login()', '{\"username\":\"邓俊辉\",\"password\":\"123456\",\"page\":1,\"rows\":10}', '46', '113.108.241.203', '2019-04-26 21:57:31');
INSERT INTO `sys_deal_log` VALUES ('432', 'sys_admin', '用户登录', 'com.example.demo.modules.sys.controller.LoginController.login()', '{\"username\":\"sys_admin\",\"password\":\"123456\",\"page\":1,\"rows\":10}', '95', '220.112.124.167', '2019-04-27 11:18:32');
INSERT INTO `sys_deal_log` VALUES ('433', '邓俊辉', '用户登录', 'com.example.demo.modules.sys.controller.LoginController.login()', '{\"username\":\"邓俊辉\",\"password\":\"123456\",\"page\":1,\"rows\":10}', '48', '218.16.63.99', '2019-04-27 14:38:24');
INSERT INTO `sys_deal_log` VALUES ('434', null, '????', 'com.example.demo.modules.sys.controller.LoginController.login()', '{\"username\":\"admin\",\"password\":\"UUKHSDDI5KPA43A8VL06V0TU2\",\"page\":1,\"rows\":10}', '1120', '127.0.0.1', '2019-04-27 17:50:59');
INSERT INTO `sys_deal_log` VALUES ('435', null, '????', 'com.example.demo.modules.sys.controller.LoginController.login()', '{\"username\":\"admin\",\"password\":\"UUKHSDDI5KPA43A8VL06V0TU2\",\"page\":1,\"rows\":10}', '19831', '127.0.0.1', '2019-04-27 17:50:59');
INSERT INTO `sys_deal_log` VALUES ('436', null, '????', 'com.example.demo.modules.sys.controller.LoginController.login()', '{\"username\":\"admin\",\"password\":\"UUKHSDDI5KPA43A8VL06V0TU2\",\"page\":1,\"rows\":10}', '209', '127.0.0.1', '2019-04-27 17:51:00');
INSERT INTO `sys_deal_log` VALUES ('437', null, '????', 'com.example.demo.modules.sys.controller.LoginController.login()', '{\"username\":\"admin\",\"password\":\"UUKHSDDI5KPA43A8VL06V0TU2\",\"page\":1,\"rows\":10}', '19459', '127.0.0.1', '2019-04-27 17:51:03');
INSERT INTO `sys_deal_log` VALUES ('438', null, '????', 'com.example.demo.modules.sys.controller.LoginController.login()', '{\"username\":\"admin\",\"password\":\"UUKHSDDI5KPA43A8VL06V0TU2\",\"page\":1,\"rows\":10}', '39040', '127.0.0.1', '2019-04-27 17:51:09');
INSERT INTO `sys_deal_log` VALUES ('439', null, '????', 'com.example.demo.modules.sys.controller.LoginController.login()', '{\"username\":\"admin\",\"password\":\"UUKHSDDI5KPA43A8VL06V0TU2\",\"page\":1,\"rows\":10}', '19429', '127.0.0.1', '2019-04-27 17:51:12');
INSERT INTO `sys_deal_log` VALUES ('440', null, '????', 'com.example.demo.modules.sys.controller.LoginController.login()', '{\"username\":\"admin\",\"password\":\"UUKHSDDI5KPA43A8VL06V0TU2\",\"page\":1,\"rows\":10}', '19324', '127.0.0.1', '2019-04-27 17:51:17');
INSERT INTO `sys_deal_log` VALUES ('441', null, '????', 'com.example.demo.modules.sys.controller.LoginController.login()', '{\"username\":\"admin\",\"password\":\"UUKHSDDI5KPA43A8VL06V0TU2\",\"page\":1,\"rows\":10}', '19334', '127.0.0.1', '2019-04-27 17:51:17');
INSERT INTO `sys_deal_log` VALUES ('442', null, '????', 'com.example.demo.modules.sys.controller.LoginController.login()', '{\"username\":\"admin\",\"password\":\"UUKHSDDI5KPA43A8VL06V0TU2\",\"page\":1,\"rows\":10}', '19277', '127.0.0.1', '2019-04-27 17:51:17');
INSERT INTO `sys_deal_log` VALUES ('443', null, '????', 'com.example.demo.modules.sys.controller.LoginController.login()', '{\"username\":\"admin\",\"password\":\"UUKHSDDI5KPA43A8VL06V0TU2\",\"page\":1,\"rows\":10}', '47108', '127.0.0.1', '2019-04-27 17:51:23');
INSERT INTO `sys_deal_log` VALUES ('444', null, '????', 'com.example.demo.modules.sys.controller.LoginController.login()', '{\"username\":\"aaa\",\"password\":\"aaaaaa\",\"page\":1,\"rows\":10}', '187', '127.0.0.1', '2019-04-27 17:52:28');
INSERT INTO `sys_deal_log` VALUES ('445', null, '????', 'com.example.demo.modules.sys.controller.LoginController.login()', '{\"username\":\"aaa\",\"password\":\"aaaaaa\",\"page\":1,\"rows\":10}', '141', '127.0.0.1', '2019-04-27 17:52:39');
INSERT INTO `sys_deal_log` VALUES ('446', null, '????', 'com.example.demo.modules.sys.controller.LoginController.login()', '{\"username\":\"aaa\",\"password\":\"aaaaaa\",\"page\":1,\"rows\":10}', '164', '127.0.0.1', '2019-04-27 17:52:45');
INSERT INTO `sys_deal_log` VALUES ('447', null, '????', 'com.example.demo.modules.sys.controller.LoginController.login()', '{\"username\":\"admin\",\"password\":\"aaaaaa\",\"page\":1,\"rows\":10}', '228', '127.0.0.1', '2019-04-27 17:53:23');
INSERT INTO `sys_deal_log` VALUES ('448', 'admin', '????', 'com.example.demo.modules.sys.controller.LoginController.login()', '{\"username\":\"admin\",\"password\":\"123456\",\"page\":1,\"rows\":10}', '577', '127.0.0.1', '2019-04-27 17:53:29');
INSERT INTO `sys_deal_log` VALUES ('449', '邓俊辉', '用户登录', 'com.example.demo.modules.sys.controller.LoginController.login()', '{\"username\":\"邓俊辉\",\"password\":\"123456\",\"page\":1,\"rows\":10}', '46', '218.16.63.99', '2019-04-27 19:18:46');
INSERT INTO `sys_deal_log` VALUES ('450', '邓俊辉', '用户登录', 'com.example.demo.modules.sys.controller.LoginController.login()', '{\"username\":\"邓俊辉\",\"password\":\"123456\",\"page\":1,\"rows\":10}', '46', '218.16.63.99', '2019-04-27 21:25:46');
INSERT INTO `sys_deal_log` VALUES ('451', 'sys_admin', '????', 'com.example.demo.modules.sys.controller.LoginController.login()', '{\"username\":\"sys_admin\",\"password\":\"123456\",\"page\":1,\"rows\":10}', '176', '127.0.0.1', '2019-04-28 11:34:55');
INSERT INTO `sys_deal_log` VALUES ('452', 'admin', '????', 'com.example.demo.modules.sys.controller.LoginController.login()', '{\"username\":\"admin\",\"password\":\"123456\",\"page\":1,\"rows\":10}', '1061', '127.0.0.1', '2019-04-28 12:14:31');
INSERT INTO `sys_deal_log` VALUES ('453', 'admin', '????', 'com.example.demo.modules.sys.controller.LoginController.login()', '{\"username\":\"admin\",\"password\":\"123456\",\"page\":1,\"rows\":10}', '1010', '127.0.0.1', '2019-04-28 12:14:31');
INSERT INTO `sys_deal_log` VALUES ('454', 'admin', '????', 'com.example.demo.modules.sys.controller.LoginController.login()', '{\"username\":\"admin\",\"password\":\"123456\",\"page\":1,\"rows\":10}', '4086', '127.0.0.1', '2019-04-28 12:14:31');
INSERT INTO `sys_deal_log` VALUES ('455', 'admin', '????', 'com.example.demo.modules.sys.controller.LoginController.login()', '{\"username\":\"admin\",\"password\":\"123456\",\"page\":1,\"rows\":10}', '1202', '127.0.0.1', '2019-04-28 12:14:31');
INSERT INTO `sys_deal_log` VALUES ('456', 'admin', '????', 'com.example.demo.modules.sys.controller.LoginController.login()', '{\"username\":\"admin\",\"password\":\"123456\",\"page\":1,\"rows\":10}', '811', '127.0.0.1', '2019-04-28 12:14:32');
INSERT INTO `sys_deal_log` VALUES ('457', 'admin', '????', 'com.example.demo.modules.sys.controller.LoginController.login()', '{\"username\":\"admin\",\"password\":\"123456\",\"page\":1,\"rows\":10}', '728', '127.0.0.1', '2019-04-28 12:14:32');
INSERT INTO `sys_deal_log` VALUES ('458', 'admin', '????', 'com.example.demo.modules.sys.controller.LoginController.login()', '{\"username\":\"admin\",\"password\":\"123456\",\"page\":1,\"rows\":10}', '6298', '127.0.0.1', '2019-04-28 13:30:17');
INSERT INTO `sys_deal_log` VALUES ('459', 'admin', '????', 'com.example.demo.modules.sys.controller.LoginController.login()', '{\"username\":\"admin\",\"password\":\"123456\",\"page\":1,\"rows\":10}', '6187', '127.0.0.1', '2019-04-28 13:30:17');
INSERT INTO `sys_deal_log` VALUES ('460', 'admin', '????', 'com.example.demo.modules.sys.controller.LoginController.login()', '{\"username\":\"admin\",\"password\":\"123456\",\"page\":1,\"rows\":10}', '6415', '127.0.0.1', '2019-04-28 13:30:18');
INSERT INTO `sys_deal_log` VALUES ('461', 'admin', '????', 'com.example.demo.modules.sys.controller.LoginController.login()', '{\"username\":\"admin\",\"password\":\"123456\",\"page\":1,\"rows\":10}', '6203', '127.0.0.1', '2019-04-28 13:30:18');
INSERT INTO `sys_deal_log` VALUES ('462', 'admin', '????', 'com.example.demo.modules.sys.controller.LoginController.login()', '{\"username\":\"admin\",\"password\":\"123456\",\"page\":1,\"rows\":10}', '3300', '127.0.0.1', '2019-04-28 13:30:21');
INSERT INTO `sys_deal_log` VALUES ('463', 'admin', '????', 'com.example.demo.modules.sys.controller.LoginController.login()', '{\"username\":\"admin\",\"password\":\"123456\",\"page\":1,\"rows\":10}', '21175', '127.0.0.1', '2019-04-28 13:30:28');
INSERT INTO `sys_deal_log` VALUES ('464', 'admin', '????', 'com.example.demo.modules.sys.controller.LoginController.login()', '{\"username\":\"admin\",\"password\":\"123456\",\"page\":1,\"rows\":10}', '21645', '127.0.0.1', '2019-04-28 13:30:31');
INSERT INTO `sys_deal_log` VALUES ('465', 'admin', '????', 'com.example.demo.modules.sys.controller.LoginController.login()', '{\"username\":\"admin\",\"password\":\"123456\",\"page\":1,\"rows\":10}', '21766', '127.0.0.1', '2019-04-28 13:30:32');
INSERT INTO `sys_deal_log` VALUES ('466', 'admin', '????', 'com.example.demo.modules.sys.controller.LoginController.login()', '{\"username\":\"admin\",\"password\":\"123456\",\"page\":1,\"rows\":10}', '22113', '127.0.0.1', '2019-04-28 13:30:32');
INSERT INTO `sys_deal_log` VALUES ('467', 'admin', '????', 'com.example.demo.modules.sys.controller.LoginController.login()', '{\"username\":\"admin\",\"password\":\"123456\",\"page\":1,\"rows\":10}', '22075', '127.0.0.1', '2019-04-28 13:30:33');
INSERT INTO `sys_deal_log` VALUES ('468', 'admin', '????', 'com.example.demo.modules.sys.controller.LoginController.login()', '{\"username\":\"admin\",\"password\":\"123456\",\"page\":1,\"rows\":10}', '2667', '127.0.0.1', '2019-04-28 13:45:20');
INSERT INTO `sys_deal_log` VALUES ('469', '邓俊辉', '用户登录', 'com.example.demo.modules.sys.controller.LoginController.login()', '{\"username\":\"邓俊辉\",\"password\":\"123456\",\"page\":1,\"rows\":10}', '64', '210.21.98.71', '2019-04-28 14:43:17');
INSERT INTO `sys_deal_log` VALUES ('470', 'admin', '????', 'com.example.demo.modules.sys.controller.LoginController.login()', '{\"username\":\"admin\",\"password\":\"123456\",\"page\":1,\"rows\":10}', '2772', '127.0.0.1', '2019-04-28 16:00:38');
INSERT INTO `sys_deal_log` VALUES ('471', 'admin', '????', 'com.example.demo.modules.sys.controller.LoginController.login()', '{\"username\":\"admin\",\"password\":\"123456\",\"page\":1,\"rows\":10}', '1634', '127.0.0.1', '2019-04-28 16:00:38');
INSERT INTO `sys_deal_log` VALUES ('472', 'admin', '????', 'com.example.demo.modules.sys.controller.LoginController.login()', '{\"username\":\"admin\",\"password\":\"123456\",\"page\":1,\"rows\":10}', '1302', '127.0.0.1', '2019-04-28 16:01:04');
INSERT INTO `sys_deal_log` VALUES ('473', null, '????', 'com.example.demo.modules.sys.controller.LoginController.logout()', null, '1', '127.0.0.1', '2019-04-28 16:01:34');
INSERT INTO `sys_deal_log` VALUES ('474', 'admin', '????', 'com.example.demo.modules.sys.controller.LoginController.login()', '{\"username\":\"admin\",\"password\":\"123456\",\"page\":1,\"rows\":10}', '1209', '127.0.0.1', '2019-04-28 16:01:46');
INSERT INTO `sys_deal_log` VALUES ('475', '邓俊辉', '用户登录', 'com.example.demo.modules.sys.controller.LoginController.login()', '{\"username\":\"邓俊辉\",\"password\":\"123456\",\"page\":1,\"rows\":10}', '88', '210.21.98.71', '2019-04-29 09:41:26');
INSERT INTO `sys_deal_log` VALUES ('476', 'admin', '????', 'com.example.demo.modules.sys.controller.LoginController.login()', '{\"username\":\"admin\",\"password\":\"123456\",\"page\":1,\"rows\":10}', '1426', '127.0.0.1', '2019-04-29 10:00:15');
INSERT INTO `sys_deal_log` VALUES ('477', 'admin', '????', 'com.example.demo.modules.sys.controller.LoginController.login()', '{\"username\":\"admin\",\"password\":\"123456\",\"page\":1,\"rows\":10}', '542', '127.0.0.1', '2019-04-29 10:00:15');
INSERT INTO `sys_deal_log` VALUES ('478', 'sys_admin', '用户登录', 'com.example.demo.modules.sys.controller.LoginController.login()', '{\"username\":\"sys_admin\",\"password\":\"123456\",\"page\":1,\"rows\":10}', '45', '113.251.49.228', '2019-04-29 10:50:24');
INSERT INTO `sys_deal_log` VALUES ('479', 'sys_admin', '用户登录', 'com.example.demo.modules.sys.controller.LoginController.login()', '{\"username\":\"sys_admin\",\"password\":\"123456\",\"page\":1,\"rows\":10}', '51', '110.87.127.49', '2019-04-29 11:01:24');
INSERT INTO `sys_deal_log` VALUES ('480', 'sys_admin', '修改密码', 'com.example.demo.modules.sys.controller.LoginController.modifyPWD()', '\"123456\"', '44', '110.87.127.49', '2019-04-29 11:04:00');
INSERT INTO `sys_deal_log` VALUES ('481', 'sys_admin', '新增或修改菜单', 'com.example.demo.modules.sys.controller.MenuController.saveOrUpdate()', '{\"id\":1001,\"icon\":\"fa fa-home\",\"menuName\":\"系统管理\",\"url\":\"\",\"sort\":1,\"isShow\":0,\"permission\":\"\",\"menuType\":\"menu\",\"page\":1,\"rows\":10}', '19', '110.87.127.49', '2019-04-29 11:33:06');
INSERT INTO `sys_deal_log` VALUES ('482', 'sys_admin', '删除部门', 'com.example.demo.modules.sys.controller.DeptController.delete()', '1002007', '20', '110.87.127.49', '2019-04-29 11:35:35');
INSERT INTO `sys_deal_log` VALUES ('483', 'sys_admin', '保存部门信息', 'com.example.demo.modules.sys.controller.DeptController.saveOrUpdate()', '{\"id\":1002010,\"deptName\":\"搬砖部\",\"parentId\":1001,\"icon\":\"glyphicon glyphicon-minus\"}', '28', '110.87.127.49', '2019-04-29 11:42:09');
INSERT INTO `sys_deal_log` VALUES ('484', 'sys_admin', '保存部门信息', 'com.example.demo.modules.sys.controller.DeptController.saveOrUpdate()', '{\"id\":1002010,\"deptName\":\"搬砖部\",\"parentId\":1001,\"sort\":1,\"icon\":\"glyphicon glyphicon-minus\"}', '20', '110.87.127.49', '2019-04-29 11:42:23');
INSERT INTO `sys_deal_log` VALUES ('485', 'sys_admin', '保存部门信息', 'com.example.demo.modules.sys.controller.DeptController.saveOrUpdate()', '{\"id\":1002011,\"deptName\":\"小公司\",\"parentId\":1,\"sort\":2,\"icon\":\"glyphicon glyphicon-asterisk\"}', '27', '110.87.127.49', '2019-04-29 11:43:52');
INSERT INTO `sys_deal_log` VALUES ('486', 'sys_admin', '删除部门', 'com.example.demo.modules.sys.controller.DeptController.delete()', '1002011', '19', '110.87.127.49', '2019-04-29 11:43:59');
INSERT INTO `sys_deal_log` VALUES ('487', 'sys_admin', '新增或修改菜单', 'com.example.demo.modules.sys.controller.MenuController.saveOrUpdate()', '{\"id\":1001004,\"icon\":\"fa fa-mortar-board\",\"menuName\":\"部门管理\",\"url\":\"/sys/dept/list\",\"parentId\":1001,\"sort\":4,\"isShow\":0,\"permission\":\"sys:dept:list\",\"menuType\":\"api\",\"page\":1,\"rows\":10}', '12', '110.87.127.49', '2019-04-29 11:47:04');
INSERT INTO `sys_deal_log` VALUES ('488', null, '用户登出', 'com.example.demo.modules.sys.controller.LoginController.logout()', null, '0', '110.87.127.49', '2019-04-29 11:47:44');
INSERT INTO `sys_deal_log` VALUES ('489', null, '用户登录', 'com.example.demo.modules.sys.controller.LoginController.login()', '{\"username\":\"sys_admin\",\"password\":\"123445\",\"page\":1,\"rows\":10}', '23', '110.87.127.49', '2019-04-29 11:48:23');
INSERT INTO `sys_deal_log` VALUES ('490', 'sys_admin', '用户登录', 'com.example.demo.modules.sys.controller.LoginController.login()', '{\"username\":\"sys_admin\",\"password\":\"123456\",\"page\":1,\"rows\":10}', '40', '110.87.127.49', '2019-04-29 11:48:26');
INSERT INTO `sys_deal_log` VALUES ('491', 'sys_admin', '保存用户信息', 'com.example.demo.modules.sys.controller.UserController.saveOrUpdate()', '{\"id\":1,\"username\":\"admin\",\"realName\":\"叶良辰\",\"status\":0,\"email\":\"285688338@qq.com\",\"phone\":\"15566668888\",\"sex\":1,\"constellation\":\"--请选择--\",\"city\":\"??\",\"address\":\"\",\"page\":1,\"rows\":10}', '18', '110.87.127.49', '2019-04-29 11:53:11');
INSERT INTO `sys_deal_log` VALUES ('492', 'sys_admin', '用户登录', 'com.example.demo.modules.sys.controller.LoginController.login()', '{\"username\":\"sys_admin\",\"password\":\"123456\",\"page\":1,\"rows\":10}', '43', '113.240.250.164', '2019-04-29 12:16:31');
INSERT INTO `sys_deal_log` VALUES ('493', 'sys_admin', '用户登录', 'com.example.demo.modules.sys.controller.LoginController.login()', '{\"username\":\"sys_admin\",\"password\":\"123456\",\"page\":1,\"rows\":10}', '44', '113.240.250.164', '2019-04-29 12:47:29');
INSERT INTO `sys_deal_log` VALUES ('494', 'admin', '????', 'com.example.demo.modules.sys.controller.LoginController.login()', '{\"username\":\"admin\",\"password\":\"123456\",\"page\":1,\"rows\":10}', '598', '127.0.0.1', '2019-04-29 13:13:51');
INSERT INTO `sys_deal_log` VALUES ('495', 'admin', '????', 'com.example.demo.modules.sys.controller.LoginController.login()', '{\"username\":\"admin\",\"password\":\"123456\",\"page\":1,\"rows\":10}', '2840', '127.0.0.1', '2019-04-29 13:29:00');
INSERT INTO `sys_deal_log` VALUES ('496', 'admin', '????', 'com.example.demo.modules.sys.controller.LoginController.login()', '{\"username\":\"admin\",\"password\":\"123456\",\"page\":1,\"rows\":10}', '2657', '127.0.0.1', '2019-04-29 13:29:03');
INSERT INTO `sys_deal_log` VALUES ('497', 'admin', '????', 'com.example.demo.modules.sys.controller.LoginController.login()', '{\"username\":\"admin\",\"password\":\"123456\",\"page\":1,\"rows\":10}', '2446', '127.0.0.1', '2019-04-29 13:29:54');
INSERT INTO `sys_deal_log` VALUES ('498', 'admin', '????', 'com.example.demo.modules.sys.controller.LoginController.login()', '{\"username\":\"admin\",\"password\":\"123456\",\"page\":1,\"rows\":10}', '2945', '127.0.0.1', '2019-04-29 13:29:58');
INSERT INTO `sys_deal_log` VALUES ('499', 'sys_admin', '用户登录', 'com.example.demo.modules.sys.controller.LoginController.login()', '{\"username\":\"sys_admin\",\"password\":\"123456\",\"page\":1,\"rows\":10}', '70', '113.251.55.250', '2019-04-30 09:45:09');
INSERT INTO `sys_deal_log` VALUES ('500', 'sys_admin', '用户登录', 'com.example.demo.modules.sys.controller.LoginController.login()', '{\"username\":\"sys_admin\",\"password\":\"123456\",\"page\":1,\"rows\":10}', '37', '113.251.55.250', '2019-04-30 10:03:47');
INSERT INTO `sys_deal_log` VALUES ('501', 'sys_admin', '用户登录', 'com.example.demo.modules.sys.controller.LoginController.login()', '{\"username\":\"sys_admin\",\"password\":\"123456\",\"page\":1,\"rows\":10}', '38', '218.17.107.226', '2019-04-30 16:22:37');
INSERT INTO `sys_deal_log` VALUES ('502', 'sys_admin', '启动或停止定时任务', 'com.example.demo.modules.sys.controller.ScheduleJobController.changeJobStatus()', '13', '140', '218.17.107.226', '2019-04-30 16:26:02');
INSERT INTO `sys_deal_log` VALUES ('503', 'sys_admin', '启动或停止定时任务', 'com.example.demo.modules.sys.controller.ScheduleJobController.changeJobStatus()', '13', '8', '218.17.107.226', '2019-04-30 16:26:05');
INSERT INTO `sys_deal_log` VALUES ('504', 'sys_admin', '用户登录', 'com.example.demo.modules.sys.controller.LoginController.login()', '{\"username\":\"dfads\",\"password\":\"dfasfa\",\"page\":1,\"rows\":10}', '14', '218.17.107.226', '2019-04-30 16:46:11');
INSERT INTO `sys_deal_log` VALUES ('505', 'sys_admin', '用户登录', 'com.example.demo.modules.sys.controller.LoginController.login()', '{\"username\":\"dfadssfasf\",\"password\":\"fdasfa\",\"page\":1,\"rows\":10}', '13', '218.17.107.226', '2019-04-30 16:46:14');
INSERT INTO `sys_deal_log` VALUES ('506', null, '用户登出', 'com.example.demo.modules.sys.controller.LoginController.logout()', null, '0', '113.251.55.250', '2019-04-30 17:02:16');
INSERT INTO `sys_deal_log` VALUES ('507', '邓俊辉', '用户登录', 'com.example.demo.modules.sys.controller.LoginController.login()', '{\"username\":\"邓俊辉\",\"password\":\"123456\",\"page\":1,\"rows\":10}', '42', '61.140.236.192', '2019-04-30 23:31:46');
INSERT INTO `sys_deal_log` VALUES ('508', 'admin', '用户登录', 'com.example.demo.modules.sys.controller.LoginController.login()', '{\"username\":\"admin\",\"password\":\"123456\",\"page\":1,\"rows\":10}', '1484', '127.0.0.1', '2019-05-01 11:23:40');
INSERT INTO `sys_deal_log` VALUES ('509', 'admin', '用户登录', 'com.example.demo.modules.sys.controller.LoginController.login()', '{\"username\":\"admin\",\"password\":\"123456\",\"page\":1,\"rows\":10}', '1786', '127.0.0.1', '2019-05-01 11:23:43');
INSERT INTO `sys_deal_log` VALUES ('510', 'sys_admin', '用户登录', 'com.example.demo.modules.sys.controller.LoginController.login()', '{\"username\":\"sys_admin\",\"password\":\"123456\",\"page\":1,\"rows\":10}', '59', '116.206.101.106', '2019-05-01 13:53:31');
INSERT INTO `sys_deal_log` VALUES ('511', 'sys_admin', '用户登录', 'com.example.demo.modules.sys.controller.LoginController.login()', '{\"username\":\"sys_admin\",\"password\":\"123456\",\"page\":1,\"rows\":10}', '32', '116.206.101.106', '2019-05-01 16:42:56');
INSERT INTO `sys_deal_log` VALUES ('512', 'admin', '用户登录', 'com.example.demo.modules.sys.controller.LoginController.login()', '{\"username\":\"admin\",\"password\":\"123456\",\"page\":1,\"rows\":10}', '237', '183.156.136.193', '2019-05-03 22:32:58');
INSERT INTO `sys_deal_log` VALUES ('513', '邓俊辉', '用户登录', 'com.example.demo.modules.sys.controller.LoginController.login()', '{\"username\":\"邓俊辉\",\"password\":\"123456\",\"page\":1,\"rows\":10}', '136', '210.21.98.71', '2019-05-05 09:11:01');
INSERT INTO `sys_deal_log` VALUES ('514', null, '????', 'com.example.demo.modules.sys.controller.LoginController.login()', '{\"username\":\"admin\",\"password\":\"admin\",\"page\":1,\"rows\":10}', '291', '127.0.0.1', '2019-05-05 17:16:29');
INSERT INTO `sys_deal_log` VALUES ('515', 'admin', '????', 'com.example.demo.modules.sys.controller.LoginController.login()', '{\"username\":\"admin\",\"password\":\"123456\",\"page\":1,\"rows\":10}', '524', '127.0.0.1', '2019-05-05 18:15:16');
INSERT INTO `sys_deal_log` VALUES ('516', 'admin', '??????', 'com.example.demo.modules.sys.controller.UserController.saveOrUpdate()', '{\"id\":213,\"username\":\"??\",\"password\":\"UUKHSDDI5KPA43A8VL06V0TU2\",\"realName\":\"??\",\"status\":0,\"createTime\":\"May 5, 2019 6:17:13 PM\",\"email\":\"fanads@123.com\",\"phone\":\"051551254587\",\"sex\":1,\"constellation\":\"--???--\",\"city\":\"\",\"address\":\"\",\"page\":1,\"rows\":10}', '267', '127.0.0.1', '2019-05-05 18:17:14');
INSERT INTO `sys_deal_log` VALUES ('517', 'admin', '??????', 'com.example.demo.modules.sys.controller.UserController.saveOrUpdate()', '{\"id\":213,\"username\":\"ceshi\",\"realName\":\"ceshi\",\"status\":0,\"email\":\"fanads@123.com\",\"phone\":\"051551254587\",\"sex\":1,\"constellation\":\"--???--\",\"city\":\"\",\"address\":\"\",\"page\":1,\"rows\":10}', '197', '127.0.0.1', '2019-05-05 18:17:35');
INSERT INTO `sys_deal_log` VALUES ('518', 'admin', '????', 'com.example.demo.modules.sys.controller.LoginController.login()', '{\"username\":\"admin\",\"password\":\"123456\",\"page\":1,\"rows\":10}', '607', '127.0.0.1', '2019-05-05 22:28:28');
INSERT INTO `sys_deal_log` VALUES ('519', 'admin', '????', 'com.example.demo.modules.sys.controller.LoginController.login()', '{\"username\":\"admin\",\"password\":\"123456\",\"page\":1,\"rows\":10}', '538', '127.0.0.1', '2019-05-05 23:26:18');
INSERT INTO `sys_deal_log` VALUES ('520', 'admin', '????', 'com.example.demo.modules.sys.controller.LoginController.login()', '{\"username\":\"admin\",\"password\":\"123456\",\"page\":1,\"rows\":10}', '529', '127.0.0.1', '2019-05-05 23:31:10');
INSERT INTO `sys_deal_log` VALUES ('521', 'admin', '?????????', 'com.example.demo.modules.sys.controller.ScheduleJobController.changeJobStatus()', '10', '104', '127.0.0.1', '2019-05-05 23:31:47');
INSERT INTO `sys_deal_log` VALUES ('522', '邓俊辉', '用户登录', 'com.example.demo.modules.sys.controller.LoginController.login()', '{\"username\":\"邓俊辉\",\"password\":\"123456\",\"page\":1,\"rows\":10}', '76', '210.21.98.71', '2019-05-06 09:41:06');
INSERT INTO `sys_deal_log` VALUES ('523', 'sys_admin', '用户登录', 'com.example.demo.modules.sys.controller.LoginController.login()', '{\"username\":\"sys_admin\",\"password\":\"123456\",\"page\":1,\"rows\":10}', '45', '14.153.184.143', '2019-05-06 10:52:28');
INSERT INTO `sys_deal_log` VALUES ('524', null, '用户登出', 'com.example.demo.modules.sys.controller.LoginController.logout()', null, '0', '210.21.98.71', '2019-05-06 12:38:08');
INSERT INTO `sys_deal_log` VALUES ('525', 'sys_admin', '用户登录', 'com.example.demo.modules.sys.controller.LoginController.login()', '{\"username\":\"sys_admin\",\"password\":\"123456\",\"page\":1,\"rows\":10}', '34', '210.21.98.71', '2019-05-06 12:38:19');
INSERT INTO `sys_deal_log` VALUES ('526', null, '用户登出', 'com.example.demo.modules.sys.controller.LoginController.logout()', null, '1', '210.21.98.71', '2019-05-06 12:38:53');
INSERT INTO `sys_deal_log` VALUES ('527', 'admin', '用户登录', 'com.example.demo.modules.sys.controller.LoginController.login()', '{\"username\":\"admin\",\"password\":\"123456\",\"page\":1,\"rows\":10}', '34', '210.21.98.71', '2019-05-06 12:38:57');
INSERT INTO `sys_deal_log` VALUES ('528', null, '用户登出', 'com.example.demo.modules.sys.controller.LoginController.logout()', null, '1', '210.21.98.71', '2019-05-06 12:39:44');
INSERT INTO `sys_deal_log` VALUES ('529', '邓俊辉', '用户登录', 'com.example.demo.modules.sys.controller.LoginController.login()', '{\"username\":\"邓俊辉\",\"password\":\"123456\",\"page\":1,\"rows\":10}', '48', '210.21.98.71', '2019-05-06 12:39:47');
INSERT INTO `sys_deal_log` VALUES ('530', 'sys_admin', '用户登录', 'com.example.demo.modules.sys.controller.LoginController.login()', '{\"username\":\"sys_admin\",\"password\":\"123456\",\"page\":1,\"rows\":10}', '36', '27.155.236.64', '2019-05-06 14:06:52');
INSERT INTO `sys_deal_log` VALUES ('531', 'sys_admin', '用户登录', 'com.example.demo.modules.sys.controller.LoginController.login()', '{\"username\":\"sys_admin\",\"password\":\"123456\",\"page\":1,\"rows\":10}', '37', '36.5.166.20', '2019-05-06 15:27:25');
INSERT INTO `sys_deal_log` VALUES ('532', 'admin', '用户登录', 'com.example.demo.modules.sys.controller.LoginController.login()', '{\"username\":\"admin\",\"password\":\"123456\",\"page\":1,\"rows\":10}', '37', '218.77.106.125', '2019-05-06 16:42:19');
INSERT INTO `sys_deal_log` VALUES ('533', 'sys_admin', '用户登录', 'com.example.demo.modules.sys.controller.LoginController.login()', '{\"username\":\"sys_admin\",\"password\":\"123456\",\"page\":1,\"rows\":10}', '42', '27.155.236.64', '2019-05-06 17:50:19');
INSERT INTO `sys_deal_log` VALUES ('534', '邓俊辉', '用户登录', 'com.example.demo.modules.sys.controller.LoginController.login()', '{\"username\":\"邓俊辉\",\"password\":\"123456\",\"page\":1,\"rows\":10}', '141', '210.21.98.71', '2019-05-07 09:41:29');
INSERT INTO `sys_deal_log` VALUES ('535', 'sys_admin', '用户登录', 'com.example.demo.modules.sys.controller.LoginController.login()', '{\"username\":\"sys_admin\",\"password\":\"123456\",\"page\":1,\"rows\":10}', '37', '220.202.133.72', '2019-05-07 11:17:32');
INSERT INTO `sys_deal_log` VALUES ('536', 'sys_admin', '????', 'com.example.demo.modules.sys.controller.LoginController.login()', '{\"username\":\"sys_admin\",\"password\":\"123456\",\"page\":1,\"rows\":10}', '746', '127.0.0.1', '2019-05-07 11:59:46');
INSERT INTO `sys_deal_log` VALUES ('537', 'sys_admin', '????', 'com.example.demo.modules.sys.controller.LoginController.login()', '{\"username\":\"sys_admin\",\"password\":\"123456\",\"page\":1,\"rows\":10}', '446', '127.0.0.1', '2019-05-07 12:06:38');
INSERT INTO `sys_deal_log` VALUES ('538', 'sys_admin', '????', 'com.example.demo.modules.sys.controller.LoginController.login()', '{\"username\":\"gfdsgdsg\",\"password\":\"fdsafdsa\",\"page\":1,\"rows\":10}', '180', '127.0.0.1', '2019-05-07 12:07:09');
INSERT INTO `sys_deal_log` VALUES ('539', 'sys_admin', '????', 'com.example.demo.modules.sys.controller.LoginController.login()', '{\"username\":\"gfdsgdsg\",\"password\":\"fdsafdsa\",\"page\":1,\"rows\":10}', '163', '127.0.0.1', '2019-05-07 12:07:10');
INSERT INTO `sys_deal_log` VALUES ('540', 'sys_admin', '????', 'com.example.demo.modules.sys.controller.LoginController.login()', '{\"username\":\"gfdsgdsg\",\"password\":\"fdsafdsa\",\"page\":1,\"rows\":10}', '157', '127.0.0.1', '2019-05-07 12:07:11');
INSERT INTO `sys_deal_log` VALUES ('541', 'sys_admin', '????', 'com.example.demo.modules.sys.controller.LoginController.login()', '{\"username\":\"gfdsgdsg\",\"password\":\"fdsafdsa\",\"page\":1,\"rows\":10}', '198', '127.0.0.1', '2019-05-07 12:07:11');
INSERT INTO `sys_deal_log` VALUES ('542', 'sys_admin', '????', 'com.example.demo.modules.sys.controller.LoginController.login()', '{\"username\":\"gfdsgdsg\",\"password\":\"fdsafdsa\",\"page\":1,\"rows\":10}', '177', '127.0.0.1', '2019-05-07 12:07:11');
INSERT INTO `sys_deal_log` VALUES ('543', 'sys_admin', '????', 'com.example.demo.modules.sys.controller.LoginController.login()', '{\"username\":\"gfdsgdsg\",\"password\":\"fdsafdsa\",\"page\":1,\"rows\":10}', '161', '127.0.0.1', '2019-05-07 12:07:11');
INSERT INTO `sys_deal_log` VALUES ('544', 'sys_admin', '????', 'com.example.demo.modules.sys.controller.LoginController.login()', '{\"username\":\"gfdsgdsg\",\"password\":\"fdsafdsa\",\"page\":1,\"rows\":10}', '168', '127.0.0.1', '2019-05-07 12:07:11');
INSERT INTO `sys_deal_log` VALUES ('545', 'sys_admin', '????', 'com.example.demo.modules.sys.controller.LoginController.login()', '{\"username\":\"gfdsgdsg\",\"password\":\"fdsafdsa\",\"page\":1,\"rows\":10}', '177', '127.0.0.1', '2019-05-07 12:07:21');
INSERT INTO `sys_deal_log` VALUES ('546', 'sys_admin', '????', 'com.example.demo.modules.sys.controller.LoginController.register()', '{\"username\":\"zs\",\"password\":\"123\",\"realName\":\"??\",\"email\":\"2251403354@qq.com\",\"phone\":\"18397751689\",\"constellation\":\"??????\",\"city\":\"??\",\"verify\":\"\",\"page\":1,\"rows\":10}', '191', '127.0.0.1', '2019-05-07 12:12:39');
INSERT INTO `sys_deal_log` VALUES ('547', 'sys_admin', '????', 'com.example.demo.modules.sys.controller.LoginController.login()', '{\"username\":\"sys_admin\",\"password\":\"00000\",\"page\":1,\"rows\":10}', '237', '127.0.0.1', '2019-05-07 12:14:03');
INSERT INTO `sys_deal_log` VALUES ('548', 'sys_admin', '????', 'com.example.demo.modules.sys.controller.LoginController.login()', '{\"username\":\"sys_admin\",\"password\":\"123456\",\"page\":1,\"rows\":10}', '530', '127.0.0.1', '2019-05-07 12:14:09');
INSERT INTO `sys_deal_log` VALUES ('549', null, '????', 'com.example.demo.modules.sys.controller.LoginController.login()', '{\"username\":\"hjbhj\",\"password\":\"123456\",\"page\":1,\"rows\":10}', '5486', '127.0.0.1', '2019-05-07 12:17:36');
INSERT INTO `sys_deal_log` VALUES ('550', 'admin', '????', 'com.example.demo.modules.sys.controller.LoginController.login()', '{\"username\":\"admin\",\"password\":\"123456\",\"page\":1,\"rows\":10}', '478', '127.0.0.1', '2019-05-07 13:13:21');
INSERT INTO `sys_deal_log` VALUES ('551', null, '????', 'com.example.demo.modules.sys.controller.LoginController.logout()', null, '2', '127.0.0.1', '2019-05-07 13:14:05');
INSERT INTO `sys_deal_log` VALUES ('552', null, '????', 'com.example.demo.modules.sys.controller.LoginController.logout()', null, '1', '127.0.0.1', '2019-05-07 13:14:10');
INSERT INTO `sys_deal_log` VALUES ('553', null, '????', 'com.example.demo.modules.sys.controller.LoginController.logout()', null, '0', '127.0.0.1', '2019-05-07 13:14:12');
INSERT INTO `sys_deal_log` VALUES ('554', 'sys_admin', '????', 'com.example.demo.modules.sys.controller.LoginController.login()', '{\"username\":\"sys_admin\",\"password\":\"123456\",\"page\":1,\"rows\":10}', '413', '127.0.0.1', '2019-05-07 13:14:32');
INSERT INTO `sys_deal_log` VALUES ('555', 'sys_admin', '?????????', 'com.example.demo.modules.sys.controller.ScheduleJobController.changeJobStatus()', '11', '104', '127.0.0.1', '2019-05-07 13:15:46');
INSERT INTO `sys_deal_log` VALUES ('556', 'admin', '用户登录', 'com.example.demo.modules.sys.controller.LoginController.login()', '{\"username\":\"admin\",\"password\":\"123456\",\"page\":1,\"rows\":10}', '45', '36.5.135.32', '2019-05-07 16:36:48');
INSERT INTO `sys_deal_log` VALUES ('557', 'sys_admin', '????', 'com.example.demo.modules.sys.controller.LoginController.login()', '{\"username\":\"sys_admin\",\"password\":\"123456\",\"page\":1,\"rows\":10}', '654', '127.0.0.1', '2019-05-07 19:36:17');
INSERT INTO `sys_deal_log` VALUES ('558', 'sys_admin', '用户登录', 'com.example.demo.modules.sys.controller.LoginController.login()', '{\"username\":\"sys_admin\",\"password\":\"123456\",\"page\":1,\"rows\":10}', '43', '36.110.89.187', '2019-05-07 19:56:41');
INSERT INTO `sys_deal_log` VALUES ('559', 'sys_admin', '用户登录', 'com.example.demo.modules.sys.controller.LoginController.login()', '{\"username\":\"sys_admin\",\"password\":\"123456\",\"page\":1,\"rows\":10}', '36', '125.77.93.229', '2019-05-08 00:19:00');
INSERT INTO `sys_deal_log` VALUES ('560', null, '用户登出', 'com.example.demo.modules.sys.controller.LoginController.logout()', null, '0', '125.77.93.229', '2019-05-08 00:20:26');
INSERT INTO `sys_deal_log` VALUES ('561', null, '用户登出', 'com.example.demo.modules.sys.controller.LoginController.logout()', null, '0', '125.77.93.229', '2019-05-08 00:20:30');
INSERT INTO `sys_deal_log` VALUES ('562', null, '用户登出', 'com.example.demo.modules.sys.controller.LoginController.logout()', null, '0', '125.77.93.229', '2019-05-08 00:20:32');
INSERT INTO `sys_deal_log` VALUES ('563', 'sys_admin', '用户登录', 'com.example.demo.modules.sys.controller.LoginController.login()', '{\"username\":\"sys_admin\",\"password\":\"123456\",\"page\":1,\"rows\":10}', '36', '125.77.93.229', '2019-05-08 00:20:41');
INSERT INTO `sys_deal_log` VALUES ('564', null, '用户登出', 'com.example.demo.modules.sys.controller.LoginController.logout()', null, '0', '61.151.178.197', '2019-05-08 00:21:25');
INSERT INTO `sys_deal_log` VALUES ('565', '邓俊辉', '用户登录', 'com.example.demo.modules.sys.controller.LoginController.login()', '{\"username\":\"邓俊辉\",\"password\":\"123456\",\"page\":1,\"rows\":10}', '77', '210.21.98.71', '2019-05-08 09:00:56');
INSERT INTO `sys_deal_log` VALUES ('566', '邓俊辉', '用户登录', 'com.example.demo.modules.sys.controller.LoginController.login()', '{\"username\":\"邓俊辉\",\"password\":\"123456\",\"page\":1,\"rows\":10}', '248', '210.21.98.71', '2019-05-08 16:36:52');
INSERT INTO `sys_deal_log` VALUES ('567', 'admin', '????', 'com.example.demo.modules.sys.controller.LoginController.login()', '{\"username\":\"admin\",\"password\":\"123456\",\"page\":1,\"rows\":10}', '1347', '127.0.0.1', '2019-05-08 21:09:12');
INSERT INTO `sys_deal_log` VALUES ('568', 'admin', '??????', 'com.example.demo.modules.sys.controller.UserController.saveOrUpdate()', '{\"id\":206,\"username\":\"???\",\"realName\":\"???1\",\"status\":0,\"email\":\"11341561111@qq.com\",\"phone\":\"18512345678\",\"sex\":0,\"constellation\":\"???\",\"city\":\"??\",\"address\":\"\",\"page\":1,\"rows\":10}', '388', '127.0.0.1', '2019-05-08 21:09:47');
INSERT INTO `sys_deal_log` VALUES ('569', 'admin', '??????', 'com.example.demo.modules.sys.controller.UserController.saveOrUpdate()', '{\"id\":206,\"username\":\"wanghaohao\",\"realName\":\"wanghaohao\",\"status\":0,\"email\":\"11341561111@qq.com\",\"phone\":\"18512345678\",\"sex\":0,\"constellation\":\"???\",\"city\":\"shandong\",\"address\":\"1111\",\"page\":1,\"rows\":10}', '386', '127.0.0.1', '2019-05-08 21:10:16');
INSERT INTO `sys_deal_log` VALUES ('570', 'sys_admin', '用户登录', 'com.example.demo.modules.sys.controller.LoginController.login()', '{\"username\":\"sys_admin\",\"password\":\"123456\",\"page\":1,\"rows\":10}', '42', '14.109.109.56', '2019-05-08 22:32:02');
INSERT INTO `sys_deal_log` VALUES ('571', 'sys_admin', '用户登录', 'com.example.demo.modules.sys.controller.LoginController.login()', '{\"username\":\"sys_admin\",\"password\":\"123456\",\"page\":1,\"rows\":10}', '97', '1.192.121.130', '2019-05-09 09:26:59');
INSERT INTO `sys_deal_log` VALUES ('572', '邓俊辉', '用户登录', 'com.example.demo.modules.sys.controller.LoginController.login()', '{\"username\":\"邓俊辉\",\"password\":\"123456\",\"page\":1,\"rows\":10}', '48', '210.21.98.71', '2019-05-09 09:28:15');
INSERT INTO `sys_deal_log` VALUES ('573', 'admin', '????', 'com.example.demo.modules.sys.controller.LoginController.login()', '{\"username\":\"admin\",\"password\":\"123456\",\"page\":1,\"rows\":10}', '627', '127.0.0.1', '2019-05-09 14:01:58');
INSERT INTO `sys_deal_log` VALUES ('574', 'admin', '????', 'com.example.demo.modules.sys.controller.LoginController.login()', '{\"username\":\"admin\",\"password\":\"123456\",\"page\":1,\"rows\":10}', '585', '127.0.0.1', '2019-05-09 15:21:19');
INSERT INTO `sys_deal_log` VALUES ('575', 'sys_admin', '用户登录', 'com.example.demo.modules.sys.controller.LoginController.login()', '{\"username\":\"sys_admin\",\"password\":\"123456\",\"page\":1,\"rows\":10}', '46', '223.75.70.2', '2019-05-09 15:56:59');
INSERT INTO `sys_deal_log` VALUES ('576', 'sys_admin', '删除部门', 'com.example.demo.modules.sys.controller.DeptController.delete()', '1002009', '20', '223.75.70.2', '2019-05-09 15:58:43');
INSERT INTO `sys_deal_log` VALUES ('577', null, '用户登出', 'com.example.demo.modules.sys.controller.LoginController.logout()', null, '0', '223.75.70.2', '2019-05-09 16:01:47');
INSERT INTO `sys_deal_log` VALUES ('578', 'sys_admin', '用户登录', 'com.example.demo.modules.sys.controller.LoginController.login()', '{\"username\":\"sys_admin\",\"password\":\"123456\",\"page\":1,\"rows\":10}', '43', '223.75.70.2', '2019-05-09 16:03:42');
INSERT INTO `sys_deal_log` VALUES ('579', '邓俊辉', '用户登录', 'com.example.demo.modules.sys.controller.LoginController.login()', '{\"username\":\"邓俊辉\",\"password\":\"123456\",\"page\":1,\"rows\":10}', '42', '210.21.98.71', '2019-05-09 16:17:37');
INSERT INTO `sys_deal_log` VALUES ('580', 'sys_admin', '用户登录', 'com.example.demo.modules.sys.controller.LoginController.login()', '{\"username\":\"sys_admin\",\"password\":\"123456\",\"page\":1,\"rows\":10}', '43', '119.123.69.98', '2019-05-09 17:01:43');
INSERT INTO `sys_deal_log` VALUES ('581', '邓俊辉', '用户登录', 'com.example.demo.modules.sys.controller.LoginController.login()', '{\"username\":\"邓俊辉\",\"password\":\"123456\",\"page\":1,\"rows\":10}', '42', '210.21.98.71', '2019-05-09 17:36:28');
INSERT INTO `sys_deal_log` VALUES ('582', '邓俊辉', '用户登录', 'com.example.demo.modules.sys.controller.LoginController.login()', '{\"username\":\"邓俊辉\",\"password\":\"123456\",\"page\":1,\"rows\":10}', '42', '210.21.98.71', '2019-05-09 18:33:14');
INSERT INTO `sys_deal_log` VALUES ('583', 'admin', '????', 'com.example.demo.modules.sys.controller.LoginController.login()', '{\"username\":\"admin\",\"password\":\"123456\",\"page\":1,\"rows\":10}', '659', '127.0.0.1', '2019-05-09 22:09:49');
INSERT INTO `sys_deal_log` VALUES ('584', '邓俊辉', '用户登录', 'com.example.demo.modules.sys.controller.LoginController.login()', '{\"username\":\"邓俊辉\",\"password\":\"123456\",\"page\":1,\"rows\":10}', '72', '61.140.238.9', '2019-05-10 09:14:58');
INSERT INTO `sys_deal_log` VALUES ('585', '邓俊辉', '用户登录', 'com.example.demo.modules.sys.controller.LoginController.login()', '{\"username\":\"邓俊辉\",\"password\":\"123456\",\"page\":1,\"rows\":10}', '36', '61.140.238.9', '2019-05-10 11:32:24');
INSERT INTO `sys_deal_log` VALUES ('586', 'admin', '????', 'com.example.demo.modules.sys.controller.LoginController.login()', '{\"username\":\"admin\",\"password\":\"123456\",\"page\":1,\"rows\":10}', '599', '127.0.0.1', '2019-05-10 14:31:45');
INSERT INTO `sys_deal_log` VALUES ('587', 'admin', '????', 'com.example.demo.modules.sys.controller.LoginController.login()', '{\"username\":\"admin\",\"password\":\"123456\",\"page\":1,\"rows\":10}', '524', '127.0.0.1', '2019-05-10 14:31:46');
INSERT INTO `sys_deal_log` VALUES ('588', '邓俊辉', '用户登录', 'com.example.demo.modules.sys.controller.LoginController.login()', '{\"username\":\"邓俊辉\",\"password\":\"123456\",\"page\":1,\"rows\":10}', '37', '61.140.238.9', '2019-05-10 17:25:48');
INSERT INTO `sys_deal_log` VALUES ('589', 'admin', '????', 'com.example.demo.modules.sys.controller.LoginController.login()', '{\"username\":\"admin\",\"password\":\"123456\",\"page\":1,\"rows\":10}', '581', '127.0.0.1', '2019-05-10 18:12:16');
INSERT INTO `sys_deal_log` VALUES ('590', 'sys_admin', '用户登录', 'com.example.demo.modules.sys.controller.LoginController.login()', '{\"username\":\"sys_admin\",\"password\":\"123456\",\"page\":1,\"rows\":10}', '38', '171.43.251.153', '2019-05-10 20:51:11');
INSERT INTO `sys_deal_log` VALUES ('591', 'sys_admin', '用户登录', 'com.example.demo.modules.sys.controller.LoginController.login()', '{\"username\":\"sys_admin\",\"password\":\"123456\",\"page\":1,\"rows\":10}', '40', '183.206.6.221', '2019-05-10 22:05:50');
INSERT INTO `sys_deal_log` VALUES ('592', '邓俊辉', '用户登录', 'com.example.demo.modules.sys.controller.LoginController.login()', '{\"username\":\"邓俊辉\",\"password\":\"123456\",\"page\":1,\"rows\":10}', '40', '61.140.238.9', '2019-05-10 22:39:00');
INSERT INTO `sys_deal_log` VALUES ('593', 'admin', '????', 'com.example.demo.modules.sys.controller.LoginController.login()', '{\"username\":\"admin\",\"password\":\"123456\",\"page\":1,\"rows\":10}', '943', '127.0.0.1', '2019-05-11 09:18:02');
INSERT INTO `sys_deal_log` VALUES ('594', 'admin', '????', 'com.example.demo.modules.sys.controller.LoginController.login()', '{\"username\":\"admin\",\"password\":\"123456\",\"page\":1,\"rows\":10}', '816', '127.0.0.1', '2019-05-11 09:18:03');
INSERT INTO `sys_deal_log` VALUES ('595', 'admin', '??????', 'com.example.demo.modules.sys.controller.UserController.saveOrUpdate()', '{\"id\":214,\"username\":\"1\",\"password\":\"UUKHSDDI5KPA43A8VL06V0TU2\",\"realName\":\"11\",\"status\":0,\"createTime\":\"May 11, 2019 9:19:54 AM\",\"email\":\"111111@qq.com\",\"phone\":\"1111\",\"sex\":1,\"constellation\":\"???\",\"city\":\"11111\",\"address\":\"1111\",\"page\":1,\"rows\":10}', '405', '127.0.0.1', '2019-05-11 09:19:55');
INSERT INTO `sys_deal_log` VALUES ('596', 'admin', '??????', 'com.example.demo.modules.sys.controller.UserController.saveOrUpdate()', '{\"id\":214,\"username\":\"aa1\",\"realName\":\"11\",\"status\":0,\"email\":\"111111@qq.com\",\"phone\":\"1111\",\"sex\":1,\"constellation\":\"--???--\",\"city\":\"11111\",\"address\":\"1111\",\"page\":1,\"rows\":10}', '363', '127.0.0.1', '2019-05-11 09:20:54');
INSERT INTO `sys_deal_log` VALUES ('597', 'aa1', '????', 'com.example.demo.modules.sys.controller.LoginController.login()', '{\"username\":\"aa1\",\"password\":\"123456\",\"page\":1,\"rows\":10}', '652', '127.0.0.1', '2019-05-11 09:21:28');
INSERT INTO `sys_deal_log` VALUES ('598', 'admin', '????', 'com.example.demo.modules.sys.controller.LoginController.login()', '{\"username\":\"admin\",\"password\":\"123456\",\"page\":1,\"rows\":10}', '570', '127.0.0.1', '2019-05-12 13:24:36');
INSERT INTO `sys_deal_log` VALUES ('599', '邓俊辉', '用户登录', 'com.example.demo.modules.sys.controller.LoginController.login()', '{\"username\":\"邓俊辉\",\"password\":\"123456\",\"page\":1,\"rows\":10}', '157', '61.140.237.53', '2019-05-12 23:07:33');
INSERT INTO `sys_deal_log` VALUES ('600', '邓俊辉', '用户登录', 'com.example.demo.modules.sys.controller.LoginController.login()', '{\"username\":\"邓俊辉\",\"password\":\"123456\",\"page\":1,\"rows\":10}', '95', '210.21.98.71', '2019-05-13 09:12:32');
INSERT INTO `sys_deal_log` VALUES ('601', 'admin', '????', 'com.example.demo.modules.sys.controller.LoginController.login()', '{\"username\":\"admin\",\"password\":\"123456\",\"page\":1,\"rows\":10}', '747', '127.0.0.1', '2019-05-13 09:16:08');
INSERT INTO `sys_deal_log` VALUES ('602', null, '????', 'com.example.demo.modules.sys.controller.LoginController.logout()', null, '1', '127.0.0.1', '2019-05-13 09:37:14');
INSERT INTO `sys_deal_log` VALUES ('603', 'admin', '????', 'com.example.demo.modules.sys.controller.LoginController.login()', '{\"username\":\"admin\",\"password\":\"123456\",\"page\":1,\"rows\":10}', '635', '127.0.0.1', '2019-05-13 09:37:29');
INSERT INTO `sys_deal_log` VALUES ('604', 'admin', '????', 'com.example.demo.modules.sys.controller.UserController.delete()', '211', '275', '127.0.0.1', '2019-05-13 09:47:55');
INSERT INTO `sys_deal_log` VALUES ('605', 'admin', '????', 'com.example.demo.modules.sys.controller.UserController.delete()', '209', '394', '127.0.0.1', '2019-05-13 09:48:15');
INSERT INTO `sys_deal_log` VALUES ('606', 'admin', '????', 'com.example.demo.modules.sys.controller.UserController.delete()', '208', '266', '127.0.0.1', '2019-05-13 09:48:23');
INSERT INTO `sys_deal_log` VALUES ('607', 'admin', '????', 'com.example.demo.modules.sys.controller.RoleController.delete()', '5', '268', '127.0.0.1', '2019-05-13 09:50:49');
INSERT INTO `sys_deal_log` VALUES ('608', 'admin', '????', 'com.example.demo.modules.sys.controller.RoleController.delete()', '7', '267', '127.0.0.1', '2019-05-13 09:50:52');
INSERT INTO `sys_deal_log` VALUES ('609', 'admin', '????', 'com.example.demo.modules.sys.controller.RoleController.delete()', '9', '266', '127.0.0.1', '2019-05-13 09:50:55');
INSERT INTO `sys_deal_log` VALUES ('610', 'admin', '????', 'com.example.demo.modules.sys.controller.MenuController.delete()', '1002003', '226', '127.0.0.1', '2019-05-13 09:52:39');
INSERT INTO `sys_deal_log` VALUES ('611', 'admin', '????', 'com.example.demo.modules.sys.controller.MenuController.delete()', '1002005', '266', '127.0.0.1', '2019-05-13 09:52:43');
INSERT INTO `sys_deal_log` VALUES ('612', 'admin', '????', 'com.example.demo.modules.sys.controller.MenuController.delete()', '1002009', '225', '127.0.0.1', '2019-05-13 09:52:48');
INSERT INTO `sys_deal_log` VALUES ('613', 'admin', '????', 'com.example.demo.modules.sys.controller.MenuController.delete()', '1002', '222', '127.0.0.1', '2019-05-13 09:53:22');
INSERT INTO `sys_deal_log` VALUES ('614', 'admin', '????', 'com.example.demo.modules.sys.controller.LoginController.login()', '{\"username\":\"admin\",\"password\":\"123456\",\"page\":1,\"rows\":10}', '666', '127.0.0.1', '2019-05-13 09:57:46');
INSERT INTO `sys_deal_log` VALUES ('615', 'admin', '????', 'com.example.demo.modules.sys.controller.UserController.delete()', '206', '318', '127.0.0.1', '2019-05-13 10:00:06');
INSERT INTO `sys_deal_log` VALUES ('616', 'admin', '????', 'com.example.demo.modules.sys.controller.UserController.delete()', '212', '250', '127.0.0.1', '2019-05-13 10:03:05');
INSERT INTO `sys_deal_log` VALUES ('617', 'admin', '????', 'com.example.demo.modules.sys.controller.UserController.delete()', '213', '253', '127.0.0.1', '2019-05-13 10:03:09');
INSERT INTO `sys_deal_log` VALUES ('618', 'admin', '????', 'com.example.demo.modules.sys.controller.UserController.delete()', '214', '250', '127.0.0.1', '2019-05-13 10:03:12');
INSERT INTO `sys_deal_log` VALUES ('619', 'admin', '????', 'com.example.demo.modules.sys.controller.UserController.delete()', '210', '255', '127.0.0.1', '2019-05-13 10:03:14');
INSERT INTO `sys_deal_log` VALUES ('620', 'sys_admin', '????', 'com.example.demo.modules.sys.controller.LoginController.login()', '{\"username\":\"sys_admin\",\"password\":\"123456\",\"page\":1,\"rows\":10}', '907', '127.0.0.1', '2019-05-13 15:07:04');
INSERT INTO `sys_deal_log` VALUES ('621', 'sys_admin', '???????', 'com.example.demo.modules.sys.controller.MenuController.saveOrUpdate()', '{\"id\":1001001,\"icon\":\"glyphicon glyphicon-user\",\"menuName\":\"????\",\"url\":\"/sys/user/list\",\"parentId\":1001,\"sort\":1,\"isShow\":0,\"permission\":\"sys:user:list:add\",\"menuType\":\"api\",\"page\":1,\"rows\":10}', '286', '127.0.0.1', '2019-05-13 15:12:10');
INSERT INTO `sys_deal_log` VALUES ('622', 'sys_admin', '???????', 'com.example.demo.modules.sys.controller.MenuController.saveOrUpdate()', '{\"id\":1001001,\"icon\":\"glyphicon glyphicon-user\",\"menuName\":\"????\",\"url\":\"/sys/user/list\",\"parentId\":1001,\"sort\":1,\"isShow\":0,\"permission\":\"sys:user:list:add\",\"menuType\":\"api\",\"page\":1,\"rows\":10}', '270', '127.0.0.1', '2019-05-13 15:12:37');
INSERT INTO `sys_deal_log` VALUES ('623', 'sys_admin', '???????', 'com.example.demo.modules.sys.controller.MenuController.saveOrUpdate()', '{\"id\":1001001,\"icon\":\"glyphicon glyphicon-user\",\"menuName\":\"????\",\"url\":\"/sys/user/list\",\"parentId\":1001,\"sort\":1,\"isShow\":0,\"permission\":\"sys:user:list\",\"menuType\":\"api\",\"page\":1,\"rows\":10}', '269', '127.0.0.1', '2019-05-13 15:12:56');
INSERT INTO `sys_deal_log` VALUES ('624', 'sys_admin', '用户登录', 'com.example.demo.modules.sys.controller.LoginController.login()', '{\"username\":\"sys_admin\",\"password\":\"123456\",\"page\":1,\"rows\":10}', '25', '218.17.107.226', '2019-05-14 08:38:33');
INSERT INTO `sys_deal_log` VALUES ('625', null, '用户登录', 'com.example.demo.modules.sys.controller.LoginController.login()', '{\"username\":\"邓俊辉\",\"password\":\"123456\",\"page\":1,\"rows\":10}', '10', '210.21.98.71', '2019-05-14 09:02:43');
INSERT INTO `sys_deal_log` VALUES ('626', null, '用户登录', 'com.example.demo.modules.sys.controller.LoginController.login()', '{\"username\":\"邓俊辉\",\"password\":\"123456\",\"page\":1,\"rows\":10}', '8', '210.21.98.71', '2019-05-14 09:02:49');
INSERT INTO `sys_deal_log` VALUES ('627', 'sys_admin', '用户登录', 'com.example.demo.modules.sys.controller.LoginController.login()', '{\"username\":\"sys_admin\",\"password\":\"123456\",\"page\":1,\"rows\":10}', '33', '210.21.98.71', '2019-05-14 09:02:53');
INSERT INTO `sys_deal_log` VALUES ('628', 'sys_admin', '新增或修改菜单', 'com.example.demo.modules.sys.controller.MenuController.saveOrUpdate()', '{\"id\":1001001,\"icon\":\"glyphicon glyphicon-user\",\"menuName\":\"用户管理\",\"url\":\"/sys/user/list\",\"parentId\":1001,\"sort\":1,\"isShow\":0,\"permission\":\"sys:user:list\",\"menuType\":\"api\",\"page\":1,\"rows\":10}', '13', '210.21.98.71', '2019-05-14 09:04:17');
INSERT INTO `sys_deal_log` VALUES ('629', 'sys_admin', '保存用户信息', 'com.example.demo.modules.sys.controller.UserController.saveOrUpdate()', '{\"id\":215,\"username\":\"邓俊辉\",\"password\":\"UUKHSDDI5KPA43A8VL06V0TU2\",\"realName\":\"邓俊辉\",\"status\":0,\"createTime\":\"May 14, 2019 9:05:08 AM\",\"email\":\"21314@qq.com\",\"phone\":\"1111111111\",\"sex\":0,\"constellation\":\"白羊座\",\"city\":\"河北\",\"address\":\"北京\",\"page\":1,\"rows\":10}', '18', '210.21.98.71', '2019-05-14 09:05:09');
INSERT INTO `sys_deal_log` VALUES ('630', 'sys_admin', '保存角色', 'com.example.demo.modules.sys.controller.RoleController.saveOrUpdate()', '{\"id\":10,\"roleName\":\"请不要删\",\"remark\":\"\",\"status\":0,\"createTime\":\"May 14, 2019 9:05:42 AM\",\"roleType\":1,\"page\":1,\"rows\":10}', '19', '210.21.98.71', '2019-05-14 09:05:42');
INSERT INTO `sys_deal_log` VALUES ('631', null, '用户登出', 'com.example.demo.modules.sys.controller.LoginController.logout()', null, '0', '210.21.98.71', '2019-05-14 09:06:12');
INSERT INTO `sys_deal_log` VALUES ('632', 'admin', '用户登录', 'com.example.demo.modules.sys.controller.LoginController.login()', '{\"username\":\"admin\",\"password\":\"123456\",\"page\":1,\"rows\":10}', '23', '210.21.98.71', '2019-05-14 09:06:16');
INSERT INTO `sys_deal_log` VALUES ('633', 'sys_admin', '????', 'com.example.demo.modules.sys.controller.LoginController.login()', '{\"username\":\"sys_admin\",\"password\":\"123456\",\"page\":1,\"rows\":10}', '765', '127.0.0.1', '2019-05-14 09:20:34');
INSERT INTO `sys_deal_log` VALUES ('634', 'sys_admin', '???????', 'com.example.demo.modules.sys.controller.MenuController.saveOrUpdate()', '{\"id\":1002022,\"icon\":\"\",\"menuName\":\"????\",\"url\":\"\",\"parentId\":1001001,\"isShow\":0,\"permission\":\"\",\"menuType\":\"button\",\"page\":1,\"rows\":10}', '372', '127.0.0.1', '2019-05-14 09:22:25');
INSERT INTO `sys_deal_log` VALUES ('635', 'sys_admin', '用户登录', 'com.example.demo.modules.sys.controller.LoginController.login()', '{\"username\":\"sys_admin\",\"password\":\"123456\",\"page\":1,\"rows\":10}', '25', '117.14.158.163', '2019-05-14 09:44:32');
INSERT INTO `sys_deal_log` VALUES ('636', 'sys_admin', '用户登录', 'com.example.demo.modules.sys.controller.LoginController.login()', '{\"username\":\"sys_admin\",\"password\":\"123456\",\"page\":1,\"rows\":10}', '24', '122.97.179.164', '2019-05-14 14:50:18');
INSERT INTO `sys_deal_log` VALUES ('637', 'sys_admin', '用户登录', 'com.example.demo.modules.sys.controller.LoginController.login()', '{\"username\":\"sys_admin\",\"password\":\"123456\",\"page\":1,\"rows\":10}', '26', '111.192.238.172', '2019-05-14 20:27:32');
INSERT INTO `sys_deal_log` VALUES ('638', 'sys_admin', '用户登录', 'com.example.demo.modules.sys.controller.LoginController.login()', '{\"username\":\"sys_admin\",\"password\":\"123456\",\"page\":1,\"rows\":10}', '78', '218.17.107.226', '2019-05-15 09:58:19');
INSERT INTO `sys_deal_log` VALUES ('639', null, '????', 'com.example.demo.modules.sys.controller.LoginController.login()', '{\"username\":\"sys_admin\",\"password\":\"111111\",\"page\":1,\"rows\":10}', '296', '127.0.0.1', '2019-05-15 15:41:58');
INSERT INTO `sys_deal_log` VALUES ('640', 'sys_admin', '????', 'com.example.demo.modules.sys.controller.LoginController.login()', '{\"username\":\"sys_admin\",\"password\":\"123456\",\"page\":1,\"rows\":10}', '489', '127.0.0.1', '2019-05-15 15:42:04');
INSERT INTO `sys_deal_log` VALUES ('641', null, '????', 'com.example.demo.modules.sys.controller.LoginController.login()', '{\"username\":\"admin\",\"password\":\"111111\",\"page\":1,\"rows\":10}', '133', '127.0.0.1', '2019-05-15 22:30:51');
INSERT INTO `sys_deal_log` VALUES ('642', 'admin', '????', 'com.example.demo.modules.sys.controller.LoginController.login()', '{\"username\":\"admin\",\"password\":\"123456\",\"page\":1,\"rows\":10}', '213', '127.0.0.1', '2019-05-15 22:31:11');
INSERT INTO `sys_deal_log` VALUES ('643', 'admin', '????', 'com.example.demo.modules.sys.controller.MenuController.delete()', '1002018', '87', '127.0.0.1', '2019-05-15 22:31:38');
INSERT INTO `sys_deal_log` VALUES ('644', 'admin', '????', 'com.example.demo.modules.sys.controller.MenuController.delete()', '1002018', '66', '127.0.0.1', '2019-05-15 22:34:37');
INSERT INTO `sys_deal_log` VALUES ('645', 'admin', '????', 'com.example.demo.modules.sys.controller.MenuController.delete()', '1002018', '67', '127.0.0.1', '2019-05-15 22:34:46');
INSERT INTO `sys_deal_log` VALUES ('646', 'admin', '????', 'com.example.demo.modules.sys.controller.MenuController.delete()', '1002018', '69', '127.0.0.1', '2019-05-15 22:34:51');
INSERT INTO `sys_deal_log` VALUES ('647', 'admin', '????', 'com.example.demo.modules.sys.controller.LoginController.login()', '{\"username\":\"admin\",\"password\":\"123456\",\"page\":1,\"rows\":10}', '226', '127.0.0.1', '2019-05-15 22:36:02');
INSERT INTO `sys_deal_log` VALUES ('648', 'admin', '????', 'com.example.demo.modules.sys.controller.MenuController.delete()', '1002018', '70', '127.0.0.1', '2019-05-15 22:36:17');
INSERT INTO `sys_deal_log` VALUES ('649', 'admin', '???????', 'com.example.demo.modules.sys.controller.MenuController.saveOrUpdate()', '{\"id\":1002023,\"icon\":\"fi-page-delete\",\"menuName\":\"hhh\",\"url\":\"hhh\",\"parentId\":1001,\"sort\":3,\"isShow\":0,\"permission\":\"hh\",\"menuType\":\"menu\",\"isSysMenu\":\"1\",\"page\":1,\"rows\":10}', '121', '127.0.0.1', '2019-05-15 22:36:56');
INSERT INTO `sys_deal_log` VALUES ('650', 'admin', '????', 'com.example.demo.modules.sys.controller.MenuController.delete()', '1002023', '136', '127.0.0.1', '2019-05-15 22:37:13');
INSERT INTO `sys_deal_log` VALUES ('651', 'admin', '????', 'com.example.demo.modules.sys.controller.MenuController.delete()', '1002019', '72', '127.0.0.1', '2019-05-15 22:37:23');
INSERT INTO `sys_deal_log` VALUES ('652', 'admin', '????', 'com.example.demo.modules.sys.controller.LoginController.login()', '{\"username\":\"admin\",\"password\":\"123456\",\"page\":1,\"rows\":10}', '233', '127.0.0.1', '2019-05-15 22:52:58');
INSERT INTO `sys_deal_log` VALUES ('653', 'admin', '??????', 'com.example.demo.modules.sys.controller.UserController.batchDelete()', '[207]', '135', '127.0.0.1', '2019-05-15 22:53:19');
INSERT INTO `sys_deal_log` VALUES ('654', 'admin', '????', 'com.example.demo.modules.sys.controller.LoginController.login()', '{\"username\":\"admin\",\"password\":\"123456\",\"page\":1,\"rows\":10}', '227', '127.0.0.1', '2019-05-15 22:55:21');
INSERT INTO `sys_deal_log` VALUES ('655', 'admin', '??????', 'com.example.demo.modules.sys.controller.UserController.batchDelete()', '[206]', '77', '127.0.0.1', '2019-05-15 22:55:31');
INSERT INTO `sys_deal_log` VALUES ('656', 'admin', '????', 'com.example.demo.modules.sys.controller.UserController.delete()', '206', '69', '127.0.0.1', '2019-05-15 22:55:37');
INSERT INTO `sys_deal_log` VALUES ('657', 'admin', '用户登录', 'com.example.demo.modules.sys.controller.LoginController.login()', '{\"username\":\"admin\",\"password\":\"123456\",\"page\":1,\"rows\":10}', '63', '210.21.98.71', '2019-05-16 10:20:12');
INSERT INTO `sys_deal_log` VALUES ('658', null, '用户登出', 'com.example.demo.modules.sys.controller.LoginController.logout()', null, '0', '210.21.98.71', '2019-05-16 10:20:28');
INSERT INTO `sys_deal_log` VALUES ('659', '邓俊辉', '用户登录', 'com.example.demo.modules.sys.controller.LoginController.login()', '{\"username\":\"邓俊辉\",\"password\":\"123456\",\"page\":1,\"rows\":10}', '25', '210.21.98.71', '2019-05-16 10:20:31');
INSERT INTO `sys_deal_log` VALUES ('660', null, '用户登出', 'com.example.demo.modules.sys.controller.LoginController.logout()', null, '1', '210.21.98.71', '2019-05-16 10:20:52');
INSERT INTO `sys_deal_log` VALUES ('661', 'sys_admin', '用户登录', 'com.example.demo.modules.sys.controller.LoginController.login()', '{\"username\":\"sys_admin\",\"password\":\"123456\",\"page\":1,\"rows\":10}', '33', '210.21.98.71', '2019-05-16 10:20:57');
INSERT INTO `sys_deal_log` VALUES ('662', null, '用户登出', 'com.example.demo.modules.sys.controller.LoginController.logout()', null, '1', '210.21.98.71', '2019-05-16 10:21:08');
INSERT INTO `sys_deal_log` VALUES ('663', 'admin', '用户登录', 'com.example.demo.modules.sys.controller.LoginController.login()', '{\"username\":\"admin\",\"password\":\"123456\",\"page\":1,\"rows\":10}', '28', '210.21.98.71', '2019-05-16 10:21:11');
INSERT INTO `sys_deal_log` VALUES ('664', 'admin', '????', 'com.example.demo.modules.sys.controller.LoginController.login()', '{\"username\":\"admin\",\"password\":\"123456\",\"page\":1,\"rows\":10}', '648', '127.0.0.1', '2019-05-16 15:31:54');
INSERT INTO `sys_deal_log` VALUES ('665', 'admin', '用户登录', 'com.example.demo.modules.sys.controller.LoginController.login()', '{\"username\":\"admin\",\"password\":\"123456\",\"page\":1,\"rows\":10}', '121', '210.21.98.71', '2019-05-16 20:50:40');
INSERT INTO `sys_deal_log` VALUES ('666', 'admin', '用户登录', 'com.example.demo.modules.sys.controller.LoginController.login()', '{\"username\":\"admin\",\"password\":\"123456\",\"page\":1,\"rows\":10}', '65', '210.21.98.71', '2019-05-17 09:46:50');
INSERT INTO `sys_deal_log` VALUES ('667', 'admin', '用户登录', 'com.example.demo.modules.sys.controller.LoginController.login()', '{\"username\":\"admin\",\"password\":\"123456\",\"page\":1,\"rows\":10}', '30', '210.21.98.71', '2019-05-17 10:02:49');
INSERT INTO `sys_deal_log` VALUES ('668', 'admin', '用户登录', 'com.example.demo.modules.sys.controller.LoginController.login()', '{\"username\":\"admin\",\"password\":\"123456\",\"page\":1,\"rows\":10}', '182', '210.21.98.71', '2019-05-17 10:24:17');
INSERT INTO `sys_deal_log` VALUES ('669', 'admin', '批量删除用户', 'com.example.demo.modules.sys.controller.UserController.batchDelete()', '[206]', '25', '210.21.98.71', '2019-05-17 10:24:32');
INSERT INTO `sys_deal_log` VALUES ('670', 'admin', '保存菜单权限', 'com.example.demo.modules.sys.controller.MenuController.saveMenuPermission()', '10', '41', '210.21.98.71', '2019-05-17 10:32:41');
INSERT INTO `sys_deal_log` VALUES ('671', null, '用户登出', 'com.example.demo.modules.sys.controller.LoginController.logout()', null, '8', '210.21.98.71', '2019-05-17 10:32:56');
INSERT INTO `sys_deal_log` VALUES ('672', '邓俊辉', '用户登录', 'com.example.demo.modules.sys.controller.LoginController.login()', '{\"username\":\"邓俊辉\",\"password\":\"123456\",\"page\":1,\"rows\":10}', '47', '210.21.98.71', '2019-05-17 10:32:58');
INSERT INTO `sys_deal_log` VALUES ('673', null, '用户登出', 'com.example.demo.modules.sys.controller.LoginController.logout()', null, '4', '210.21.98.71', '2019-05-17 10:33:05');
INSERT INTO `sys_deal_log` VALUES ('674', 'admin', '用户登录', 'com.example.demo.modules.sys.controller.LoginController.login()', '{\"username\":\"admin\",\"password\":\"123456\",\"page\":1,\"rows\":10}', '58', '210.21.98.71', '2019-05-17 10:33:11');
INSERT INTO `sys_deal_log` VALUES ('675', 'admin', '保存菜单权限', 'com.example.demo.modules.sys.controller.MenuController.saveMenuPermission()', '10', '37', '210.21.98.71', '2019-05-17 10:33:26');
INSERT INTO `sys_deal_log` VALUES ('676', null, '用户登出', 'com.example.demo.modules.sys.controller.LoginController.logout()', null, '1', '210.21.98.71', '2019-05-17 10:33:29');
INSERT INTO `sys_deal_log` VALUES ('677', '邓俊辉', '用户登录', 'com.example.demo.modules.sys.controller.LoginController.login()', '{\"username\":\"邓俊辉\",\"password\":\"123456\",\"page\":1,\"rows\":10}', '110', '210.21.98.71', '2019-05-17 10:33:31');
INSERT INTO `sys_deal_log` VALUES ('678', null, '用户登出', 'com.example.demo.modules.sys.controller.LoginController.logout()', null, '0', '210.21.98.71', '2019-05-17 10:33:37');
INSERT INTO `sys_deal_log` VALUES ('679', 'admin', '用户登录', 'com.example.demo.modules.sys.controller.LoginController.login()', '{\"username\":\"admin\",\"password\":\"123456\",\"page\":1,\"rows\":10}', '60', '210.21.98.71', '2019-05-17 10:33:41');
INSERT INTO `sys_deal_log` VALUES ('680', null, '用户登出', 'com.example.demo.modules.sys.controller.LoginController.logout()', null, '1', '210.21.98.71', '2019-05-17 10:34:12');
INSERT INTO `sys_deal_log` VALUES ('681', '邓俊辉', '用户登录', 'com.example.demo.modules.sys.controller.LoginController.login()', '{\"username\":\"邓俊辉\",\"password\":\"123456\",\"page\":1,\"rows\":10}', '42', '210.21.98.71', '2019-05-17 10:34:19');
INSERT INTO `sys_deal_log` VALUES ('682', null, '用户登出', 'com.example.demo.modules.sys.controller.LoginController.logout()', null, '1', '210.21.98.71', '2019-05-17 10:34:38');
INSERT INTO `sys_deal_log` VALUES ('683', 'admin', '用户登录', 'com.example.demo.modules.sys.controller.LoginController.login()', '{\"username\":\"admin\",\"password\":\"123456\",\"page\":1,\"rows\":10}', '40', '210.21.98.71', '2019-05-17 10:34:41');
INSERT INTO `sys_deal_log` VALUES ('684', 'admin', '保存菜单权限', 'com.example.demo.modules.sys.controller.MenuController.saveMenuPermission()', '1', '213', '210.21.98.71', '2019-05-17 10:35:18');
INSERT INTO `sys_deal_log` VALUES ('685', 'sys_admin', '用户登录', 'com.example.demo.modules.sys.controller.LoginController.login()', '{\"username\":\"sys_admin\",\"password\":\"123456\",\"page\":1,\"rows\":10}', '58', '114.243.221.142', '2019-05-17 11:23:59');
INSERT INTO `sys_deal_log` VALUES ('686', 'admin', '用户登录', 'com.example.demo.modules.sys.controller.LoginController.login()', '{\"username\":\"admin\",\"password\":\"123456\",\"page\":1,\"rows\":10}', '170', '61.140.238.100', '2019-05-18 09:07:59');
INSERT INTO `sys_deal_log` VALUES ('687', 'admin', '用户登录', 'com.example.demo.modules.sys.controller.LoginController.login()', '{\"username\":\"admin\",\"password\":\"123456\",\"page\":1,\"rows\":10}', '31', '43.250.200.2', '2019-05-18 09:46:42');
INSERT INTO `sys_deal_log` VALUES ('688', 'sys_admin', '用户登录', 'com.example.demo.modules.sys.controller.LoginController.login()', '{\"username\":\"sys_admin\",\"password\":\"123456\",\"page\":1,\"rows\":10}', '31', '43.250.200.2', '2019-05-18 09:58:32');
INSERT INTO `sys_deal_log` VALUES ('689', 'sys_admin', '用户登录', 'com.example.demo.modules.sys.controller.LoginController.login()', '{\"username\":\"sys_admin\",\"password\":\"123456\",\"page\":1,\"rows\":10}', '33', '43.250.200.2', '2019-05-18 10:02:07');
INSERT INTO `sys_deal_log` VALUES ('690', 'admin', '用户登录', 'com.example.demo.modules.sys.controller.LoginController.login()', '{\"username\":\"admin\",\"password\":\"123456\",\"page\":1,\"rows\":10}', '33', '61.140.238.100', '2019-05-18 10:36:56');
INSERT INTO `sys_deal_log` VALUES ('691', 'sys_admin', '用户登录', 'com.example.demo.modules.sys.controller.LoginController.login()', '{\"username\":\"sys_admin\",\"password\":\"123456\",\"page\":1,\"rows\":10}', '27', '43.250.200.2', '2019-05-18 10:55:36');
INSERT INTO `sys_deal_log` VALUES ('692', 'admin', '用户登录', 'com.example.demo.modules.sys.controller.LoginController.login()', '{\"username\":\"admin\",\"password\":\"123456\",\"page\":1,\"rows\":10}', '31', '61.140.238.100', '2019-05-18 11:12:11');
INSERT INTO `sys_deal_log` VALUES ('693', 'admin', '用户登录', 'com.example.demo.modules.sys.controller.LoginController.login()', '{\"username\":\"admin\",\"password\":\"123456\",\"page\":1,\"rows\":10}', '26', '61.140.238.100', '2019-05-18 12:24:28');
INSERT INTO `sys_deal_log` VALUES ('694', 'sys_admin', '用户登录', 'com.example.demo.modules.sys.controller.LoginController.login()', '{\"username\":\"sys_admin\",\"password\":\"123456\",\"page\":1,\"rows\":10}', '53', '43.250.200.55', '2019-05-18 15:07:13');
INSERT INTO `sys_deal_log` VALUES ('695', 'sys_admin', '用户登录', 'com.example.demo.modules.sys.controller.LoginController.login()', '{\"username\":\"sys_admin\",\"password\":\"123456\",\"page\":1,\"rows\":10}', '60', '61.140.171.231', '2019-05-18 20:22:18');
INSERT INTO `sys_deal_log` VALUES ('696', 'admin', '????', 'com.example.demo.modules.sys.controller.LoginController.login()', '{\"username\":\"admin\",\"password\":\"123456\",\"page\":1,\"rows\":10}', '2526', '127.0.0.1', '2019-05-18 21:20:51');
INSERT INTO `sys_deal_log` VALUES ('697', 'admin', '用户登录', 'com.example.demo.modules.sys.controller.LoginController.login()', '{\"username\":\"admin\",\"password\":\"123456\",\"page\":1,\"rows\":10}', '69', '61.140.238.100', '2019-05-18 21:56:03');
INSERT INTO `sys_deal_log` VALUES ('698', 'sys_admin', '用户登录', 'com.example.demo.modules.sys.controller.LoginController.login()', '{\"username\":\"sys_admin\",\"password\":\"123456\",\"page\":1,\"rows\":10}', '40', '220.202.152.26', '2019-05-18 23:25:41');
INSERT INTO `sys_deal_log` VALUES ('699', 'admin', '用户登录', 'com.example.demo.modules.sys.controller.LoginController.login()', '{\"username\":\"admin\",\"password\":\"123456\",\"page\":1,\"rows\":10}', '77', '61.140.236.171', '2019-05-19 09:03:36');
INSERT INTO `sys_deal_log` VALUES ('700', 'admin', '????', 'com.example.demo.modules.sys.controller.LoginController.login()', '{\"username\":\"admin\",\"password\":\"123456\",\"page\":1,\"rows\":10}', '909', '127.0.0.1', '2019-05-19 11:26:15');
INSERT INTO `sys_deal_log` VALUES ('701', 'sys_admin', '用户登录', 'com.example.demo.modules.sys.controller.LoginController.login()', '{\"username\":\"sys_admin\",\"password\":\"123456\",\"page\":1,\"rows\":10}', '82', '43.250.200.16', '2019-05-20 01:50:12');
INSERT INTO `sys_deal_log` VALUES ('702', 'admin', '用户登录', 'com.example.demo.modules.sys.controller.LoginController.login()', '{\"username\":\"admin\",\"password\":\"123456\",\"page\":1,\"rows\":10}', '47', '210.21.98.71', '2019-05-20 09:35:00');
INSERT INTO `sys_deal_log` VALUES ('703', 'sys_admin', '用户登录', 'com.example.demo.modules.sys.controller.LoginController.login()', '{\"username\":\"sys_admin\",\"password\":\"123456\",\"page\":1,\"rows\":10}', '56', '43.250.200.55', '2019-05-20 10:15:30');
INSERT INTO `sys_deal_log` VALUES ('704', 'admin', '用户登录', 'com.example.demo.modules.sys.controller.LoginController.login()', '{\"username\":\"admin\",\"password\":\"123456\",\"page\":1,\"rows\":10}', '47', '210.21.98.71', '2019-05-20 10:22:05');
INSERT INTO `sys_deal_log` VALUES ('705', 'admin', '用户登录', 'com.example.demo.modules.sys.controller.LoginController.login()', '{\"username\":\"admin\",\"password\":\"123456\",\"page\":1,\"rows\":10}', '49', '119.29.1.126', '2019-05-20 15:03:36');
INSERT INTO `sys_deal_log` VALUES ('706', 'admin', '用户登录', 'com.example.demo.modules.sys.controller.LoginController.login()', '{\"username\":\"admin\",\"password\":\"123456\",\"page\":1,\"rows\":10}', '89', '210.21.98.71', '2019-05-21 09:28:37');
INSERT INTO `sys_deal_log` VALUES ('707', 'sys_admin', '用户登录', 'com.example.demo.modules.sys.controller.LoginController.login()', '{\"username\":\"sys_admin\",\"password\":\"123456\",\"page\":1,\"rows\":10}', '53', '220.202.152.62', '2019-05-21 09:28:40');
INSERT INTO `sys_deal_log` VALUES ('708', 'sys_admin', '启动或停止定时任务', 'com.example.demo.modules.sys.controller.ScheduleJobController.changeJobStatus()', '10', '30', '220.202.152.62', '2019-05-21 09:37:20');
INSERT INTO `sys_deal_log` VALUES ('709', 'sys_admin', '启动或停止定时任务', 'com.example.demo.modules.sys.controller.ScheduleJobController.changeJobStatus()', '10', '11', '220.202.152.62', '2019-05-21 09:37:25');
INSERT INTO `sys_deal_log` VALUES ('710', 'sys_admin', '用户登录', 'com.example.demo.modules.sys.controller.LoginController.login()', '{\"username\":\"sys_admin\",\"password\":\"123456\",\"page\":1,\"rows\":10}', '44', '220.202.152.62', '2019-05-21 10:32:41');
INSERT INTO `sys_deal_log` VALUES ('711', 'sys_admin', '用户登录', 'com.example.demo.modules.sys.controller.LoginController.login()', '{\"username\":\"sys_admin\",\"password\":\"123456\",\"page\":1,\"rows\":10}', '104', '175.102.15.218', '2019-05-21 12:32:39');
INSERT INTO `sys_deal_log` VALUES ('712', 'sys_admin', '用户登录', 'com.example.demo.modules.sys.controller.LoginController.login()', '{\"username\":\"sys_admin\",\"password\":\"123456\",\"page\":1,\"rows\":10}', '336', '175.102.15.218', '2019-05-21 17:13:09');
INSERT INTO `sys_deal_log` VALUES ('713', null, '用户登出', 'com.example.demo.modules.sys.controller.LoginController.logout()', null, '0', '175.102.15.218', '2019-05-21 17:15:58');
INSERT INTO `sys_deal_log` VALUES ('714', '邓俊辉', '用户登录', 'com.example.demo.modules.sys.controller.LoginController.login()', '{\"username\":\"邓俊辉\",\"password\":\"123456\",\"page\":1,\"rows\":10}', '307', '61.140.237.33', '2019-05-21 22:37:03');
INSERT INTO `sys_deal_log` VALUES ('715', 'admin', '用户登录', 'com.example.demo.modules.sys.controller.LoginController.login()', '{\"username\":\"admin\",\"password\":\"123456\",\"page\":1,\"rows\":10}', '332', '210.21.98.71', '2019-05-22 09:14:34');
INSERT INTO `sys_deal_log` VALUES ('716', null, '用户登录', 'com.example.demo.modules.sys.controller.LoginController.login()', '{\"username\":\"sysadmin\",\"password\":\"123456\",\"page\":1,\"rows\":10}', '321', '49.74.151.183', '2019-05-22 14:46:42');
INSERT INTO `sys_deal_log` VALUES ('717', 'sys_admin', '用户登录', 'com.example.demo.modules.sys.controller.LoginController.login()', '{\"username\":\"sys_admin\",\"password\":\"123456\",\"page\":1,\"rows\":10}', '37', '49.74.151.183', '2019-05-22 14:46:58');
INSERT INTO `sys_deal_log` VALUES ('718', 'sys_admin', '用户登录', 'com.example.demo.modules.sys.controller.LoginController.login()', '{\"username\":\"sys_admin\",\"password\":\"123456\",\"page\":1,\"rows\":10}', '251', '101.96.131.98', '2019-05-22 15:43:27');
INSERT INTO `sys_deal_log` VALUES ('719', 'admin', '????', 'com.example.demo.modules.sys.controller.LoginController.login()', '{\"username\":\"admin\",\"password\":\"123456\",\"page\":1,\"rows\":10}', '621', '127.0.0.1', '2019-05-22 20:25:55');
INSERT INTO `sys_deal_log` VALUES ('720', '邓俊辉', '用户登录', 'com.example.demo.modules.sys.controller.LoginController.login()', '{\"username\":\"邓俊辉\",\"password\":\"123456\",\"page\":1,\"rows\":10}', '42', '61.140.237.33', '2019-05-22 21:31:17');
INSERT INTO `sys_deal_log` VALUES ('721', '邓俊辉', '用户登录', 'com.example.demo.modules.sys.controller.LoginController.login()', '{\"username\":\"邓俊辉\",\"password\":\"123456\",\"page\":1,\"rows\":10}', '330', '61.140.237.33', '2019-05-22 23:46:36');
INSERT INTO `sys_deal_log` VALUES ('722', 'admin', '用户登录', 'com.example.demo.modules.sys.controller.LoginController.login()', '{\"username\":\"admin\",\"password\":\"123456\",\"page\":1,\"rows\":10}', '260', '59.109.156.69', '2019-05-23 00:32:41');
INSERT INTO `sys_deal_log` VALUES ('723', 'admin', '新增或修改菜单', 'com.example.demo.modules.sys.controller.MenuController.saveOrUpdate()', '{\"id\":1002005,\"icon\":\"glyphicon glyphicon-bookmark\",\"menuName\":\"图书借阅系统\",\"url\":\"\",\"isShow\":1,\"permission\":\"\",\"menuType\":\"menu\",\"page\":1,\"rows\":10}', '46', '59.109.156.69', '2019-05-23 00:52:16');
INSERT INTO `sys_deal_log` VALUES ('724', 'admin', '新增或修改菜单', 'com.example.demo.modules.sys.controller.MenuController.saveOrUpdate()', '{\"id\":1002009,\"icon\":\"glyphicon glyphicon-object-align-bottom\",\"menuName\":\"股市查阅系统\",\"url\":\"\",\"isShow\":1,\"permission\":\"\",\"menuType\":\"menu\",\"page\":1,\"rows\":10}', '18', '59.109.156.69', '2019-05-23 00:52:36');
INSERT INTO `sys_deal_log` VALUES ('725', 'admin', '用户登录', 'com.example.demo.modules.sys.controller.LoginController.login()', '{\"username\":\"admin\",\"password\":\"123456\",\"page\":1,\"rows\":10}', '54', '59.109.156.69', '2019-05-23 02:16:01');
INSERT INTO `sys_deal_log` VALUES ('726', 'admin', '用户登录', 'com.example.demo.modules.sys.controller.LoginController.login()', '{\"username\":\"admin\",\"password\":\"123456\",\"page\":1,\"rows\":10}', '329', '210.21.98.71', '2019-05-23 09:05:36');
INSERT INTO `sys_deal_log` VALUES ('727', 'admin', '用户登录', 'com.example.demo.modules.sys.controller.LoginController.login()', '{\"username\":\"admin\",\"password\":\"123456\",\"page\":1,\"rows\":10}', '347', '210.21.98.71', '2019-05-23 11:54:45');
INSERT INTO `sys_deal_log` VALUES ('728', 'admin', '用户登录', 'com.example.demo.modules.sys.controller.LoginController.login()', '{\"username\":\"admin\",\"password\":\"123456\",\"page\":1,\"rows\":10}', '405', '210.21.98.71', '2019-05-23 16:31:23');
INSERT INTO `sys_deal_log` VALUES ('729', 'sys_admin', '????', 'com.example.demo.modules.sys.controller.LoginController.login()', '{\"username\":\"sys_admin\",\"password\":\"123456\",\"page\":1,\"rows\":10}', '460', '127.0.0.1', '2019-05-23 22:11:47');
INSERT INTO `sys_deal_log` VALUES ('730', 'sys_admin', '????', 'com.example.demo.modules.sys.controller.LoginController.login()', '{\"username\":\"sys_admin\",\"password\":\"123456\",\"page\":1,\"rows\":10}', '548', '127.0.0.1', '2019-05-23 22:24:37');
INSERT INTO `sys_deal_log` VALUES ('731', 'admin', '用户登录', 'com.example.demo.modules.sys.controller.LoginController.login()', '{\"username\":\"admin\",\"password\":\"123456\",\"page\":1,\"rows\":10}', '495', '61.140.235.141', '2019-05-24 00:10:14');
INSERT INTO `sys_deal_log` VALUES ('732', 'admin', '新增或修改菜单', 'com.example.demo.modules.sys.controller.MenuController.saveOrUpdate()', '{\"id\":1002024,\"icon\":\"glyphicon glyphicon-heart\",\"menuName\":\"Druid监听\",\"url\":\"http://47.112.26.69:9009/druid/index.html\",\"parentId\":1002014,\"isShow\":0,\"permission\":\"druid:index\",\"menuType\":\"api\",\"isSysMenu\":\"1\",\"page\":1,\"rows\":10}', '40', '61.140.235.141', '2019-05-24 00:12:03');
INSERT INTO `sys_deal_log` VALUES ('733', 'admin', '保存菜单权限', 'com.example.demo.modules.sys.controller.MenuController.saveMenuPermission()', '1', '178', '61.140.235.141', '2019-05-24 00:12:25');
INSERT INTO `sys_deal_log` VALUES ('734', 'admin', '保存菜单权限', 'com.example.demo.modules.sys.controller.MenuController.saveMenuPermission()', '4', '130', '61.140.235.141', '2019-05-24 00:12:32');
INSERT INTO `sys_deal_log` VALUES ('735', 'sys_admin', '用户登录', 'com.example.demo.modules.sys.controller.LoginController.login()', '{\"username\":\"sys_admin\",\"password\":\"123456\",\"page\":1,\"rows\":10}', '418', '59.33.100.96', '2019-05-24 11:10:27');
INSERT INTO `sys_deal_log` VALUES ('736', 'admin', '用户登录', 'com.example.demo.modules.sys.controller.LoginController.login()', '{\"username\":\"admin\",\"password\":\"123456\",\"page\":1,\"rows\":10}', '353', '61.140.235.141', '2019-05-24 14:47:25');
INSERT INTO `sys_deal_log` VALUES ('737', null, '用户登出', 'com.example.demo.modules.sys.controller.LoginController.logout()', null, '1', '61.140.235.141', '2019-05-24 15:14:11');
INSERT INTO `sys_deal_log` VALUES ('738', 'sys_admin', '用户登录', 'com.example.demo.modules.sys.controller.LoginController.login()', '{\"username\":\"sys_admin\",\"password\":\"123456\",\"page\":1,\"rows\":10}', '47', '61.140.235.141', '2019-05-24 15:14:58');
INSERT INTO `sys_deal_log` VALUES ('739', null, '用户登出', 'com.example.demo.modules.sys.controller.LoginController.logout()', null, '1', '61.140.235.141', '2019-05-24 15:16:32');
INSERT INTO `sys_deal_log` VALUES ('740', 'sys_admin', '用户登录', 'com.example.demo.modules.sys.controller.LoginController.login()', '{\"username\":\"sys_admin\",\"password\":\"123456\",\"page\":1,\"rows\":10}', '59', '121.32.51.228', '2019-05-24 15:34:06');
INSERT INTO `sys_deal_log` VALUES ('741', 'sys_admin', '????', 'com.example.demo.modules.sys.controller.LoginController.login()', '{\"username\":\"sys_admin\",\"password\":\"123456\",\"page\":1,\"rows\":10}', '257', '127.0.0.1', '2019-05-24 21:01:20');
INSERT INTO `sys_deal_log` VALUES ('742', 'sys_admin', '用户登录', 'com.example.demo.modules.sys.controller.LoginController.login()', '{\"username\":\"sys_admin\",\"password\":\"123456\",\"page\":1,\"rows\":10}', '363', '182.245.250.183', '2019-05-25 16:54:51');
INSERT INTO `sys_deal_log` VALUES ('743', 'admin', '????', 'com.example.demo.modules.sys.controller.LoginController.login()', '{\"username\":\"admin\",\"password\":\"123456\",\"page\":1,\"rows\":10}', '644', '127.0.0.1', '2019-05-25 22:28:48');
INSERT INTO `sys_deal_log` VALUES ('744', 'admin', '??????', 'com.example.demo.modules.sys.controller.MenuController.saveMenuPermission()', '1', '2482', '127.0.0.1', '2019-05-25 22:30:44');
INSERT INTO `sys_deal_log` VALUES ('745', 'admin', '??????', 'com.example.demo.modules.sys.controller.MenuController.saveMenuPermission()', '1', '2738', '127.0.0.1', '2019-05-25 22:30:46');
INSERT INTO `sys_deal_log` VALUES ('746', null, '????', 'com.example.demo.modules.sys.controller.LoginController.logout()', null, '1', '127.0.0.1', '2019-05-25 22:31:12');
INSERT INTO `sys_deal_log` VALUES ('747', 'sys_admin', '用户登录', 'com.example.demo.modules.sys.controller.LoginController.login()', '{\"username\":\"sys_admin\",\"password\":\"123456\",\"page\":1,\"rows\":10}', '371', '210.21.98.71', '2019-05-27 11:51:39');
INSERT INTO `sys_deal_log` VALUES ('748', null, '用户登出', 'com.example.demo.modules.sys.controller.LoginController.logout()', null, '0', '210.21.98.71', '2019-05-27 11:51:55');
INSERT INTO `sys_deal_log` VALUES ('749', '邓俊辉', '用户登录', 'com.example.demo.modules.sys.controller.LoginController.login()', '{\"username\":\"邓俊辉\",\"password\":\"123456\",\"page\":1,\"rows\":10}', '31', '210.21.98.71', '2019-05-27 11:51:59');
INSERT INTO `sys_deal_log` VALUES ('750', null, '用户登录', 'com.example.demo.modules.sys.controller.LoginController.login()', '{\"username\":\"admin\",\"password\":\"admin\",\"page\":1,\"rows\":10}', '338', '202.85.220.36', '2019-05-27 15:28:03');
INSERT INTO `sys_deal_log` VALUES ('751', null, '用户登录', 'com.example.demo.modules.sys.controller.LoginController.login()', '{\"username\":\"admin\",\"password\":\"admin\",\"page\":1,\"rows\":10}', '18', '202.85.220.36', '2019-05-27 15:28:04');
INSERT INTO `sys_deal_log` VALUES ('752', 'sys_admin', '用户登录', 'com.example.demo.modules.sys.controller.LoginController.login()', '{\"username\":\"sys_admin\",\"password\":\"123456\",\"page\":1,\"rows\":10}', '36', '202.85.220.36', '2019-05-27 15:29:49');
INSERT INTO `sys_deal_log` VALUES ('753', 'sys_admin', '用户登录', 'com.example.demo.modules.sys.controller.LoginController.login()', '{\"username\":\"sys_admin\",\"password\":\"123456\",\"page\":1,\"rows\":10}', '36', '211.140.201.18', '2019-05-27 15:32:07');
INSERT INTO `sys_deal_log` VALUES ('754', 'admin', '用户登录', 'com.example.demo.modules.sys.controller.LoginController.login()', '{\"username\":\"admin\",\"password\":\"123456\",\"page\":1,\"rows\":10}', '819', '202.85.220.36', '2019-05-27 16:45:59');
INSERT INTO `sys_deal_log` VALUES ('755', 'admin', '删除用户', 'com.example.demo.modules.sys.controller.UserController.delete()', '210', '19', '202.85.220.36', '2019-05-27 16:47:37');
INSERT INTO `sys_deal_log` VALUES ('756', 'admin', '用户登录', 'com.example.demo.modules.sys.controller.LoginController.login()', '{\"username\":\"admin\",\"password\":\"123456\",\"page\":1,\"rows\":10}', '435', '202.85.220.36', '2019-05-27 17:55:58');
INSERT INTO `sys_deal_log` VALUES ('757', 'sys_admin', '用户登录', 'com.example.demo.modules.sys.controller.LoginController.login()', '{\"username\":\"sys_admin\",\"password\":\"123456\",\"page\":1,\"rows\":10}', '422', '223.81.147.234', '2019-05-27 18:35:27');
INSERT INTO `sys_deal_log` VALUES ('758', 'sys_admin', '用户登录', 'com.example.demo.modules.sys.controller.LoginController.login()', '{\"username\":\"sys_admin\",\"password\":\"123456\",\"page\":1,\"rows\":10}', '1375', '59.42.206.185', '2019-05-28 08:50:25');
INSERT INTO `sys_deal_log` VALUES ('759', 'sys_admin', '用户登录', 'com.example.demo.modules.sys.controller.LoginController.login()', '{\"username\":\"sys_admin\",\"password\":\"123456\",\"page\":1,\"rows\":10}', '92', '59.42.206.185', '2019-05-28 08:50:25');
INSERT INTO `sys_deal_log` VALUES ('760', 'sys_admin', '用户登录', 'com.example.demo.modules.sys.controller.LoginController.login()', '{\"username\":\"sys_admin\",\"password\":\"123456\",\"page\":1,\"rows\":10}', '58', '59.42.206.185', '2019-05-28 08:50:50');
INSERT INTO `sys_deal_log` VALUES ('761', 'sys_admin', '用户登录', 'com.example.demo.modules.sys.controller.LoginController.login()', '{\"username\":\"sys_admin\",\"password\":\"1234567\",\"page\":1,\"rows\":10}', '393', '59.42.206.185', '2019-05-28 09:01:01');
INSERT INTO `sys_deal_log` VALUES ('762', 'sys_admin', '用户登录', 'com.example.demo.modules.sys.controller.LoginController.login()', '{\"username\":\"sys_admin\",\"password\":\"123456\",\"page\":1,\"rows\":10}', '522', '59.42.206.185', '2019-05-28 09:01:06');
INSERT INTO `sys_deal_log` VALUES ('763', '邓俊辉', '用户登录', 'com.example.demo.modules.sys.controller.LoginController.login()', '{\"username\":\"邓俊辉\",\"password\":\"123456\",\"page\":1,\"rows\":10}', '441', '210.21.98.71', '2019-05-28 10:16:56');
INSERT INTO `sys_deal_log` VALUES ('764', null, '用户登出', 'com.example.demo.modules.sys.controller.LoginController.logout()', null, '1', '210.21.98.71', '2019-05-28 10:17:01');
INSERT INTO `sys_deal_log` VALUES ('765', 'admin', '用户登录', 'com.example.demo.modules.sys.controller.LoginController.login()', '{\"username\":\"admin\",\"password\":\"123456\",\"page\":1,\"rows\":10}', '58', '210.21.98.71', '2019-05-28 10:17:05');
INSERT INTO `sys_deal_log` VALUES ('766', 'admin', '用户登录', 'com.example.demo.modules.sys.controller.LoginController.login()', '{\"username\":\"admin\",\"password\":\"123456\",\"page\":1,\"rows\":10}', '536', '210.21.98.71', '2019-05-28 10:53:50');
INSERT INTO `sys_deal_log` VALUES ('767', null, '用户登录', 'com.example.demo.modules.sys.controller.LoginController.login()', '{\"username\":\"sysadmin\",\"password\":\"123456\",\"page\":1,\"rows\":10}', '410', '171.221.236.195', '2019-05-28 13:06:20');
INSERT INTO `sys_deal_log` VALUES ('768', 'sys_admin', '用户登录', 'com.example.demo.modules.sys.controller.LoginController.login()', '{\"username\":\"sys_admin\",\"password\":\"123456\",\"page\":1,\"rows\":10}', '124', '171.221.236.195', '2019-05-28 13:06:33');
INSERT INTO `sys_deal_log` VALUES ('769', 'admin', '用户登录', 'com.example.demo.modules.sys.controller.LoginController.login()', '{\"username\":\"admin\",\"password\":\"123456\",\"page\":1,\"rows\":10}', '634', '210.21.98.71', '2019-05-28 15:07:10');
INSERT INTO `sys_deal_log` VALUES ('770', 'admin', '用户登录', 'com.example.demo.modules.sys.controller.LoginController.login()', '{\"username\":\"admin\",\"password\":\"123456\",\"page\":1,\"rows\":10}', '554', '106.6.170.31', '2019-05-28 16:02:28');
INSERT INTO `sys_deal_log` VALUES ('771', null, '用户登出', 'com.example.demo.modules.sys.controller.LoginController.logout()', null, '0', '106.6.170.31', '2019-05-28 16:03:10');
INSERT INTO `sys_deal_log` VALUES ('772', 'admin', '用户登录', 'com.example.demo.modules.sys.controller.LoginController.login()', '{\"username\":\"admin\",\"password\":\"123456\",\"page\":1,\"rows\":10}', '151', '106.6.170.31', '2019-05-28 16:03:19');
INSERT INTO `sys_deal_log` VALUES ('773', 'sys_admin', '用户登录', 'com.example.demo.modules.sys.controller.LoginController.login()', '{\"username\":\"sys_admin\",\"password\":\"123456\",\"page\":1,\"rows\":10}', '3205', '106.6.170.31', '2019-05-28 16:53:35');
INSERT INTO `sys_deal_log` VALUES ('774', 'sys_admin', '用户登录', 'com.example.demo.modules.sys.controller.LoginController.login()', '{\"username\":\"sys_admin\",\"password\":\"123456\",\"page\":1,\"rows\":10}', '624', '171.221.236.195', '2019-05-28 19:35:36');
INSERT INTO `sys_deal_log` VALUES ('775', 'admin', '用户登录', 'com.example.demo.modules.sys.controller.LoginController.login()', '{\"username\":\"admin\",\"password\":\"123456\",\"page\":1,\"rows\":10}', '643', '210.21.98.71', '2019-05-28 19:49:40');
INSERT INTO `sys_deal_log` VALUES ('776', '邓俊辉', '用户登录', 'com.example.demo.modules.sys.controller.LoginController.login()', '{\"username\":\"邓俊辉\",\"password\":\"123456\",\"page\":1,\"rows\":10}', '536', '210.21.98.71', '2019-05-29 09:03:03');
INSERT INTO `sys_deal_log` VALUES ('777', '邓俊辉', '用户登录', 'com.example.demo.modules.sys.controller.LoginController.login()', '{\"username\":\"邓俊辉\",\"password\":\"123456\",\"page\":1,\"rows\":10}', '7902', '210.21.98.71', '2019-05-29 09:40:10');
INSERT INTO `sys_deal_log` VALUES ('778', '邓俊辉', '用户登录', 'com.example.demo.modules.sys.controller.LoginController.login()', '{\"username\":\"邓俊辉\",\"password\":\"123456\",\"page\":1,\"rows\":10}', '16401', '210.21.98.71', '2019-05-29 09:40:10');
INSERT INTO `sys_deal_log` VALUES ('779', '邓俊辉', '用户登录', 'com.example.demo.modules.sys.controller.LoginController.login()', '{\"username\":\"邓俊辉\",\"password\":\"123456\",\"page\":1,\"rows\":10}', '20110', '210.21.98.71', '2019-05-29 09:40:10');
INSERT INTO `sys_deal_log` VALUES ('780', null, '????', 'com.example.demo.modules.sys.controller.LoginController.login()', '{\"username\":\"410105199408090156\",\"password\":\"fsdffdsfsf\",\"page\":1,\"rows\":10}', '291', '127.0.0.1', '2019-05-29 15:20:48');
INSERT INTO `sys_deal_log` VALUES ('781', null, '????', 'com.example.demo.modules.sys.controller.LoginController.login()', '{\"username\":\"410105199408090156\",\"password\":\"fsdffdsfsf\",\"page\":1,\"rows\":10}', '593', '127.0.0.1', '2019-05-29 15:20:48');
INSERT INTO `sys_deal_log` VALUES ('782', null, '????', 'com.example.demo.modules.sys.controller.LoginController.login()', '{\"username\":\"410105199408090156\",\"password\":\"fsdffdsfsf\",\"page\":1,\"rows\":10}', '1667', '127.0.0.1', '2019-05-29 15:20:48');
INSERT INTO `sys_deal_log` VALUES ('783', null, '????', 'com.example.demo.modules.sys.controller.LoginController.login()', '{\"username\":\"410105199408090156\",\"password\":\"fsdffdsfsf\",\"page\":1,\"rows\":10}', '321', '127.0.0.1', '2019-05-29 15:20:52');
INSERT INTO `sys_deal_log` VALUES ('784', null, '????', 'com.example.demo.modules.sys.controller.LoginController.login()', '{\"username\":\"410105199408090156\",\"password\":\"fdsfsdfsdfsdfsdf\",\"page\":1,\"rows\":10}', '330', '127.0.0.1', '2019-05-29 15:20:56');
INSERT INTO `sys_deal_log` VALUES ('785', null, '????', 'com.example.demo.modules.sys.controller.LoginController.login()', '{\"username\":\"admin\",\"password\":\"12345\",\"page\":1,\"rows\":10}', '820', '127.0.0.1', '2019-05-29 15:35:48');
INSERT INTO `sys_deal_log` VALUES ('786', 'admin', '????', 'com.example.demo.modules.sys.controller.LoginController.login()', '{\"username\":\"admin\",\"password\":\"123456\",\"page\":1,\"rows\":10}', '919', '127.0.0.1', '2019-05-29 15:35:54');
INSERT INTO `sys_deal_log` VALUES ('787', 'admin', '????', 'com.example.demo.modules.sys.controller.UserController.delete()', '209', '327', '127.0.0.1', '2019-05-29 15:36:28');
INSERT INTO `sys_deal_log` VALUES ('788', 'admin', '????', 'com.example.demo.modules.sys.controller.UserController.delete()', '208', '324', '127.0.0.1', '2019-05-29 15:36:44');
INSERT INTO `sys_deal_log` VALUES ('789', 'admin', '???????', 'com.example.demo.modules.sys.controller.MenuController.saveOrUpdate()', '{\"id\":1002005,\"icon\":\"glyphicon glyphicon-bookmark\",\"menuName\":\"??????\",\"url\":\"\",\"isShow\":0,\"permission\":\"\",\"menuType\":\"menu\",\"page\":1,\"rows\":10}', '490', '127.0.0.1', '2019-05-29 15:57:43');
INSERT INTO `sys_deal_log` VALUES ('790', 'admin', '???????', 'com.example.demo.modules.sys.controller.MenuController.saveOrUpdate()', '{\"id\":1002005,\"icon\":\"glyphicon glyphicon-bookmark\",\"menuName\":\"??????\",\"url\":\"\",\"isShow\":1,\"permission\":\"\",\"menuType\":\"menu\",\"page\":1,\"rows\":10}', '485', '127.0.0.1', '2019-05-29 15:58:37');
INSERT INTO `sys_deal_log` VALUES ('791', '邓俊辉', '用户登录', 'com.example.demo.modules.sys.controller.LoginController.login()', '{\"username\":\"邓俊辉\",\"password\":\"123456\",\"page\":1,\"rows\":10}', '1803', '210.21.98.71', '2019-05-29 17:21:55');
INSERT INTO `sys_deal_log` VALUES ('792', 'sys_admin', '用户登录', 'com.example.demo.modules.sys.controller.LoginController.login()', '{\"username\":\"sys_admin\",\"password\":\"123456\",\"page\":1,\"rows\":10}', '740', '180.168.186.65', '2019-05-29 19:35:21');
INSERT INTO `sys_deal_log` VALUES ('793', 'sys_admin', '批量删除用户', 'com.example.demo.modules.sys.controller.UserController.batchDelete()', '[206]', '102', '180.168.186.65', '2019-05-29 19:36:11');
INSERT INTO `sys_deal_log` VALUES ('794', 'sys_admin', '保存用户信息', 'com.example.demo.modules.sys.controller.UserController.saveOrUpdate()', '{\"id\":216,\"username\":\"ceshi\",\"password\":\"UUKHSDDI5KPA43A8VL06V0TU2\",\"realName\":\"11123\",\"status\":0,\"createTime\":\"May 29, 2019 7:36:32 PM\",\"email\":\"12113@qq.com\",\"phone\":\"1123\",\"sex\":1,\"constellation\":\"--请选择--\",\"city\":\"\",\"address\":\"123\",\"isSysUser\":\"1\",\"page\":1,\"rows\":10}', '988', '180.168.186.65', '2019-05-29 19:36:33');
INSERT INTO `sys_deal_log` VALUES ('795', 'sys_admin', '删除用户', 'com.example.demo.modules.sys.controller.UserController.delete()', '216', '372', '180.168.186.65', '2019-05-29 19:36:46');
INSERT INTO `sys_deal_log` VALUES ('796', 'sys_admin', '用户登录', 'com.example.demo.modules.sys.controller.LoginController.login()', '{\"username\":\"sys_admin\",\"password\":\"123456\",\"page\":1,\"rows\":10}', '1586', '112.32.5.73', '2019-05-30 02:10:20');
INSERT INTO `sys_deal_log` VALUES ('798', '邓俊辉', '用户登录', 'com.example.demo.modules.sys.controller.LoginController.login()', '{\"username\":\"邓俊辉\",\"password\":\"123456\",\"page\":1,\"rows\":10}', '309', '210.21.98.71', '2019-05-30 09:33:30');
INSERT INTO `sys_deal_log` VALUES ('799', 'sys_admin', '用户登录', 'com.example.demo.modules.sys.controller.LoginController.login()', '{\"username\":\"sys_admin\",\"password\":\"123456\",\"page\":1,\"rows\":10}', '376', '1.202.169.235', '2019-05-30 15:14:27');
INSERT INTO `sys_deal_log` VALUES ('800', 'admin', '????', 'com.example.demo.modules.sys.controller.LoginController.login()', '{\"username\":\"admin\",\"password\":\"123456\",\"page\":1,\"rows\":10}', '912', '127.0.0.1', '2019-05-30 15:59:34');
INSERT INTO `sys_deal_log` VALUES ('801', 'admin', '????', 'com.example.demo.modules.sys.controller.LoginController.login()', '{\"username\":\"admin\",\"password\":\"123456\",\"page\":1,\"rows\":10}', '1020', '127.0.0.1', '2019-05-30 16:07:12');
INSERT INTO `sys_deal_log` VALUES ('802', null, '????', 'com.example.demo.modules.sys.controller.LoginController.logout()', null, '1', '127.0.0.1', '2019-05-30 16:08:09');
INSERT INTO `sys_deal_log` VALUES ('803', null, '????', 'com.example.demo.modules.sys.controller.LoginController.login()', '{\"username\":\"nn\",\"password\":\"nnnjjjj\",\"page\":1,\"rows\":10}', '34450', '127.0.0.1', '2019-05-30 16:08:50');
INSERT INTO `sys_deal_log` VALUES ('804', 'admin', '????', 'com.example.demo.modules.sys.controller.LoginController.login()', '{\"username\":\"admin\",\"password\":\"123456\",\"page\":1,\"rows\":10}', '1922', '127.0.0.1', '2019-05-30 16:41:48');
INSERT INTO `sys_deal_log` VALUES ('805', 'admin', '????', 'com.example.demo.modules.sys.controller.LoginController.login()', '{\"username\":\"admin\",\"password\":\"123456\",\"page\":1,\"rows\":10}', '4814', '127.0.0.1', '2019-05-30 16:41:49');
INSERT INTO `sys_deal_log` VALUES ('806', 'admin', '????', 'com.example.demo.modules.sys.controller.LoginController.login()', '{\"username\":\"admin\",\"password\":\"123456\",\"page\":1,\"rows\":10}', '10251', '127.0.0.1', '2019-05-30 16:43:21');
INSERT INTO `sys_deal_log` VALUES ('807', 'admin', '????', 'com.example.demo.modules.sys.controller.LoginController.login()', '{\"username\":\"admin\",\"password\":\"123456\",\"page\":1,\"rows\":10}', '10259', '127.0.0.1', '2019-05-30 16:43:21');
INSERT INTO `sys_deal_log` VALUES ('808', 'admin', '????', 'com.example.demo.modules.sys.controller.LoginController.login()', '{\"username\":\"admin\",\"password\":\"123456\",\"page\":1,\"rows\":10}', '32146', '127.0.0.1', '2019-05-30 16:45:20');
INSERT INTO `sys_deal_log` VALUES ('809', 'admin', '????', 'com.example.demo.modules.sys.controller.LoginController.login()', '{\"username\":\"admin\",\"password\":\"123456\",\"page\":1,\"rows\":10}', '176029', '127.0.0.1', '2019-05-30 16:45:20');
INSERT INTO `sys_deal_log` VALUES ('810', 'sys_admin', '用户登录', 'com.example.demo.modules.sys.controller.LoginController.login()', '{\"username\":\"sys_admin\",\"password\":\"123456\",\"page\":1,\"rows\":10}', '80', '120.36.226.211', '2019-05-30 16:46:23');
INSERT INTO `sys_deal_log` VALUES ('811', 'admin', '????', 'com.example.demo.modules.sys.controller.LoginController.login()', '{\"username\":\"admin\",\"password\":\"123456\",\"page\":1,\"rows\":10}', '793', '127.0.0.1', '2019-05-30 16:56:52');
INSERT INTO `sys_deal_log` VALUES ('812', 'admin', '????', 'com.example.demo.modules.sys.controller.LoginController.login()', '{\"username\":\"admin\",\"password\":\"123456\",\"page\":1,\"rows\":10}', '832', '127.0.0.1', '2019-05-30 16:59:43');
INSERT INTO `sys_deal_log` VALUES ('813', null, '????', 'com.example.demo.modules.sys.controller.LoginController.logout()', null, '3', '127.0.0.1', '2019-05-30 17:00:38');
INSERT INTO `sys_deal_log` VALUES ('814', 'admin', '????', 'com.example.demo.modules.sys.controller.LoginController.login()', '{\"username\":\"admin\",\"password\":\"123456\",\"page\":1,\"rows\":10}', '767170', '127.0.0.1', '2019-05-30 17:13:43');
INSERT INTO `sys_deal_log` VALUES ('815', '邓俊辉', '用户登录', 'com.example.demo.modules.sys.controller.LoginController.login()', '{\"username\":\"邓俊辉\",\"password\":\"123456\",\"page\":1,\"rows\":10}', '165', '61.140.235.203', '2019-05-30 22:12:14');
INSERT INTO `sys_deal_log` VALUES ('816', '邓俊辉', '用户登录', 'com.example.demo.modules.sys.controller.LoginController.login()', '{\"username\":\"邓俊辉\",\"password\":\"123456\",\"page\":1,\"rows\":10}', '53', '61.140.235.203', '2019-05-30 22:54:17');
INSERT INTO `sys_deal_log` VALUES ('817', '邓俊辉', '用户登录', 'com.example.demo.modules.sys.controller.LoginController.login()', '{\"username\":\"邓俊辉\",\"password\":\"123456\",\"page\":1,\"rows\":10}', '51', '61.140.235.203', '2019-05-31 00:19:26');
INSERT INTO `sys_deal_log` VALUES ('818', 'sys_admin', '用户登录', 'com.example.demo.modules.sys.controller.LoginController.login()', '{\"username\":\"sys_admin\",\"password\":\"123456\",\"page\":1,\"rows\":10}', '58', '171.82.21.46', '2019-05-31 00:34:27');
INSERT INTO `sys_deal_log` VALUES ('819', '邓俊辉', '用户登录', 'com.example.demo.modules.sys.controller.LoginController.login()', '{\"username\":\"邓俊辉\",\"password\":\"123456\",\"page\":1,\"rows\":10}', '298', '210.21.98.71', '2019-05-31 09:14:35');
INSERT INTO `sys_deal_log` VALUES ('820', 'admin', '????', 'com.example.demo.modules.sys.controller.LoginController.login()', '{\"username\":\"admin\",\"password\":\"123456\",\"page\":1,\"rows\":10}', '898', '127.0.0.1', '2019-05-31 09:34:14');
INSERT INTO `sys_deal_log` VALUES ('821', '邓俊辉', '用户登录', 'com.example.demo.modules.sys.controller.LoginController.login()', '{\"username\":\"邓俊辉\",\"password\":\"123456\",\"page\":1,\"rows\":10}', '368', '210.21.98.71', '2019-05-31 14:00:50');
INSERT INTO `sys_deal_log` VALUES ('822', '邓俊辉', '用户登录', 'com.example.demo.modules.sys.controller.LoginController.login()', '{\"username\":\"邓俊辉\",\"password\":\"123456\",\"page\":1,\"rows\":10}', '388', '210.21.98.71', '2019-06-03 10:01:31');
INSERT INTO `sys_deal_log` VALUES ('823', 'admin', '用户登录', 'com.example.demo.modules.sys.controller.LoginController.login()', '{\"username\":\"admin\",\"password\":\"123456\",\"page\":1,\"rows\":10}', '66', '183.236.43.90', '2019-06-03 10:16:12');
INSERT INTO `sys_deal_log` VALUES ('824', 'admin', '????', 'com.example.demo.modules.sys.controller.LoginController.login()', '{\"username\":\"admin\",\"password\":\"123456\",\"page\":1,\"rows\":10}', '1131', '127.0.0.1', '2019-06-03 11:05:51');
INSERT INTO `sys_deal_log` VALUES ('825', null, '用户登录', 'com.example.demo.modules.sys.controller.LoginController.login()', '{\"username\":\"sys_admin\",\"password\":\"admin\",\"page\":1,\"rows\":10}', '326', '175.8.177.200', '2019-06-03 13:35:00');
INSERT INTO `sys_deal_log` VALUES ('826', null, '用户登录', 'com.example.demo.modules.sys.controller.LoginController.login()', '{\"username\":\"sys_admin\",\"password\":\"admin\",\"page\":1,\"rows\":10}', '16', '175.8.177.200', '2019-06-03 13:35:10');
INSERT INTO `sys_deal_log` VALUES ('827', null, '用户登录', 'com.example.demo.modules.sys.controller.LoginController.login()', '{\"username\":\"sys_admin\",\"password\":\"admin\",\"page\":1,\"rows\":10}', '17', '175.8.177.200', '2019-06-03 13:35:15');
INSERT INTO `sys_deal_log` VALUES ('828', 'sys_admin', '用户登录', 'com.example.demo.modules.sys.controller.LoginController.login()', '{\"username\":\"sys_admin\",\"password\":\"123456\",\"page\":1,\"rows\":10}', '33', '175.8.177.200', '2019-06-03 13:35:31');
INSERT INTO `sys_deal_log` VALUES ('829', 'admin', '????', 'com.example.demo.modules.sys.controller.LoginController.login()', '{\"username\":\"admin\",\"password\":\"123456\",\"page\":1,\"rows\":10}', '3374', '127.0.0.1', '2019-06-03 15:20:21');
INSERT INTO `sys_deal_log` VALUES ('830', 'admin', '????', 'com.example.demo.modules.sys.controller.LoginController.login()', '{\"username\":\"admin\",\"password\":\"123456\",\"page\":1,\"rows\":10}', '1378', '127.0.0.1', '2019-06-03 15:20:21');
INSERT INTO `sys_deal_log` VALUES ('831', 'sys_admin', '用户登录', 'com.example.demo.modules.sys.controller.LoginController.login()', '{\"username\":\"sys_admin\",\"password\":\"123456\",\"page\":1,\"rows\":10}', '33', '221.131.123.222', '2019-06-03 15:40:01');
INSERT INTO `sys_deal_log` VALUES ('832', 'sys_admin', '用户登录', 'com.example.demo.modules.sys.controller.LoginController.login()', '{\"username\":\"sys_admin\",\"password\":\"123456\",\"page\":1,\"rows\":10}', '436', '124.78.76.73', '2019-06-03 17:18:32');
INSERT INTO `sys_deal_log` VALUES ('833', 'admin', '????', 'com.example.demo.modules.sys.controller.LoginController.login()', '{\"username\":\"admin\",\"password\":\"123456\",\"page\":1,\"rows\":10}', '953', '127.0.0.1', '2019-06-03 17:26:12');
INSERT INTO `sys_deal_log` VALUES ('834', 'admin', '???????', 'com.example.demo.modules.sys.controller.MenuController.saveOrUpdate()', '{\"id\":1002025,\"icon\":\"\",\"menuName\":\"????\",\"url\":\"\",\"isShow\":0,\"permission\":\"\",\"menuType\":\"menu\",\"isSysMenu\":\"1\",\"page\":1,\"rows\":10}', '437', '127.0.0.1', '2019-06-03 17:28:29');
INSERT INTO `sys_deal_log` VALUES ('835', 'admin', '???????', 'com.example.demo.modules.sys.controller.MenuController.saveOrUpdate()', '{\"id\":1002025,\"icon\":\"\",\"menuName\":\"????\",\"url\":\"\",\"isShow\":0,\"permission\":\"\",\"menuType\":\"menu\",\"page\":1,\"rows\":10}', '549', '127.0.0.1', '2019-06-03 17:30:16');
INSERT INTO `sys_deal_log` VALUES ('836', 'admin', '????', 'com.example.demo.modules.sys.controller.LoginController.login()', '{\"username\":\"admin\",\"password\":\"123456\",\"page\":1,\"rows\":10}', '1055', '127.0.0.1', '2019-06-03 17:35:03');
INSERT INTO `sys_deal_log` VALUES ('837', 'admin', '???????', 'com.example.demo.modules.sys.controller.MenuController.saveOrUpdate()', '{\"id\":1002025,\"icon\":\"\",\"menuName\":\"????\",\"url\":\"\",\"isShow\":0,\"permission\":\"\",\"menuType\":\"menu\",\"page\":1,\"rows\":10}', '97022', '127.0.0.1', '2019-06-03 17:38:20');
INSERT INTO `sys_deal_log` VALUES ('838', 'admin', '???????', 'com.example.demo.modules.sys.controller.MenuController.saveOrUpdate()', '{\"id\":1002026,\"icon\":\"glyphicon glyphicon-minus\",\"menuName\":\"????1\",\"url\":\"http://fashion.ifeng.com/a/20180815/40386451_0.shtml\",\"parentId\":1002025,\"isShow\":0,\"permission\":\"\",\"menuType\":\"api\",\"isSysMenu\":\"1\",\"page\":1,\"rows\":10}', '4750', '127.0.0.1', '2019-06-03 17:41:09');
INSERT INTO `sys_deal_log` VALUES ('839', 'admin', '????', 'com.example.demo.modules.sys.controller.MenuController.delete()', '1002026', '783', '127.0.0.1', '2019-06-03 17:43:16');
INSERT INTO `sys_deal_log` VALUES ('840', 'admin', '???????', 'com.example.demo.modules.sys.controller.MenuController.saveOrUpdate()', '{\"id\":1002027,\"icon\":\"glyphicon glyphicon-heart\",\"menuName\":\"123\",\"url\":\"http://fashion.ifeng.com/a/20180815/40386451_0.shtml\",\"parentId\":1001,\"isShow\":0,\"permission\":\"\",\"menuType\":\"api\",\"isSysMenu\":\"1\",\"page\":1,\"rows\":10}', '5317', '127.0.0.1', '2019-06-03 17:44:24');
INSERT INTO `sys_deal_log` VALUES ('841', 'admin', '???????', 'com.example.demo.modules.sys.controller.MenuController.saveOrUpdate()', '{\"id\":1002027,\"icon\":\"glyphicon glyphicon-heart\",\"menuName\":\"123\",\"url\":\"http://fashion.ifeng.com/a/20180815/40386451_0.shtml\",\"parentId\":1001,\"isShow\":0,\"permission\":\"sys:user:list\",\"menuType\":\"api\",\"page\":1,\"rows\":10}', '338', '127.0.0.1', '2019-06-03 17:45:30');
INSERT INTO `sys_deal_log` VALUES ('842', null, '????', 'com.example.demo.modules.sys.controller.LoginController.logout()', null, '0', '127.0.0.1', '2019-06-03 17:45:45');
INSERT INTO `sys_deal_log` VALUES ('843', 'admin', '????', 'com.example.demo.modules.sys.controller.LoginController.login()', '{\"username\":\"admin\",\"password\":\"123456\",\"page\":1,\"rows\":10}', '964', '127.0.0.1', '2019-06-03 17:45:51');
INSERT INTO `sys_deal_log` VALUES ('844', 'admin', '????', 'com.example.demo.modules.sys.controller.MenuController.delete()', '1002027', '687', '127.0.0.1', '2019-06-03 17:46:46');
INSERT INTO `sys_deal_log` VALUES ('845', 'admin', '????', 'com.example.demo.modules.sys.controller.MenuController.delete()', '1002027', '642', '127.0.0.1', '2019-06-03 17:46:47');
INSERT INTO `sys_deal_log` VALUES ('846', 'admin', '???????', 'com.example.demo.modules.sys.controller.MenuController.saveOrUpdate()', '{\"id\":1002005,\"icon\":\"glyphicon glyphicon-bookmark\",\"menuName\":\"??????\",\"url\":\"\",\"isShow\":0,\"permission\":\"\",\"menuType\":\"menu\",\"page\":1,\"rows\":10}', '361', '127.0.0.1', '2019-06-03 17:46:59');
INSERT INTO `sys_deal_log` VALUES ('847', 'admin', '????', 'com.example.demo.modules.sys.controller.LoginController.login()', '{\"username\":\"admin\",\"password\":\"123456\",\"page\":1,\"rows\":10}', '2461', '127.0.0.1', '2019-06-03 17:52:13');
INSERT INTO `sys_deal_log` VALUES ('848', 'admin', '???????', 'com.example.demo.modules.sys.controller.MenuController.saveOrUpdate()', '{\"id\":1001004,\"icon\":\"fa fa-mortar-board\",\"menuName\":\"????1\",\"url\":\"/sys/dept/list\",\"parentId\":1001,\"sort\":4,\"isShow\":0,\"permission\":\"sys:dept:list\",\"menuType\":\"api\",\"page\":1,\"rows\":10}', '380', '127.0.0.1', '2019-06-03 17:52:31');
INSERT INTO `sys_deal_log` VALUES ('849', 'admin', '????', 'com.example.demo.modules.sys.controller.LoginController.login()', '{\"username\":\"admin\",\"password\":\"123456\",\"page\":1,\"rows\":10}', '961', '127.0.0.1', '2019-06-03 17:55:33');
INSERT INTO `sys_deal_log` VALUES ('850', 'sys_admin', '用户登录', 'com.example.demo.modules.sys.controller.LoginController.login()', '{\"username\":\"sys_admin\",\"password\":\"123456\",\"page\":1,\"rows\":10}', '242', '115.60.194.184', '2019-06-03 23:26:14');
INSERT INTO `sys_deal_log` VALUES ('851', 'sys_admin', '用户登录', 'com.example.demo.modules.sys.controller.LoginController.login()', '{\"username\":\"sys_admin\",\"password\":\"123456\",\"page\":1,\"rows\":10}', '30', '115.60.194.184', '2019-06-03 23:26:42');
INSERT INTO `sys_deal_log` VALUES ('852', '邓俊辉', '用户登录', 'com.example.demo.modules.sys.controller.LoginController.login()', '{\"username\":\"邓俊辉\",\"password\":\"123456\",\"page\":1,\"rows\":10}', '369', '210.21.98.71', '2019-06-04 09:16:19');
INSERT INTO `sys_deal_log` VALUES ('853', null, '用户登录', 'com.example.demo.modules.sys.controller.LoginController.login()', '{\"username\":\"admin\",\"password\":\"admin\",\"page\":1,\"rows\":10}', '424', '118.242.19.26', '2019-06-04 11:24:31');
INSERT INTO `sys_deal_log` VALUES ('854', 'sys_admin', '用户登录', 'com.example.demo.modules.sys.controller.LoginController.login()', '{\"username\":\"sys_admin\",\"password\":\"123456\",\"page\":1,\"rows\":10}', '33', '118.242.19.26', '2019-06-04 11:24:42');
INSERT INTO `sys_deal_log` VALUES ('855', null, '????', 'com.example.demo.modules.sys.controller.LoginController.login()', '{\"username\":\"admin\",\"password\":\"12346\",\"page\":1,\"rows\":10}', '571', '127.0.0.1', '2019-06-04 14:28:06');
INSERT INTO `sys_deal_log` VALUES ('856', null, '????', 'com.example.demo.modules.sys.controller.LoginController.login()', '{\"username\":\"admin\",\"password\":\"huangmubin\",\"page\":1,\"rows\":10}', '384', '127.0.0.1', '2019-06-04 14:29:50');
INSERT INTO `sys_deal_log` VALUES ('857', null, '????', 'com.example.demo.modules.sys.controller.LoginController.login()', '{\"username\":\"huangmubin\",\"password\":\"123456\",\"page\":1,\"rows\":10}', '245', '127.0.0.1', '2019-06-04 14:29:57');
INSERT INTO `sys_deal_log` VALUES ('858', 'admin', '????', 'com.example.demo.modules.sys.controller.LoginController.login()', '{\"username\":\"admin\",\"password\":\"123456\",\"page\":1,\"rows\":10}', '873', '127.0.0.1', '2019-06-04 14:30:19');
INSERT INTO `sys_deal_log` VALUES ('859', 'sys_admin', '用户登录', 'com.example.demo.modules.sys.controller.LoginController.login()', '{\"username\":\"sys_admin\",\"password\":\"123456\",\"page\":1,\"rows\":10}', '54', '223.75.67.129', '2019-06-04 14:39:10');
INSERT INTO `sys_deal_log` VALUES ('860', 'admin', '????', 'com.example.demo.modules.sys.controller.LoginController.login()', '{\"username\":\"admin\",\"password\":\"123456\",\"page\":1,\"rows\":10}', '695', '127.0.0.1', '2019-06-04 15:22:45');
INSERT INTO `sys_deal_log` VALUES ('861', 'admin', '??????', 'com.example.demo.modules.sys.controller.MenuController.saveMenuPermission()', '1', '3904', '127.0.0.1', '2019-06-04 15:55:26');
INSERT INTO `sys_deal_log` VALUES ('862', 'admin', '??????', 'com.example.demo.modules.sys.controller.MenuController.saveMenuPermission()', '1', '7946', '127.0.0.1', '2019-06-04 15:55:33');
INSERT INTO `sys_deal_log` VALUES ('863', 'admin', '??????', 'com.example.demo.modules.sys.controller.MenuController.saveMenuPermission()', '1', '11943', '127.0.0.1', '2019-06-04 15:55:37');
INSERT INTO `sys_deal_log` VALUES ('864', 'admin', '??????', 'com.example.demo.modules.sys.controller.MenuController.saveMenuPermission()', '1', '15341', '127.0.0.1', '2019-06-04 15:55:41');
INSERT INTO `sys_deal_log` VALUES ('865', 'admin', '??????', 'com.example.demo.modules.sys.controller.MenuController.saveMenuPermission()', '1', '17494', '127.0.0.1', '2019-06-04 15:55:44');
INSERT INTO `sys_deal_log` VALUES ('866', 'admin', '??????', 'com.example.demo.modules.sys.controller.MenuController.saveMenuPermission()', '1', '19589', '127.0.0.1', '2019-06-04 15:55:47');
INSERT INTO `sys_deal_log` VALUES ('867', 'admin', '??????', 'com.example.demo.modules.sys.controller.MenuController.saveMenuPermission()', '1', '23602', '127.0.0.1', '2019-06-04 15:55:52');
INSERT INTO `sys_deal_log` VALUES ('868', 'admin', '??????', 'com.example.demo.modules.sys.controller.MenuController.saveMenuPermission()', '1', '22164', '127.0.0.1', '2019-06-04 15:55:55');
INSERT INTO `sys_deal_log` VALUES ('869', null, '????', 'com.example.demo.modules.sys.controller.LoginController.logout()', null, '4', '127.0.0.1', '2019-06-04 15:58:10');
INSERT INTO `sys_deal_log` VALUES ('870', 'admin', '????', 'com.example.demo.modules.sys.controller.LoginController.login()', '{\"username\":\"admin\",\"password\":\"123456\",\"page\":1,\"rows\":10}', '570', '127.0.0.1', '2019-06-04 15:58:21');
INSERT INTO `sys_deal_log` VALUES ('871', 'admin', '???????', 'com.example.demo.modules.sys.controller.MenuController.saveOrUpdate()', '{\"id\":1002017,\"icon\":\"glyphicon glyphicon-book\",\"menuName\":\"????\",\"url\":\"\",\"isShow\":0,\"permission\":\"\",\"menuType\":\"menu\",\"page\":1,\"rows\":10}', '223', '127.0.0.1', '2019-06-04 16:01:15');
INSERT INTO `sys_deal_log` VALUES ('872', 'sys_admin', '用户登录', 'com.example.demo.modules.sys.controller.LoginController.login()', '{\"username\":\"sys_admin\",\"password\":\"123456\",\"page\":1,\"rows\":10}', '258', '180.168.186.65', '2019-06-04 16:33:38');
INSERT INTO `sys_deal_log` VALUES ('873', 'sys_admin', '保存用户信息', 'com.example.demo.modules.sys.controller.UserController.saveOrUpdate()', '{\"id\":1,\"username\":\"admin\",\"realName\":\"叶良辰\",\"status\":0,\"email\":\"285688338@qq.com\",\"phone\":\"15566668888\",\"sex\":1,\"constellation\":\"--请选择--\",\"city\":\"河北\",\"address\":\"12\",\"page\":1,\"rows\":10}', '20', '180.168.186.65', '2019-06-04 16:34:03');
INSERT INTO `sys_deal_log` VALUES ('874', 'sys_admin', '删除用户', 'com.example.demo.modules.sys.controller.UserController.delete()', '1', '12', '180.168.186.65', '2019-06-04 16:34:07');
INSERT INTO `sys_deal_log` VALUES ('875', 'sys_admin', '保存部门信息', 'com.example.demo.modules.sys.controller.DeptController.saveOrUpdate()', '{\"id\":1002012,\"deptName\":\"2ds\",\"parentId\":1,\"sort\":1,\"icon\":\"glyphicon glyphicon-star\"}', '26', '180.168.186.65', '2019-06-04 16:34:39');
INSERT INTO `sys_deal_log` VALUES ('876', 'sys_admin', '保存部门信息', 'com.example.demo.modules.sys.controller.DeptController.saveOrUpdate()', '{\"id\":1002012,\"deptName\":\"3sd\",\"parentId\":1002012,\"sort\":1,\"icon\":\"glyphicon glyphicon-th-list\"}', '142', '180.168.186.65', '2019-06-04 16:34:54');
INSERT INTO `sys_deal_log` VALUES ('877', 'sys_admin', '批量删除文件', 'com.example.demo.modules.file.controller.MyFileController.batchDelete()', '[31]', '10', '180.168.186.65', '2019-06-04 16:35:36');
INSERT INTO `sys_deal_log` VALUES ('878', 'admin', '????', 'com.example.demo.modules.sys.controller.LoginController.login()', '{\"username\":\"admin\",\"password\":\"123456\",\"page\":1,\"rows\":10}', '672', '127.0.0.1', '2019-06-04 22:13:59');
INSERT INTO `sys_deal_log` VALUES ('879', 'admin', '??????', 'com.example.demo.modules.sys.controller.UserController.saveOrUpdate()', '{\"id\":1,\"username\":\"admin\",\"realName\":\"????\",\"status\":0,\"email\":\"285688338@qq.com\",\"phone\":\"15566668888\",\"sex\":1,\"constellation\":\"--???--\",\"city\":\"??\",\"address\":\"12\",\"page\":1,\"rows\":10}', '225', '127.0.0.1', '2019-06-04 22:14:14');
INSERT INTO `sys_deal_log` VALUES ('880', 'admin', '??????', 'com.example.demo.modules.sys.controller.UserController.saveOrUpdate()', '{\"id\":1,\"username\":\"admin\",\"realName\":\"??\",\"status\":0,\"email\":\"285688338@qq.com\",\"phone\":\"15566668888\",\"sex\":1,\"constellation\":\"--???--\",\"city\":\"??\",\"address\":\"12\",\"page\":1,\"rows\":10}', '236', '127.0.0.1', '2019-06-04 22:14:33');
INSERT INTO `sys_deal_log` VALUES ('881', 'admin', '??????', 'com.example.demo.modules.sys.controller.UserController.saveOrUpdate()', '{\"id\":1,\"username\":\"admin\",\"realName\":\"??qq\",\"status\":0,\"email\":\"285688338@qq.com\",\"phone\":\"15566668888\",\"sex\":1,\"constellation\":\"--???--\",\"city\":\"??\",\"address\":\"12\",\"page\":1,\"rows\":10}', '229', '127.0.0.1', '2019-06-04 22:14:42');
INSERT INTO `sys_deal_log` VALUES ('882', 'admin', '??????', 'com.example.demo.modules.sys.controller.UserController.saveOrUpdate()', '{\"id\":206,\"username\":\"wanghaohao\",\"realName\":\"wanghaohao\",\"status\":0,\"email\":\"11341561111@qq.com\",\"phone\":\"18512345678\",\"sex\":0,\"constellation\":\"--???--\",\"city\":\"shandong\",\"address\":\"1111\",\"page\":1,\"rows\":10}', '216', '127.0.0.1', '2019-06-04 22:15:40');
INSERT INTO `sys_deal_log` VALUES ('883', 'admin', '????', 'com.example.demo.modules.sys.controller.LoginController.login()', '{\"username\":\"admin\",\"password\":\"123456\",\"page\":1,\"rows\":10}', '864', '127.0.0.1', '2019-06-04 22:26:05');
INSERT INTO `sys_deal_log` VALUES ('884', 'admin', '????', 'com.example.demo.modules.sys.controller.LoginController.login()', '{\"username\":\"admin\",\"password\":\"123456\",\"page\":1,\"rows\":10}', '759', '127.0.0.1', '2019-06-04 22:28:02');
INSERT INTO `sys_deal_log` VALUES ('885', null, '????', 'com.example.demo.modules.sys.controller.LoginController.login()', '{\"username\":\"sJun\",\"password\":\"abc5201314.\",\"page\":1,\"rows\":10}', '305', '127.0.0.1', '2019-06-04 22:34:37');
INSERT INTO `sys_deal_log` VALUES ('886', null, '????', 'com.example.demo.modules.sys.controller.LoginController.login()', '{\"username\":\"sJun\",\"password\":\"abc5201314.\",\"page\":1,\"rows\":10}', '230', '127.0.0.1', '2019-06-04 22:34:38');
INSERT INTO `sys_deal_log` VALUES ('887', null, '????', 'com.example.demo.modules.sys.controller.LoginController.login()', '{\"username\":\"ADMIN\",\"password\":\"abc5201314.\",\"page\":1,\"rows\":10}', '361', '127.0.0.1', '2019-06-04 22:34:44');
INSERT INTO `sys_deal_log` VALUES ('888', null, '????', 'com.example.demo.modules.sys.controller.LoginController.login()', '{\"username\":\"admin\",\"password\":\"abc5201314.\",\"page\":1,\"rows\":10}', '338', '127.0.0.1', '2019-06-04 22:34:47');
INSERT INTO `sys_deal_log` VALUES ('889', 'admin', '????', 'com.example.demo.modules.sys.controller.LoginController.login()', '{\"username\":\"admin\",\"password\":\"123456\",\"page\":1,\"rows\":10}', '599', '127.0.0.1', '2019-06-04 22:34:53');
INSERT INTO `sys_deal_log` VALUES ('890', '邓俊辉', '用户登录', 'com.example.demo.modules.sys.controller.LoginController.login()', '{\"username\":\"邓俊辉\",\"password\":\"123456\",\"page\":1,\"rows\":10}', '387', '210.21.98.71', '2019-06-05 09:21:52');
INSERT INTO `sys_deal_log` VALUES ('891', 'sys_admin', '用户登录', 'com.example.demo.modules.sys.controller.LoginController.login()', '{\"username\":\"sys_admin\",\"password\":\"123456\",\"page\":1,\"rows\":10}', '37', '60.191.94.118', '2019-06-05 09:27:52');
INSERT INTO `sys_deal_log` VALUES ('892', 'admin', '????', 'com.example.demo.modules.sys.controller.LoginController.login()', '{\"username\":\"admin\",\"password\":\"123456\",\"page\":1,\"rows\":10}', '829', '127.0.0.1', '2019-06-05 14:30:06');
INSERT INTO `sys_deal_log` VALUES ('893', '邓俊辉', '用户登录', 'com.example.demo.modules.sys.controller.LoginController.login()', '{\"username\":\"邓俊辉\",\"password\":\"123456\",\"page\":1,\"rows\":10}', '437', '223.74.65.231', '2019-06-05 20:57:52');
INSERT INTO `sys_deal_log` VALUES ('894', 'admin', '????', 'com.example.demo.modules.sys.controller.LoginController.login()', '{\"username\":\"admin\",\"password\":\"123456\",\"page\":1,\"rows\":10}', '565', '127.0.0.1', '2019-06-05 21:33:53');
INSERT INTO `sys_deal_log` VALUES ('895', 'admin', '??????', 'com.example.demo.modules.sys.controller.UserController.saveOrUpdate()', '{\"id\":1,\"username\":\"admin\",\"realName\":\"??\",\"status\":0,\"email\":\"285688338@qq.com\",\"phone\":\"15566668888\",\"sex\":1,\"constellation\":\"--???--\",\"city\":\"??\",\"address\":\"12\",\"page\":1,\"rows\":10}', '288', '127.0.0.1', '2019-06-05 21:45:13');
INSERT INTO `sys_deal_log` VALUES ('896', 'admin', '??????', 'com.example.demo.modules.sys.controller.DeptController.saveOrUpdate()', '{\"id\":1002013,\"deptName\":\"1111\",\"parentId\":1,\"sort\":1,\"icon\":\"glyphicon glyphicon-euro\"}', '668', '127.0.0.1', '2019-06-05 21:45:44');
INSERT INTO `sys_deal_log` VALUES ('897', 'admin', '??????', 'com.example.demo.modules.sys.controller.DeptController.saveOrUpdate()', '{\"deptName\":\"1111\",\"parentId\":1,\"sort\":1,\"icon\":\"glyphicon glyphicon-euro\"}', '6937', '127.0.0.1', '2019-06-05 21:45:45');
INSERT INTO `sys_deal_log` VALUES ('898', 'admin', '????', 'com.example.demo.modules.sys.controller.DeptController.delete()', '1002013', '213', '127.0.0.1', '2019-06-05 21:45:52');
INSERT INTO `sys_deal_log` VALUES ('899', 'admin', '????', 'com.example.demo.modules.sys.controller.LoginController.login()', '{\"username\":\"admin\",\"password\":\"123456\",\"page\":1,\"rows\":10}', '566', '127.0.0.1', '2019-06-05 22:10:35');
INSERT INTO `sys_deal_log` VALUES ('900', 'admin', '用户登录', 'com.example.demo.modules.sys.controller.LoginController.login()', '{\"username\":\"admin\",\"password\":\"123456\",\"page\":1,\"rows\":10}', '545', '221.192.178.104', '2019-06-06 09:18:10');
INSERT INTO `sys_deal_log` VALUES ('901', '邓俊辉', '用户登录', 'com.example.demo.modules.sys.controller.LoginController.login()', '{\"username\":\"邓俊辉\",\"password\":\"123456\",\"page\":1,\"rows\":10}', '357', '210.21.98.71', '2019-06-06 10:18:43');
INSERT INTO `sys_deal_log` VALUES ('902', null, '????', 'com.example.demo.modules.sys.controller.LoginController.login()', '{\"username\":\"???\",\"password\":\"123456\",\"page\":1,\"rows\":10}', '220', '127.0.0.1', '2019-06-06 22:11:32');
INSERT INTO `sys_deal_log` VALUES ('903', 'admin', '????', 'com.example.demo.modules.sys.controller.LoginController.login()', '{\"username\":\"admin\",\"password\":\"123456\",\"page\":1,\"rows\":10}', '183', '127.0.0.1', '2019-06-06 22:11:36');
INSERT INTO `sys_deal_log` VALUES ('904', 'admin', '用户登录', 'com.example.demo.modules.sys.controller.LoginController.login()', '{\"username\":\"admin\",\"password\":\"123456\",\"page\":1,\"rows\":10}', '342', '223.74.65.231', '2019-06-06 22:20:15');
INSERT INTO `sys_deal_log` VALUES ('905', 'admin', '新增或修改菜单', 'com.example.demo.modules.sys.controller.MenuController.saveOrUpdate()', '{\"id\":1001004,\"icon\":\"fa fa-mortar-board\",\"menuName\":\"部门管理\",\"url\":\"/sys/dept/list\",\"parentId\":1001,\"sort\":4,\"isShow\":0,\"permission\":\"sys:dept:list\",\"menuType\":\"api\",\"page\":1,\"rows\":10}', '190', '223.74.65.231', '2019-06-06 22:20:50');
INSERT INTO `sys_deal_log` VALUES ('906', 'admin', '删除菜单', 'com.example.demo.modules.sys.controller.MenuController.delete()', '1002013', '14', '223.74.65.231', '2019-06-06 22:20:59');
INSERT INTO `sys_deal_log` VALUES ('907', 'admin', '新增或修改菜单', 'com.example.demo.modules.sys.controller.MenuController.saveOrUpdate()', '{\"id\":1002005,\"icon\":\"glyphicon glyphicon-bookmark\",\"menuName\":\"图书管理系统\",\"url\":\"\",\"isShow\":0,\"permission\":\"\",\"menuType\":\"menu\",\"page\":1,\"rows\":10}', '33', '223.74.65.231', '2019-06-06 22:21:23');
INSERT INTO `sys_deal_log` VALUES ('908', 'admin', '删除菜单', 'com.example.demo.modules.sys.controller.MenuController.delete()', '1002025', '47', '223.74.65.231', '2019-06-06 22:21:42');
INSERT INTO `sys_deal_log` VALUES ('909', 'admin', '新增或修改菜单', 'com.example.demo.modules.sys.controller.MenuController.saveOrUpdate()', '{\"id\":1002017,\"icon\":\"glyphicon glyphicon-book\",\"menuName\":\"文件管理\",\"url\":\"\",\"isShow\":0,\"permission\":\"\",\"menuType\":\"menu\",\"page\":1,\"rows\":10}', '27', '223.74.65.231', '2019-06-06 22:22:13');
INSERT INTO `sys_deal_log` VALUES ('910', 'admin', '保存菜单权限', 'com.example.demo.modules.sys.controller.MenuController.saveMenuPermission()', '1', '258', '223.74.65.231', '2019-06-06 22:23:02');
INSERT INTO `sys_deal_log` VALUES ('911', 'admin', '新增或修改菜单', 'com.example.demo.modules.sys.controller.MenuController.saveOrUpdate()', '{\"id\":1002019,\"icon\":\"glyphicon glyphicon-heart\",\"menuName\":\"API\",\"url\":\"http://47.112.26.69:9009/swagger-ui.html\",\"parentId\":1002014,\"isShow\":0,\"permission\":\"data:swagger\",\"menuType\":\"api\",\"page\":1,\"rows\":10}', '127', '223.74.65.231', '2019-06-06 22:25:44');
INSERT INTO `sys_deal_log` VALUES ('912', 'admin', '新增或修改菜单', 'com.example.demo.modules.sys.controller.MenuController.saveOrUpdate()', '{\"id\":1002016,\"icon\":\"glyphicon glyphicon-list-alt\",\"menuName\":\"系统日志\",\"url\":\"/sys/log/list\",\"parentId\":1002014,\"isShow\":0,\"permission\":\"sys:log:list\",\"menuType\":\"api\",\"page\":1,\"rows\":10}', '16', '223.74.65.231', '2019-06-06 22:26:12');
INSERT INTO `sys_deal_log` VALUES ('913', 'admin', '新增或修改菜单', 'com.example.demo.modules.sys.controller.MenuController.saveOrUpdate()', '{\"id\":1002,\"icon\":\"fa fa-pie-chart\",\"menuName\":\"基础数据管理\",\"url\":\"\",\"sort\":2,\"isShow\":0,\"permission\":\"\",\"menuType\":\"menu\",\"page\":1,\"rows\":10}', '21', '223.74.65.231', '2019-06-06 22:27:41');
INSERT INTO `sys_deal_log` VALUES ('914', 'admin', '????', 'com.example.demo.modules.sys.controller.LoginController.login()', '{\"username\":\"admin\",\"password\":\"123456\",\"page\":1,\"rows\":10}', '328', '127.0.0.1', '2019-06-06 22:29:15');
INSERT INTO `sys_deal_log` VALUES ('915', 'admin', '???????', 'com.example.demo.modules.sys.controller.MenuController.saveOrUpdate()', '{\"id\":1001004,\"icon\":\"fa fa-mortar-board\",\"menuName\":\"????\",\"url\":\"/sys/dept/list\",\"parentId\":1001,\"sort\":4,\"isShow\":0,\"permission\":\"sys:dept:list\",\"menuType\":\"api\",\"page\":1,\"rows\":10}', '186392', '127.0.0.1', '2019-06-06 22:32:36');
INSERT INTO `sys_deal_log` VALUES ('916', 'admin', '???????', 'com.example.demo.modules.sys.controller.MenuController.saveOrUpdate()', '{\"id\":1001004,\"icon\":\"fa fa-mortar-board\",\"menuName\":\"????\",\"url\":\"/sys/dept/list\",\"parentId\":1001,\"sort\":4,\"isShow\":0,\"permission\":\"sys:dept:list\",\"menuType\":\"api\",\"page\":1,\"rows\":10}', '24522', '127.0.0.1', '2019-06-06 22:33:29');
INSERT INTO `sys_deal_log` VALUES ('917', 'admin', '????', 'com.example.demo.modules.sys.controller.LoginController.login()', '{\"username\":\"admin\",\"password\":\"123456\",\"page\":1,\"rows\":10}', '515', '127.0.0.1', '2019-06-06 22:42:42');
INSERT INTO `sys_deal_log` VALUES ('918', 'admin', '????', 'com.example.demo.modules.sys.controller.UserController.delete()', '206', '124', '127.0.0.1', '2019-06-06 22:42:56');
INSERT INTO `sys_deal_log` VALUES ('919', 'admin', '????', 'com.example.demo.modules.sys.controller.MenuController.delete()', '1002018', '55', '127.0.0.1', '2019-06-06 22:43:15');
INSERT INTO `sys_deal_log` VALUES ('920', 'admin', '????', 'com.example.demo.modules.sys.controller.LoginController.login()', '{\"username\":\"admin\",\"password\":\"123456\",\"page\":1,\"rows\":10}', '398', '127.0.0.1', '2019-06-06 22:54:36');
INSERT INTO `sys_deal_log` VALUES ('921', 'admin', '????', 'com.example.demo.modules.sys.controller.RoleController.saveOrUpdate()', '{\"id\":11,\"roleName\":\"???\",\"remark\":\"\",\"status\":0,\"createTime\":\"Jun 6, 2019 10:55:30 PM\",\"roleType\":1,\"page\":1,\"rows\":10}', '111', '127.0.0.1', '2019-06-06 22:55:30');
INSERT INTO `sys_deal_log` VALUES ('922', 'admin', '????', 'com.example.demo.modules.sys.controller.RoleController.saveOrUpdate()', '{\"id\":11,\"roleName\":\"???\",\"remark\":\"\",\"status\":0,\"page\":1,\"rows\":10}', '118', '127.0.0.1', '2019-06-06 22:55:56');
INSERT INTO `sys_deal_log` VALUES ('923', 'admin', '????', 'com.example.demo.modules.sys.controller.RoleController.delete()', '11', '81', '127.0.0.1', '2019-06-06 22:56:19');
INSERT INTO `sys_deal_log` VALUES ('924', 'admin', '????', 'com.example.demo.modules.sys.controller.RoleController.saveOrUpdate()', '{\"id\":6,\"roleName\":\"?????\",\"remark\":\"?????\",\"status\":0,\"page\":1,\"rows\":10}', '69', '127.0.0.1', '2019-06-06 22:56:37');
INSERT INTO `sys_deal_log` VALUES ('925', 'admin', '????', 'com.example.demo.modules.sys.controller.RoleController.delete()', '6', '67', '127.0.0.1', '2019-06-06 22:56:41');
INSERT INTO `sys_deal_log` VALUES ('926', '邓俊辉', '用户登录', 'com.example.demo.modules.sys.controller.LoginController.login()', '{\"username\":\"邓俊辉\",\"password\":\"123456\",\"page\":1,\"rows\":10}', '47', '223.74.65.231', '2019-06-06 22:57:10');
INSERT INTO `sys_deal_log` VALUES ('927', null, '用户登出', 'com.example.demo.modules.sys.controller.LoginController.logout()', null, '1', '223.74.65.231', '2019-06-06 22:57:13');
INSERT INTO `sys_deal_log` VALUES ('928', 'admin', '用户登录', 'com.example.demo.modules.sys.controller.LoginController.login()', '{\"username\":\"admin\",\"password\":\"123456\",\"page\":1,\"rows\":10}', '79', '223.74.65.231', '2019-06-06 22:57:20');
INSERT INTO `sys_deal_log` VALUES ('929', 'admin', '新增或修改菜单', 'com.example.demo.modules.sys.controller.MenuController.saveOrUpdate()', '{\"id\":1001004,\"icon\":\"fa fa-mortar-board\",\"menuName\":\"部门管理\",\"url\":\"/sys/dept/list\",\"parentId\":1001,\"sort\":4,\"isShow\":0,\"permission\":\"sys:dept:list\",\"menuType\":\"api\",\"page\":1,\"rows\":10}', '20', '223.74.65.231', '2019-06-06 22:57:46');
INSERT INTO `sys_deal_log` VALUES ('930', 'admin', '保存角色', 'com.example.demo.modules.sys.controller.RoleController.saveOrUpdate()', '{\"id\":12,\"roleName\":\"测试员\",\"remark\":\"\",\"status\":0,\"createTime\":\"Jun 6, 2019 10:58:03 PM\",\"roleType\":1,\"page\":1,\"rows\":10}', '27', '223.74.65.231', '2019-06-06 22:58:03');
INSERT INTO `sys_deal_log` VALUES ('931', 'admin', '保存角色', 'com.example.demo.modules.sys.controller.RoleController.saveOrUpdate()', '{\"id\":12,\"roleName\":\"测试员\",\"remark\":\"请不要删\",\"status\":0,\"page\":1,\"rows\":10}', '16', '223.74.65.231', '2019-06-06 22:58:17');
INSERT INTO `sys_deal_log` VALUES ('932', 'admin', '删除角色', 'com.example.demo.modules.sys.controller.RoleController.delete()', '10', '18', '223.74.65.231', '2019-06-06 22:58:21');
INSERT INTO `sys_deal_log` VALUES ('933', 'admin', '保存菜单权限', 'com.example.demo.modules.sys.controller.MenuController.saveMenuPermission()', '12', '199', '223.74.65.231', '2019-06-06 22:59:00');
INSERT INTO `sys_deal_log` VALUES ('934', null, '用户登出', 'com.example.demo.modules.sys.controller.LoginController.logout()', null, '1', '223.74.65.231', '2019-06-06 22:59:13');
INSERT INTO `sys_deal_log` VALUES ('935', 'sys_admin', '用户登录', 'com.example.demo.modules.sys.controller.LoginController.login()', '{\"username\":\"sys_admin\",\"password\":\"123456\",\"page\":1,\"rows\":10}', '134', '223.74.65.231', '2019-06-06 22:59:21');
INSERT INTO `sys_deal_log` VALUES ('936', 'admin', '???????', 'com.example.demo.modules.sys.controller.MenuController.saveOrUpdate()', '{\"id\":1002018,\"icon\":\"glyphicon glyphicon-th-list\",\"menuName\":\"????\",\"url\":\"/myfile/fileList\",\"parentId\":1002017,\"isShow\":0,\"permission\":\"myfile:fileList\",\"menuType\":\"api\",\"isSysMenu\":\"0\",\"page\":1,\"rows\":10}', '47', '127.0.0.1', '2019-06-06 23:01:36');
INSERT INTO `sys_deal_log` VALUES ('937', 'admin', '???????', 'com.example.demo.modules.sys.controller.MenuController.saveOrUpdate()', '{\"id\":1002018,\"icon\":\"glyphicon glyphicon-th-list\",\"menuName\":\"????\",\"url\":\"/myfile/fileList\",\"parentId\":1002017,\"isShow\":0,\"permission\":\"myfile:fileList\",\"menuType\":\"api\",\"isSysMenu\":\"0\",\"page\":1,\"rows\":10}', '43', '127.0.0.1', '2019-06-06 23:01:47');
INSERT INTO `sys_deal_log` VALUES ('938', 'admin', '???????', 'com.example.demo.modules.sys.controller.MenuController.saveOrUpdate()', '{\"id\":1001003,\"icon\":\"fa fa-sitemap\",\"menuName\":\"????\",\"url\":\"/sys/menu/list\",\"parentId\":1001,\"sort\":3,\"isShow\":0,\"permission\":\"sys:menu:list\",\"menuType\":\"api\",\"isSysMenu\":\"0\",\"page\":1,\"rows\":10}', '53', '127.0.0.1', '2019-06-06 23:04:33');
INSERT INTO `sys_deal_log` VALUES ('939', 'admin', '???????', 'com.example.demo.modules.sys.controller.MenuController.saveOrUpdate()', '{\"id\":1001003,\"icon\":\"fa fa-sitemap\",\"menuName\":\"????\",\"url\":\"/sys/menu/list\",\"parentId\":1001,\"sort\":3,\"isShow\":0,\"permission\":\"sys:menu:list\",\"menuType\":\"api\",\"isSysMenu\":\"0\",\"page\":1,\"rows\":10}', '94000', '127.0.0.1', '2019-06-06 23:06:17');
INSERT INTO `sys_deal_log` VALUES ('940', 'admin', '???????', 'com.example.demo.modules.sys.controller.MenuController.saveOrUpdate()', '{\"id\":1001003,\"icon\":\"fa fa-sitemap\",\"menuName\":\"????\",\"url\":\"/sys/menu/list\",\"parentId\":1001,\"sort\":3,\"isShow\":0,\"permission\":\"sys:menu:list\",\"menuType\":\"api\",\"isSysMenu\":\"0\",\"page\":1,\"rows\":10}', '52584', '127.0.0.1', '2019-06-06 23:07:14');
INSERT INTO `sys_deal_log` VALUES ('941', 'admin', '????', 'com.example.demo.modules.sys.controller.LoginController.login()', '{\"username\":\"admin\",\"password\":\"123456\",\"page\":1,\"rows\":10}', '263', '127.0.0.1', '2019-06-06 23:10:16');
INSERT INTO `sys_deal_log` VALUES ('942', null, '????', 'com.example.demo.modules.sys.controller.LoginController.logout()', null, '1', '127.0.0.1', '2019-06-06 23:10:20');
INSERT INTO `sys_deal_log` VALUES ('943', 'sys_admin', '????', 'com.example.demo.modules.sys.controller.LoginController.login()', '{\"username\":\"sys_admin\",\"password\":\"123456\",\"page\":1,\"rows\":10}', '170', '127.0.0.1', '2019-06-06 23:10:27');
INSERT INTO `sys_deal_log` VALUES ('944', 'sys_admin', '???????', 'com.example.demo.modules.sys.controller.MenuController.saveOrUpdate()', '{\"id\":1001003,\"icon\":\"fa fa-sitemap\",\"menuName\":\"????\",\"url\":\"/sys/menu/list\",\"parentId\":1001,\"sort\":3,\"isShow\":0,\"permission\":\"sys:menu:list\",\"menuType\":\"api\",\"isSysMenu\":\"0\",\"page\":1,\"rows\":10}', '48', '127.0.0.1', '2019-06-06 23:10:38');
INSERT INTO `sys_deal_log` VALUES ('945', 'sys_admin', '????', 'com.example.demo.modules.sys.controller.LoginController.login()', '{\"username\":\"sys_admin\",\"password\":\"123456\",\"page\":1,\"rows\":10}', '468', '127.0.0.1', '2019-06-06 23:13:21');
INSERT INTO `sys_deal_log` VALUES ('946', 'sys_admin', '???????', 'com.example.demo.modules.sys.controller.MenuController.saveOrUpdate()', '{\"id\":1001004,\"icon\":\"fa fa-mortar-board\",\"menuName\":\"????\",\"url\":\"/sys/dept/list\",\"parentId\":1001,\"sort\":4,\"isShow\":0,\"permission\":\"sys:dept:list\",\"menuType\":\"api\",\"isSysMenu\":\"0\",\"page\":1,\"rows\":10}', '47', '127.0.0.1', '2019-06-06 23:13:27');
INSERT INTO `sys_deal_log` VALUES ('947', 'sys_admin', '????', 'com.example.demo.modules.sys.controller.LoginController.login()', '{\"username\":\"sys_admin\",\"password\":\"123456\",\"page\":1,\"rows\":10}', '259', '127.0.0.1', '2019-06-06 23:17:48');
INSERT INTO `sys_deal_log` VALUES ('948', 'sys_admin', '????', 'com.example.demo.modules.sys.controller.LoginController.login()', '{\"username\":\"sys_admin\",\"password\":\"123456\",\"page\":1,\"rows\":10}', '307', '127.0.0.1', '2019-06-06 23:26:23');
INSERT INTO `sys_deal_log` VALUES ('949', 'sys_admin', '????', 'com.example.demo.modules.sys.controller.LoginController.login()', '{\"username\":\"sys_admin\",\"password\":\"123456\",\"page\":1,\"rows\":10}', '368', '127.0.0.1', '2019-06-06 23:30:29');

-- ----------------------------
-- Table structure for sys_dept
-- ----------------------------
DROP TABLE IF EXISTS `sys_dept`;
CREATE TABLE `sys_dept` (
  `id` int(11) NOT NULL AUTO_INCREMENT,
  `dept_name` varchar(255) DEFAULT NULL,
  `parent_id` int(11) DEFAULT NULL,
  `sort` int(11) DEFAULT NULL,
  `icon` varchar(50) DEFAULT NULL COMMENT '图标',
  PRIMARY KEY (`id`)
) ENGINE=InnoDB AUTO_INCREMENT=1002014 DEFAULT CHARSET=utf8;

-- ----------------------------
-- Records of sys_dept
-- ----------------------------
INSERT INTO `sys_dept` VALUES ('1', '总公司', null, '1', 'fa fa-group');
INSERT INTO `sys_dept` VALUES ('1001', '北京分公司', '1', '1', 'fa fa-group');
INSERT INTO `sys_dept` VALUES ('1002', '广州分公司', '1', '2', 'fa fa-group');
INSERT INTO `sys_dept` VALUES ('1003', '长沙分公司', '1', '3', 'fa fa-group');
INSERT INTO `sys_dept` VALUES ('1001001', '规划部', '1001', null, 'glyphicon glyphicon-screenshot');
INSERT INTO `sys_dept` VALUES ('1001002', '总经办', '1001', '88', 'glyphicon glyphicon-folder-close');
INSERT INTO `sys_dept` VALUES ('1002001', '人事部', '1002', null, 'glyphicon glyphicon-user');
INSERT INTO `sys_dept` VALUES ('1002002', '开发部', '1003', '4', 'fa fa-cloud');
INSERT INTO `sys_dept` VALUES ('1002003', '需求组', '1002002', '1', 'glyphicon glyphicon-time');
INSERT INTO `sys_dept` VALUES ('1002004', '前端组', '1002002', '3', 'glyphicon glyphicon-euro');
INSERT INTO `sys_dept` VALUES ('1002006', '开发部', '1002', null, 'fa fa-cloud');
INSERT INTO `sys_dept` VALUES ('1002008', '大数据研发', '1003', '1', 'glyphicon glyphicon-star');
INSERT INTO `sys_dept` VALUES ('1002010', '搬砖部', '1001', '1', 'glyphicon glyphicon-minus');
INSERT INTO `sys_dept` VALUES ('1002012', '3sd', '1002012', '1', 'glyphicon glyphicon-th-list');

-- ----------------------------
-- Table structure for sys_dept_user
-- ----------------------------
DROP TABLE IF EXISTS `sys_dept_user`;
CREATE TABLE `sys_dept_user` (
  `id` int(11) NOT NULL AUTO_INCREMENT,
  `user_id` int(11) DEFAULT NULL,
  `dept_id` int(11) DEFAULT NULL,
  `ismaster` int(11) DEFAULT '1' COMMENT '是否是主管 0是 1否',
  PRIMARY KEY (`id`)
) ENGINE=InnoDB AUTO_INCREMENT=78 DEFAULT CHARSET=utf8;

-- ----------------------------
-- Records of sys_dept_user
-- ----------------------------
INSERT INTO `sys_dept_user` VALUES ('7', '10', '1001001', '1');
INSERT INTO `sys_dept_user` VALUES ('8', '1', '1001001', '0');
INSERT INTO `sys_dept_user` VALUES ('9', '9', '1001001', '1');
INSERT INTO `sys_dept_user` VALUES ('12', '14', '1001001', '1');
INSERT INTO `sys_dept_user` VALUES ('13', '13', '1001001', '1');
INSERT INTO `sys_dept_user` VALUES ('14', '12', '1001001', '1');
INSERT INTO `sys_dept_user` VALUES ('15', '11', '1001001', '1');
INSERT INTO `sys_dept_user` VALUES ('16', '26', '1001001', '1');
INSERT INTO `sys_dept_user` VALUES ('17', '25', '1001001', '1');
INSERT INTO `sys_dept_user` VALUES ('18', '24', '1001001', '1');
INSERT INTO `sys_dept_user` VALUES ('19', '15', '1001001', '1');
INSERT INTO `sys_dept_user` VALUES ('20', '1', '1001002', '0');
INSERT INTO `sys_dept_user` VALUES ('21', '10', '1001002', '1');
INSERT INTO `sys_dept_user` VALUES ('22', '9', '1001002', '1');
INSERT INTO `sys_dept_user` VALUES ('23', '12', '1001002', '1');
INSERT INTO `sys_dept_user` VALUES ('24', '14', '1001002', '1');
INSERT INTO `sys_dept_user` VALUES ('25', '24', '1001002', '1');
INSERT INTO `sys_dept_user` VALUES ('26', '202', '1001002', '1');
INSERT INTO `sys_dept_user` VALUES ('27', '197', '1001002', '1');
INSERT INTO `sys_dept_user` VALUES ('28', '200', '1001002', '1');
INSERT INTO `sys_dept_user` VALUES ('29', '33', '1002007', '1');
INSERT INTO `sys_dept_user` VALUES ('30', '9', '1002007', '1');
INSERT INTO `sys_dept_user` VALUES ('31', '36', '1002007', '1');
INSERT INTO `sys_dept_user` VALUES ('32', '38', '1002007', '1');
INSERT INTO `sys_dept_user` VALUES ('33', '43', '1002007', '1');
INSERT INTO `sys_dept_user` VALUES ('34', '201', '1002007', '1');
INSERT INTO `sys_dept_user` VALUES ('35', '34', '1001', '1');
INSERT INTO `sys_dept_user` VALUES ('36', '35', '1001', '1');
INSERT INTO `sys_dept_user` VALUES ('37', '46', '1001', '1');
INSERT INTO `sys_dept_user` VALUES ('38', '52', '1001', '1');
INSERT INTO `sys_dept_user` VALUES ('39', '200', '1001', '0');
INSERT INTO `sys_dept_user` VALUES ('40', '198', '1', '1');
INSERT INTO `sys_dept_user` VALUES ('41', '188', '1', '1');
INSERT INTO `sys_dept_user` VALUES ('42', '181', '1', '1');
INSERT INTO `sys_dept_user` VALUES ('43', '48', '1', '1');
INSERT INTO `sys_dept_user` VALUES ('44', '43', '1', '1');
INSERT INTO `sys_dept_user` VALUES ('48', '60', '1', '1');
INSERT INTO `sys_dept_user` VALUES ('49', '57', '1', '1');
INSERT INTO `sys_dept_user` VALUES ('51', '12', '1', '1');
INSERT INTO `sys_dept_user` VALUES ('52', '9', '1002008', '1');
INSERT INTO `sys_dept_user` VALUES ('53', '12', '1002008', '0');
INSERT INTO `sys_dept_user` VALUES ('54', '188', '1002008', '1');
INSERT INTO `sys_dept_user` VALUES ('55', '187', '1002008', '1');
INSERT INTO `sys_dept_user` VALUES ('56', '11', '1002008', '1');
INSERT INTO `sys_dept_user` VALUES ('57', '206', '1002009', '0');
INSERT INTO `sys_dept_user` VALUES ('58', '194', '1002009', '1');
INSERT INTO `sys_dept_user` VALUES ('59', '9', '1002009', '1');
INSERT INTO `sys_dept_user` VALUES ('60', '187', '1002009', '1');
INSERT INTO `sys_dept_user` VALUES ('61', '12', '1002009', '1');
INSERT INTO `sys_dept_user` VALUES ('62', '195', '1002007', '1');
INSERT INTO `sys_dept_user` VALUES ('63', '12', '1002007', '1');
INSERT INTO `sys_dept_user` VALUES ('64', '188', '1002007', '1');
INSERT INTO `sys_dept_user` VALUES ('65', '1', '1002007', '1');
INSERT INTO `sys_dept_user` VALUES ('66', '209', '1002007', '1');
INSERT INTO `sys_dept_user` VALUES ('67', '210', '1002007', '0');
INSERT INTO `sys_dept_user` VALUES ('68', '206', '1', '0');
INSERT INTO `sys_dept_user` VALUES ('69', '209', '1', '1');
INSERT INTO `sys_dept_user` VALUES ('70', '211', '1', '1');
INSERT INTO `sys_dept_user` VALUES ('71', '208', '1', '1');
INSERT INTO `sys_dept_user` VALUES ('74', '206', '1002003', '1');
INSERT INTO `sys_dept_user` VALUES ('75', '206', '1002001', '1');
INSERT INTO `sys_dept_user` VALUES ('76', '206', '1002006', '1');
INSERT INTO `sys_dept_user` VALUES ('77', '1', '1002010', '1');

-- ----------------------------
-- Table structure for sys_dict
-- ----------------------------
DROP TABLE IF EXISTS `sys_dict`;
CREATE TABLE `sys_dict` (
  `id` int(200) NOT NULL,
  `dict_name` varchar(100) DEFAULT NULL COMMENT '数据字典名称',
  `dict_value` varchar(100) DEFAULT NULL COMMENT '数据字典值',
  `dict_level` int(4) DEFAULT NULL COMMENT '数据字典类型',
  `dict_state` int(4) DEFAULT NULL COMMENT '数据字典状态',
  `parent_id` int(200) DEFAULT NULL COMMENT '父级ID',
  `dict_sort` int(11) DEFAULT NULL COMMENT '排序号',
  PRIMARY KEY (`id`)
) ENGINE=InnoDB DEFAULT CHARSET=utf8;

-- ----------------------------
-- Records of sys_dict
-- ----------------------------
INSERT INTO `sys_dict` VALUES ('1', '商品分类', 'goodsClassify', '0', '0', '0', '0');
INSERT INTO `sys_dict` VALUES ('2', '手机', '手机', '1', '0', '1', '1');
INSERT INTO `sys_dict` VALUES ('3', '电脑', '电脑', '1', '0', '1', '2');

-- ----------------------------
-- Table structure for sys_file
-- ----------------------------
DROP TABLE IF EXISTS `sys_file`;
CREATE TABLE `sys_file` (
  `id` int(200) NOT NULL AUTO_INCREMENT,
  `file_url` varchar(255) DEFAULT NULL COMMENT '文件路径',
  `file_name` varchar(255) DEFAULT NULL COMMENT '文件名称',
  `file_chname` varchar(255) DEFAULT NULL COMMENT 'ftp保存的文件名',
  `file_type` varchar(2) DEFAULT NULL COMMENT '文件类型',
  `create_time` datetime DEFAULT NULL COMMENT '创建时间',
  `create_user` varchar(40) DEFAULT NULL COMMENT '创建者',
  PRIMARY KEY (`id`)
) ENGINE=InnoDB AUTO_INCREMENT=42 DEFAULT CHARSET=utf8;

-- ----------------------------
-- Records of sys_file
-- ----------------------------
INSERT INTO `sys_file` VALUES ('20', '/home/springboot/1551539281316.docx', '《peerless》.docx', null, '1', '2019-03-02 23:08:01', 'admin');
INSERT INTO `sys_file` VALUES ('22', '/home/springboot/1551542845816.png', '项目生命周期 - 阶段纵向.png', '1551542845816.png', '1', '2019-03-03 00:07:26', 'admin');
INSERT INTO `sys_file` VALUES ('26', '/home/springboot/1551583765121.png', 'AE51D893-78AC-45d8-9555-DEC6C253DCE8.png', '1551583765121.png', '1', '2019-03-03 11:29:25', 'admin');
INSERT INTO `sys_file` VALUES ('27', '/home/springboot/1551583765137.png', '公示er图.png', '1551583765137.png', '1', '2019-03-03 11:29:25', 'admin');
INSERT INTO `sys_file` VALUES ('29', '/home/springboot/1551584142395.xlsx', 'notepad__快捷键.xlsx', '1551584142395.xlsx', '1', '2019-03-03 11:35:42', 'sys_admin');
INSERT INTO `sys_file` VALUES ('30', '/home/springboot/1551584142671.png', '项目生命周期 - 阶段纵向.png', '1551584142671.png', '1', '2019-03-03 11:35:43', 'sys_admin');
INSERT INTO `sys_file` VALUES ('31', '/home/springboot/1551584142683.pdf', 'EL手册.pdf', '1551584142683.pdf', '1', '2019-03-03 11:35:43', 'sys_admin');
INSERT INTO `sys_file` VALUES ('32', '/home/springboot/1551621521443.jpg', '东莞市建设项目经济技术指标核算报告.jpg', '1551621521443.jpg', '1', '2019-03-03 21:58:42', 'sys_admin');
INSERT INTO `sys_file` VALUES ('33', '/home/springboot/1551621679076.txt', '工程咨询机构编制的项目建议书（编制单位资质要求乙级及以上）.txt', '1551621679076.txt', '1', '2019-03-03 22:01:19', 'sys_admin');
INSERT INTO `sys_file` VALUES ('34', '/home/springboot/1551621679086.东莞市政府工作人员统一认证平台接入规范_1__1_.docx', '附件3.东莞市政府工作人员统一认证平台接入规范_1__1_.docx', '1551621679086.东莞市政府工作人员统一认证平台接入规范_1__1_.docx', '1', '2019-03-03 22:01:19', 'sys_admin');
INSERT INTO `sys_file` VALUES ('35', '/home/springboot/1551621679086.jpg', '建设单位认为需要说明的相关情况.jpg', '1551621679086.jpg', '1', '2019-03-03 22:01:19', 'sys_admin');
INSERT INTO `sys_file` VALUES ('36', '/home/springboot/1551621679087.png', 'E97D4BE9-DD66-4ec4-B625-1BA8A3A63420.png', '1551621679087.png', '1', '2019-03-03 22:01:19', 'sys_admin');
INSERT INTO `sys_file` VALUES ('37', '/home/springboot/1551621679076.pdf', '企业投资建设工程项目审批改革流程图0705（公开出让用地）.pdf', '1551621679076.pdf', '1', '2019-03-03 22:01:19', 'sys_admin');
INSERT INTO `sys_file` VALUES ('38', '/home/springboot/1551621704888.jpg', '中标通知书.jpg', '1551621704888.jpg', '1', '2019-03-03 22:01:45', 'sys_admin');
INSERT INTO `sys_file` VALUES ('39', '/home/springboot/1551621716434.jpg', '受委托人身份证明.jpg', '1551621716434.jpg', '1', '2019-03-03 22:01:56', 'sys_admin');
INSERT INTO `sys_file` VALUES ('40', '/home/springboot/1552227215288.jpg', '施工合同（含分包合同）.jpg', '1552227215288.jpg', '1', '2019-03-10 22:13:36', '秦建平');
INSERT INTO `sys_file` VALUES ('41', '/home/springboot/1556020577637.jpg', '建设单位认为需要说明的相关情况.jpg', '1556020577637.jpg', '1', '2019-04-23 19:56:18', 'sys_admin');

-- ----------------------------
-- Table structure for sys_interface
-- ----------------------------
DROP TABLE IF EXISTS `sys_interface`;
CREATE TABLE `sys_interface` (
  `id` int(11) NOT NULL AUTO_INCREMENT,
  `interface_Name` varchar(255) NOT NULL COMMENT '接口名称',
  `interface_Url` varchar(255) NOT NULL COMMENT '接口链接',
  `interface_group` varchar(10) DEFAULT NULL COMMENT '分组',
  `interface_sort` int(4) DEFAULT NULL COMMENT '排序',
  `description` varchar(255) DEFAULT NULL COMMENT '备注',
  PRIMARY KEY (`id`)
) ENGINE=InnoDB AUTO_INCREMENT=22 DEFAULT CHARSET=utf8;

-- ----------------------------
-- Records of sys_interface
-- ----------------------------
INSERT INTO `sys_interface` VALUES ('6', '公司-审批系统', 'http://192.168.32.57:8083/aplanmis-front/opus/front/index.html#', '', null, '');
INSERT INTO `sys_interface` VALUES ('9', '公司-网厅', 'http://192.168.32.57:8084/aplanmis-mall/aea/mall/main/mainIndex.do', '', null, '');
INSERT INTO `sys_interface` VALUES ('16', '公司 opus ', 'http://192.168.32.57:7082/opus-admin/console/index.do', '', null, '');
INSERT INTO `sys_interface` VALUES ('17', '家里台式-网厅', 'http://192.168.0.109:8084/aplanmis-mall/aea/mall/main/mainIndex.do', '', null, '');
INSERT INTO `sys_interface` VALUES ('18', '家里台式-审批系统', 'http://192.168.0.109:8083/aplanmis-front/opus/front/index.html#', '', null, '');
INSERT INTO `sys_interface` VALUES ('20', '服务器-审批系统', 'http://39.107.139.174:8083/aplanmis-front/opus/front/index.html#', '', null, '');
INSERT INTO `sys_interface` VALUES ('21', '服务器-网厅', 'http://39.107.139.174:8084/aplanmis-mall/aea/mall/main/mainIndex.do', '', null, '');

-- ----------------------------
-- Table structure for sys_log
-- ----------------------------
DROP TABLE IF EXISTS `sys_log`;
CREATE TABLE `sys_log` (
  `log_id` int(100) NOT NULL AUTO_INCREMENT,
  `log_level` int(10) DEFAULT NULL COMMENT 'debug(10000),info(20000),warn(30000),error(40000)',
  `url` varchar(100) DEFAULT NULL,
  `user_id` int(100) DEFAULT NULL,
  `username` varchar(100) DEFAULT NULL,
  `result` longtext,
  `create_time` timestamp NULL DEFAULT NULL ON UPDATE CURRENT_TIMESTAMP,
  PRIMARY KEY (`log_id`)
) ENGINE=InnoDB DEFAULT CHARSET=utf8;

-- ----------------------------
-- Records of sys_log
-- ----------------------------

-- ----------------------------
-- Table structure for sys_menu
-- ----------------------------
DROP TABLE IF EXISTS `sys_menu`;
CREATE TABLE `sys_menu` (
  `id` int(11) NOT NULL AUTO_INCREMENT,
  `icon` varchar(255) DEFAULT NULL COMMENT '图标',
  `menu_name` varchar(255) DEFAULT NULL COMMENT '菜单名称',
  `url` varchar(255) DEFAULT NULL COMMENT '路径',
  `parent_id` int(11) DEFAULT NULL,
  `sort` tinyint(4) DEFAULT NULL COMMENT '排序号',
  `permission` varchar(255) DEFAULT NULL,
  `is_show` tinyint(4) DEFAULT '0' COMMENT '是否显示  0显示 1不显示',
  `menu_type` varchar(20) DEFAULT '' COMMENT '菜单类型 button按钮 menu菜单 api 请求接口',
  `is_sys_menu` varchar(2) DEFAULT NULL COMMENT '是否系统菜单  0系统菜单  1非系统菜单   系统菜单不可删除',
  PRIMARY KEY (`id`)
) ENGINE=InnoDB AUTO_INCREMENT=1002028 DEFAULT CHARSET=utf8;

-- ----------------------------
-- Records of sys_menu
-- ----------------------------
INSERT INTO `sys_menu` VALUES ('1001', 'fa fa-home', '系统管理', '', null, '1', '', '0', 'menu', '0');
INSERT INTO `sys_menu` VALUES ('1002', 'fa fa-pie-chart', '基础数据管理', '', null, '2', '', '0', 'menu', '0');
INSERT INTO `sys_menu` VALUES ('1001001', 'glyphicon glyphicon-user', '用户管理', '/sys/user/list', '1001', '1', 'sys:user:list', '0', 'api', '0');
INSERT INTO `sys_menu` VALUES ('1001002', 'fa fa-user', '角色管理', '/sys/role/list', '1001', '2', 'sys:role:list', '0', 'api', '0');
INSERT INTO `sys_menu` VALUES ('1001003', 'fa fa-sitemap', '菜单管理', '/sys/menu/list', '1001', '3', 'sys:menu:list', '0', 'api', '0');
INSERT INTO `sys_menu` VALUES ('1001004', 'fa fa-mortar-board', '部门管理', '/sys/dept/list', '1001', '4', 'sys:dept:list', '0', 'api', '0');
INSERT INTO `sys_menu` VALUES ('1002001', 'fa fa-book', '数据字典管理', '/data/dic/list', '1002', '1', 'data:dic:list', '0', 'api', '0');
INSERT INTO `sys_menu` VALUES ('1002002', 'fa fa-clock-o', '定时器管理', '/data/scheduler/list', '1002', '2', 'data:scheduler:list', '0', 'api', '0');
INSERT INTO `sys_menu` VALUES ('1002003', 'glyphicon glyphicon-headphones', '接口管理', null, null, null, null, '0', 'menu', '0');
INSERT INTO `sys_menu` VALUES ('1002004', 'glyphicon glyphicon-globe', '登录链接', '/data/interface/list', '1002003', null, 'data:interface:list', '0', 'api', '0');
INSERT INTO `sys_menu` VALUES ('1002005', 'glyphicon glyphicon-bookmark', '图书管理系统', '', null, null, '', '0', 'menu', '0');
INSERT INTO `sys_menu` VALUES ('1002006', 'glyphicon glyphicon-list-alt', '图书列表', '/api/book/list', '1002005', null, 'api:book:list', '0', 'api', '0');
INSERT INTO `sys_menu` VALUES ('1002007', 'glyphicon glyphicon-book', '我的借阅', '/api/borrow/list', '1002005', null, 'api:borrow:list', '0', 'api', '0');
INSERT INTO `sys_menu` VALUES ('1002008', 'glyphicon glyphicon-cloud', '天气信息', '/weather/list', '1002003', null, 'weather:list', '0', 'api', '0');
INSERT INTO `sys_menu` VALUES ('1002009', 'glyphicon glyphicon-object-align-bottom', '股市查阅系统', '', null, null, '', '1', 'menu', '0');
INSERT INTO `sys_menu` VALUES ('1002010', 'glyphicon glyphicon-object-align-horizontal', '香港股市列表', '/stock/hk/list', '1002009', null, 'stock:hk:list', '0', 'api', '0');
INSERT INTO `sys_menu` VALUES ('1002011', 'glyphicon glyphicon-object-align-left', '沪股列表', '/stock/sh/list', '1002009', null, 'stock:sh:list', '0', 'api', '0');
INSERT INTO `sys_menu` VALUES ('1002012', 'glyphicon glyphicon-object-align-vertical', '深圳股市列表', '/stock/sz/list', '1002009', null, 'stock:sz:list', '0', 'api', '0');
INSERT INTO `sys_menu` VALUES ('1002013', 'glyphicon glyphicon-object-align-right', '美国股市列表', '/stock/usa/list', '1002009', null, 'stock:usa:list', '0', 'api', '0');
INSERT INTO `sys_menu` VALUES ('1002014', 'glyphicon glyphicon-cog', '系统监控', '', null, null, null, '0', 'menu', '0');
INSERT INTO `sys_menu` VALUES ('1002015', 'glyphicon glyphicon-dashboard', '服务监控', '/monitor/server', '1002014', null, 'monitor:server', '0', 'api', '0');
INSERT INTO `sys_menu` VALUES ('1002016', 'glyphicon glyphicon-list-alt', '系统日志', '/sys/log/list', '1002014', null, 'sys:log:list', '0', 'api', '0');
INSERT INTO `sys_menu` VALUES ('1002017', 'glyphicon glyphicon-book', '文件管理', '', null, null, '', '0', 'menu', '0');
INSERT INTO `sys_menu` VALUES ('1002018', 'glyphicon glyphicon-th-list', '文件列表', '/myfile/fileList', '1002017', null, 'myfile:fileList', '0', 'api', '0');
INSERT INTO `sys_menu` VALUES ('1002019', 'glyphicon glyphicon-heart', 'API', 'http://47.112.26.69:9009/swagger-ui.html', '1002014', null, 'data:swagger', '0', 'api', '0');
INSERT INTO `sys_menu` VALUES ('1002024', 'glyphicon glyphicon-heart', 'Druid监听', 'http://47.112.26.69:9009/druid/index.html', '1002014', null, 'druid:index', '0', 'api', '1');

-- ----------------------------
-- Table structure for sys_menu_role
-- ----------------------------
DROP TABLE IF EXISTS `sys_menu_role`;
CREATE TABLE `sys_menu_role` (
  `id` int(11) NOT NULL AUTO_INCREMENT,
  `menu_id` int(11) DEFAULT NULL,
  `role_id` int(11) DEFAULT NULL,
  PRIMARY KEY (`id`)
) ENGINE=InnoDB AUTO_INCREMENT=808 DEFAULT CHARSET=utf8;

-- ----------------------------
-- Records of sys_menu_role
-- ----------------------------
INSERT INTO `sys_menu_role` VALUES ('114', '1002005', '6');
INSERT INTO `sys_menu_role` VALUES ('115', '1002006', '6');
INSERT INTO `sys_menu_role` VALUES ('116', '1002007', '6');
INSERT INTO `sys_menu_role` VALUES ('297', '1001', '2');
INSERT INTO `sys_menu_role` VALUES ('298', '1001001', '2');
INSERT INTO `sys_menu_role` VALUES ('299', '1001002', '2');
INSERT INTO `sys_menu_role` VALUES ('300', '1001003', '2');
INSERT INTO `sys_menu_role` VALUES ('301', '1001004', '2');
INSERT INTO `sys_menu_role` VALUES ('302', '1002', '2');
INSERT INTO `sys_menu_role` VALUES ('303', '1002001', '2');
INSERT INTO `sys_menu_role` VALUES ('304', '1002002', '2');
INSERT INTO `sys_menu_role` VALUES ('305', '1002014', '2');
INSERT INTO `sys_menu_role` VALUES ('306', '1002015', '2');
INSERT INTO `sys_menu_role` VALUES ('307', '1002016', '2');
INSERT INTO `sys_menu_role` VALUES ('375', '1001', '3');
INSERT INTO `sys_menu_role` VALUES ('376', '1001001', '3');
INSERT INTO `sys_menu_role` VALUES ('377', '1001002', '3');
INSERT INTO `sys_menu_role` VALUES ('378', '1001003', '3');
INSERT INTO `sys_menu_role` VALUES ('379', '1001004', '3');
INSERT INTO `sys_menu_role` VALUES ('380', '1002', '3');
INSERT INTO `sys_menu_role` VALUES ('381', '1002001', '3');
INSERT INTO `sys_menu_role` VALUES ('382', '1002002', '3');
INSERT INTO `sys_menu_role` VALUES ('383', '1001', '5');
INSERT INTO `sys_menu_role` VALUES ('384', '1001001', '5');
INSERT INTO `sys_menu_role` VALUES ('385', '1001002', '5');
INSERT INTO `sys_menu_role` VALUES ('386', '1001003', '5');
INSERT INTO `sys_menu_role` VALUES ('387', '1001004', '5');
INSERT INTO `sys_menu_role` VALUES ('388', '1002', '5');
INSERT INTO `sys_menu_role` VALUES ('389', '1002001', '5');
INSERT INTO `sys_menu_role` VALUES ('390', '1002002', '5');
INSERT INTO `sys_menu_role` VALUES ('391', '1002003', '5');
INSERT INTO `sys_menu_role` VALUES ('392', '1002004', '5');
INSERT INTO `sys_menu_role` VALUES ('393', '1002008', '5');
INSERT INTO `sys_menu_role` VALUES ('394', '1002005', '5');
INSERT INTO `sys_menu_role` VALUES ('395', '1002006', '5');
INSERT INTO `sys_menu_role` VALUES ('396', '1002007', '5');
INSERT INTO `sys_menu_role` VALUES ('397', '1002009', '5');
INSERT INTO `sys_menu_role` VALUES ('398', '1002010', '5');
INSERT INTO `sys_menu_role` VALUES ('399', '1002011', '5');
INSERT INTO `sys_menu_role` VALUES ('400', '1002012', '5');
INSERT INTO `sys_menu_role` VALUES ('401', '1002013', '5');
INSERT INTO `sys_menu_role` VALUES ('402', '1002014', '5');
INSERT INTO `sys_menu_role` VALUES ('403', '1002015', '5');
INSERT INTO `sys_menu_role` VALUES ('404', '1002016', '5');
INSERT INTO `sys_menu_role` VALUES ('405', '1002017', '5');
INSERT INTO `sys_menu_role` VALUES ('406', '1002018', '5');
INSERT INTO `sys_menu_role` VALUES ('517', '1002003', '7');
INSERT INTO `sys_menu_role` VALUES ('518', '1002004', '7');
INSERT INTO `sys_menu_role` VALUES ('520', '1002003', '10');
INSERT INTO `sys_menu_role` VALUES ('521', '1002004', '10');
INSERT INTO `sys_menu_role` VALUES ('563', '1001', '4');
INSERT INTO `sys_menu_role` VALUES ('564', '1001001', '4');
INSERT INTO `sys_menu_role` VALUES ('565', '1001002', '4');
INSERT INTO `sys_menu_role` VALUES ('566', '1001003', '4');
INSERT INTO `sys_menu_role` VALUES ('567', '1001004', '4');
INSERT INTO `sys_menu_role` VALUES ('568', '1002', '4');
INSERT INTO `sys_menu_role` VALUES ('569', '1002001', '4');
INSERT INTO `sys_menu_role` VALUES ('570', '1002002', '4');
INSERT INTO `sys_menu_role` VALUES ('571', '1002014', '4');
INSERT INTO `sys_menu_role` VALUES ('572', '1002015', '4');
INSERT INTO `sys_menu_role` VALUES ('573', '1002016', '4');
INSERT INTO `sys_menu_role` VALUES ('574', '1002019', '4');
INSERT INTO `sys_menu_role` VALUES ('575', '1002024', '4');
INSERT INTO `sys_menu_role` VALUES ('576', '1002017', '4');
INSERT INTO `sys_menu_role` VALUES ('577', '1002018', '4');
INSERT INTO `sys_menu_role` VALUES ('774', '1001', '1');
INSERT INTO `sys_menu_role` VALUES ('775', '1001001', '1');
INSERT INTO `sys_menu_role` VALUES ('776', '1001002', '1');
INSERT INTO `sys_menu_role` VALUES ('777', '1001003', '1');
INSERT INTO `sys_menu_role` VALUES ('778', '1001004', '1');
INSERT INTO `sys_menu_role` VALUES ('779', '1002', '1');
INSERT INTO `sys_menu_role` VALUES ('780', '1002001', '1');
INSERT INTO `sys_menu_role` VALUES ('781', '1002002', '1');
INSERT INTO `sys_menu_role` VALUES ('782', '1002003', '1');
INSERT INTO `sys_menu_role` VALUES ('783', '1002004', '1');
INSERT INTO `sys_menu_role` VALUES ('784', '1002008', '1');
INSERT INTO `sys_menu_role` VALUES ('785', '1002005', '1');
INSERT INTO `sys_menu_role` VALUES ('786', '1002006', '1');
INSERT INTO `sys_menu_role` VALUES ('787', '1002007', '1');
INSERT INTO `sys_menu_role` VALUES ('788', '1002014', '1');
INSERT INTO `sys_menu_role` VALUES ('789', '1002015', '1');
INSERT INTO `sys_menu_role` VALUES ('790', '1002016', '1');
INSERT INTO `sys_menu_role` VALUES ('791', '1002019', '1');
INSERT INTO `sys_menu_role` VALUES ('792', '1002024', '1');
INSERT INTO `sys_menu_role` VALUES ('793', '1002017', '1');
INSERT INTO `sys_menu_role` VALUES ('794', '1002018', '1');
INSERT INTO `sys_menu_role` VALUES ('795', '1001', '12');
INSERT INTO `sys_menu_role` VALUES ('796', '1001001', '12');
INSERT INTO `sys_menu_role` VALUES ('797', '1001002', '12');
INSERT INTO `sys_menu_role` VALUES ('798', '1001003', '12');
INSERT INTO `sys_menu_role` VALUES ('799', '1001004', '12');
INSERT INTO `sys_menu_role` VALUES ('800', '1002', '12');
INSERT INTO `sys_menu_role` VALUES ('801', '1002001', '12');
INSERT INTO `sys_menu_role` VALUES ('802', '1002002', '12');
INSERT INTO `sys_menu_role` VALUES ('803', '1002014', '12');
INSERT INTO `sys_menu_role` VALUES ('804', '1002015', '12');
INSERT INTO `sys_menu_role` VALUES ('805', '1002016', '12');
INSERT INTO `sys_menu_role` VALUES ('806', '1002019', '12');
INSERT INTO `sys_menu_role` VALUES ('807', '1002024', '12');

-- ----------------------------
-- Table structure for sys_role
-- ----------------------------
DROP TABLE IF EXISTS `sys_role`;
CREATE TABLE `sys_role` (
  `id` int(50) NOT NULL AUTO_INCREMENT,
  `role_name` varchar(100) DEFAULT NULL COMMENT '角色名称',
  `remark` varchar(255) DEFAULT NULL COMMENT '备注',
  `status` tinyint(4) DEFAULT '0' COMMENT '状态',
  `create_time` datetime DEFAULT NULL COMMENT '创建时间',
  `role_type` tinyint(4) DEFAULT '1' COMMENT '角色类型 0系统角色  1其他角色',
  PRIMARY KEY (`id`)
) ENGINE=InnoDB AUTO_INCREMENT=13 DEFAULT CHARSET=utf8;

-- ----------------------------
-- Records of sys_role
-- ----------------------------
INSERT INTO `sys_role` VALUES ('1', '超级管理员', '超级管理员', '0', '2018-12-06 00:32:49', '0');
INSERT INTO `sys_role` VALUES ('2', '管理员', '管理员', '0', '2018-12-06 22:50:01', '1');
INSERT INTO `sys_role` VALUES ('3', '普通用户', '普通用户', '0', '2018-12-06 22:50:44', '1');
INSERT INTO `sys_role` VALUES ('4', '系统管理员', '系统管理员', '0', '2018-12-06 22:51:07', '0');
INSERT INTO `sys_role` VALUES ('12', '测试员', '请不要删', '0', '2019-06-06 22:58:03', '1');

-- ----------------------------
-- Table structure for sys_task
-- ----------------------------
DROP TABLE IF EXISTS `sys_task`;
CREATE TABLE `sys_task` (
  `id` bigint(20) NOT NULL AUTO_INCREMENT,
  `cron_expression` varchar(255) DEFAULT NULL COMMENT 'cron表达式',
  `method_name` varchar(255) DEFAULT NULL COMMENT '任务调用的方法名',
  `is_concurrent` varchar(255) DEFAULT NULL COMMENT '任务是否有状态',
  `description` varchar(255) DEFAULT NULL COMMENT '任务描述',
  `update_by` varchar(64) DEFAULT NULL COMMENT '更新者',
  `bean_class` varchar(255) DEFAULT NULL COMMENT '任务执行时调用哪个类的方法 包名+类名',
  `create_date` datetime DEFAULT NULL COMMENT '创建时间',
  `job_status` varchar(20) DEFAULT '1' COMMENT '任务状态',
  `job_group` varchar(20) DEFAULT NULL COMMENT '任务分组',
  `update_date` datetime DEFAULT NULL COMMENT '更新时间',
  `create_by` varchar(64) DEFAULT NULL COMMENT '创建者',
  `spring_bean` varchar(255) DEFAULT NULL COMMENT 'Spring bean',
  `job_name` varchar(255) DEFAULT NULL COMMENT '任务名',
  PRIMARY KEY (`id`)
) ENGINE=MyISAM AUTO_INCREMENT=15 DEFAULT CHARSET=utf8;

-- ----------------------------
-- Records of sys_task
-- ----------------------------
INSERT INTO `sys_task` VALUES ('10', '0 55 0 * * ? *', null, null, '??0:55????', null, 'com.example.demo.modules.job.task.SyncBookDataTask', null, '0', 'group1', null, null, null, 'SyncBookDataTask');
INSERT INTO `sys_task` VALUES ('11', '0 30 0 1/1 * ? ', null, null, '??00:30????', null, 'com.example.demo.modules.job.task.WelcomeJob', null, '0', 'group1', null, null, null, 'WelcomeJob');
INSERT INTO `sys_task` VALUES ('13', '0 0/30 * * * ? ', null, null, '备注', null, 'com.example.demo.modules.job.task.WeatherDataSyncTask', null, '1', 'group3', null, null, null, 'WeatherDataSyncTask');

-- ----------------------------
-- Table structure for sys_user
-- ----------------------------
DROP TABLE IF EXISTS `sys_user`;
CREATE TABLE `sys_user` (
  `id` int(100) NOT NULL AUTO_INCREMENT,
  `username` varchar(100) NOT NULL,
  `password` varchar(100) NOT NULL,
  `real_name` varchar(200) DEFAULT NULL,
  `status` int(8) NOT NULL DEFAULT '0' COMMENT '0启用，1停用',
  `create_time` timestamp NULL DEFAULT NULL ON UPDATE CURRENT_TIMESTAMP,
  `email` varchar(50) DEFAULT NULL,
  `phone` varchar(50) DEFAULT NULL,
  `sex` tinyint(2) DEFAULT '1' COMMENT '性别',
  `avatar` varchar(255) DEFAULT NULL,
  `birth` timestamp NULL DEFAULT NULL ON UPDATE CURRENT_TIMESTAMP COMMENT '出生日期',
  `address` varchar(255) DEFAULT NULL COMMENT '常用住址',
  `city` varchar(20) DEFAULT NULL COMMENT '城市',
  `constellation` varchar(20) DEFAULT NULL COMMENT '星座',
  `is_sys_user` varchar(2) DEFAULT NULL COMMENT '是否系统用户 0 是 1否  系统用户不可删除',
  PRIMARY KEY (`id`)
) ENGINE=InnoDB AUTO_INCREMENT=217 DEFAULT CHARSET=utf8;

-- ----------------------------
-- Records of sys_user
-- ----------------------------
INSERT INTO `sys_user` VALUES ('1', 'admin', 'UUKHSDDI5KPA43A8VL06V0TU2', '??', '0', '2019-06-05 13:45:10', '285688338@qq.com', '15566668888', '1', '1558549283111.png', '2019-06-05 13:45:10', '12', '??', '--???--', '0');
INSERT INTO `sys_user` VALUES ('206', 'wanghaohao', 'UUKHSDDI5KPA43A8VL06V0TU2', 'wanghaohao', '0', '2019-06-04 14:15:38', '11341561111@qq.com', '18512345678', '0', null, '2019-06-04 14:15:38', '1111', 'shandong', '--???--', '0');
INSERT INTO `sys_user` VALUES ('208', '钟勇军', 'UUKHSDDI5KPA43A8VL06V0TU2', '钟勇军', '0', '2019-05-15 14:52:36', '8888888@qq.com', '1111111111', '1', null, '2019-05-15 14:52:36', null, '宁乡', '摩羯座', '0');
INSERT INTO `sys_user` VALUES ('209', '秦建平', 'UUKHSDDI5KPA43A8VL06V0TU2', '秦建平', '0', '2019-05-15 14:52:36', 'qjp_ncepu@126.com', '15650759006', '1', null, '2019-05-15 14:52:36', null, '广州', '射手座', '0');
INSERT INTO `sys_user` VALUES ('210', 'sys_admin', 'UUKHSDDI5KPA43A8VL06V0TU2', '系统管理员', '0', '2019-05-15 14:52:36', '285688338@qq.com', '15575988888', '0', '1559129754517.png', '2019-05-15 14:52:36', '河北', '河北', '白羊座', '0');
INSERT INTO `sys_user` VALUES ('215', '邓俊辉', 'UUKHSDDI5KPA43A8VL06V0TU2', '邓俊辉', '0', '2019-05-15 14:52:36', '21314@qq.com', '1111111111', '0', null, '2019-05-15 14:52:36', '北京', '河北', '白羊座', '0');

-- ----------------------------
-- Table structure for sys_user_role
-- ----------------------------
DROP TABLE IF EXISTS `sys_user_role`;
CREATE TABLE `sys_user_role` (
  `id` int(100) NOT NULL AUTO_INCREMENT,
  `user_id` int(11) DEFAULT NULL,
  `role_id` int(11) DEFAULT NULL,
  PRIMARY KEY (`id`)
) ENGINE=InnoDB AUTO_INCREMENT=126 DEFAULT CHARSET=utf8;

-- ----------------------------
-- Records of sys_user_role
-- ----------------------------
INSERT INTO `sys_user_role` VALUES ('27', '25', '3');
INSERT INTO `sys_user_role` VALUES ('28', '26', '3');
INSERT INTO `sys_user_role` VALUES ('29', '27', '3');
INSERT INTO `sys_user_role` VALUES ('30', '28', '3');
INSERT INTO `sys_user_role` VALUES ('31', '29', '3');
INSERT INTO `sys_user_role` VALUES ('32', '30', '3');
INSERT INTO `sys_user_role` VALUES ('33', '31', '3');
INSERT INTO `sys_user_role` VALUES ('34', '32', '3');
INSERT INTO `sys_user_role` VALUES ('35', '33', '3');
INSERT INTO `sys_user_role` VALUES ('36', '34', '3');
INSERT INTO `sys_user_role` VALUES ('37', '35', '3');
INSERT INTO `sys_user_role` VALUES ('38', '36', '3');
INSERT INTO `sys_user_role` VALUES ('39', '37', '3');
INSERT INTO `sys_user_role` VALUES ('40', '38', '3');
INSERT INTO `sys_user_role` VALUES ('41', '39', '3');
INSERT INTO `sys_user_role` VALUES ('42', '40', '3');
INSERT INTO `sys_user_role` VALUES ('43', '41', '3');
INSERT INTO `sys_user_role` VALUES ('44', '42', '3');
INSERT INTO `sys_user_role` VALUES ('76', '199', '1');
INSERT INTO `sys_user_role` VALUES ('81', '200', '4');
INSERT INTO `sys_user_role` VALUES ('83', '197', '4');
INSERT INTO `sys_user_role` VALUES ('93', '13', '2');
INSERT INTO `sys_user_role` VALUES ('94', '192', '4');
INSERT INTO `sys_user_role` VALUES ('95', '195', '2');
INSERT INTO `sys_user_role` VALUES ('96', '203', '2');
INSERT INTO `sys_user_role` VALUES ('98', '206', '5');
INSERT INTO `sys_user_role` VALUES ('99', '187', '3');
INSERT INTO `sys_user_role` VALUES ('100', '12', '3');
INSERT INTO `sys_user_role` VALUES ('101', '188', '3');
INSERT INTO `sys_user_role` VALUES ('102', '189', '3');
INSERT INTO `sys_user_role` VALUES ('103', '190', '3');
INSERT INTO `sys_user_role` VALUES ('104', '191', '3');
INSERT INTO `sys_user_role` VALUES ('105', '193', '3');
INSERT INTO `sys_user_role` VALUES ('106', '194', '3');
INSERT INTO `sys_user_role` VALUES ('107', '196', '3');
INSERT INTO `sys_user_role` VALUES ('108', '198', '3');
INSERT INTO `sys_user_role` VALUES ('109', '201', '3');
INSERT INTO `sys_user_role` VALUES ('110', '202', '3');
INSERT INTO `sys_user_role` VALUES ('111', '204', '3');
INSERT INTO `sys_user_role` VALUES ('112', '205', '3');
INSERT INTO `sys_user_role` VALUES ('118', '211', '7');
INSERT INTO `sys_user_role` VALUES ('120', '1', '1');
INSERT INTO `sys_user_role` VALUES ('122', '207', '5');
INSERT INTO `sys_user_role` VALUES ('123', '215', '10');
INSERT INTO `sys_user_role` VALUES ('124', '209', '6');
INSERT INTO `sys_user_role` VALUES ('125', '210', '12');



-- ----------------------------
-- Table structure for bsc_att_detail
-- ----------------------------
DROP TABLE IF EXISTS `bsc_att_detail`;
CREATE TABLE `bsc_att_detail` (
  `DETAIL_ID` varchar(50) NOT NULL COMMENT '主健',
  `ATT_CODE` varchar(50) NOT NULL COMMENT '附件编号',
  `ATT_NAME` varchar(200) NOT NULL COMMENT '附件名称',
  `ATT_SIZE` double(126,0) NOT NULL COMMENT '附件大小。以字节为单位。',
  `ATT_FORMAT` varchar(20) DEFAULT NULL COMMENT '附件格式',
  `ORG_ID` varchar(100) NOT NULL COMMENT '所属顶级组织ID',
  `STORE_TYPE` varchar(50) DEFAULT NULL COMMENT '文件存储类型，包括mongodb、minio、windows_disk、linux_disk等，来自于数据字典',
  `IS_RELATIVE_PATH` varchar(1) NOT NULL COMMENT '是否相对路径，适用于文件系统存储（如disk、minio），支持相对和绝对路径【适用于文件系统】',
  `ATT_PATH` varchar(1000) DEFAULT NULL COMMENT '附件文件路径，适用于文件系统存储（如disk、minio），支持相对和绝对路径【适用于文件系统】',
  `ATT_DISK_NAME` varchar(100) NOT NULL COMMENT '附件存在文件系统上的名称【适用于文件系统】',
  `OBJECT_ID` varchar(200) DEFAULT NULL COMMENT '附件对象ID【适用于非文件系统】',
  `BUCKET_NAME` varchar(255) DEFAULT NULL COMMENT '桶名称【适用于分布式对象文件系统】',
  `ATT_SOURCE` varchar(255) DEFAULT NULL COMMENT '文件来源',
  `IS_ENCRYPT` varchar(1) NOT NULL COMMENT '是否加密存储。0表示非加密存储，1表示加密存储。',
  `CREATER` varchar(100) NOT NULL COMMENT '创建人姓名',
  `CREATE_TIME` datetime NOT NULL COMMENT '创建时间',
  `MODIFIER` varchar(100) DEFAULT NULL COMMENT '修改人姓名',
  `MODIFY_TIME` datetime DEFAULT NULL COMMENT '修改时间',
  `ENCRYPT_CLASS` varchar(2000) DEFAULT NULL COMMENT '加解密类名',
  `DIR_ID` varchar(100) DEFAULT NULL COMMENT '所属目录ID',
  `IS_SIGN` varchar(1) DEFAULT NULL COMMENT '是否加盖签章（名）',
  `IS_NEED_PDF` char(1) DEFAULT NULL COMMENT '是否需要转换PDF，0表示不是，1表示是',
  `IS_CONVERT_PDF` char(1) DEFAULT NULL COMMENT '转换PDF状态，0表示没有转，1表示已转换，2表示转换中',
  `CONVERT_PDF_RESULT` char(1) DEFAULT NULL COMMENT 'PDF转换结果，0表示转换失败，1表示转换成功',
  `CONVERT_PDF_TIME` datetime DEFAULT NULL COMMENT 'PDF转换时间',
  `IS_VERSION_MGMT` char(1) DEFAULT NULL COMMENT '是否使用版本管理，0表示无版本管理，1表示有版本管理',
  PRIMARY KEY (`DETAIL_ID`) USING BTREE,
  KEY `IDX_BSC_ATT_DETAIL_DETAIL_ID` (`DETAIL_ID`) USING BTREE
) ENGINE=InnoDB DEFAULT CHARSET=utf8 ROW_FORMAT=DYNAMIC;

-- ----------------------------
-- Table structure for bsc_att_dir
-- ----------------------------
DROP TABLE IF EXISTS `bsc_att_dir`;
CREATE TABLE `bsc_att_dir` (
  `DIR_ID` varchar(50) NOT NULL COMMENT '主键',
  `ORG_ID` varchar(50) NOT NULL COMMENT '所属顶级组织ID',
  `IS_ROOT` varchar(1) NOT NULL COMMENT '是否根文件夹，0表示普通文件夹，1表示根文件夹',
  `DIR_CODE` varchar(50) NOT NULL COMMENT '文件夹编号',
  `DIR_NAME` varchar(500) NOT NULL COMMENT '文件夹名称',
  `PARENT_ID` varchar(50) DEFAULT NULL COMMENT '父文件夹ID',
  `DIR_SEQ` varchar(2000) NOT NULL COMMENT '文件夹序列',
  `DIR_MEMO` varchar(500) DEFAULT NULL COMMENT '备注说明',
  `DIR_LEVEL` varchar(8) DEFAULT NULL COMMENT '目录级别(0为虚拟机业务域、1为业务模块对象、2为对象分类属性、3为业务对象主键、4为业务对象下用户自定义目录)',
  `CREATER` varchar(255) DEFAULT NULL COMMENT '数据创建人',
  `CREATE_TIME` datetime DEFAULT NULL COMMENT '创建时间',
  `MODIFIER` varchar(255) DEFAULT NULL COMMENT '修改人',
  `MODIFY_TIME` datetime DEFAULT NULL COMMENT '修改时间',
  `DIR_PRIVILEGE` varchar(255) DEFAULT NULL COMMENT '目录权限(是否采用777方式还没确定,备用字段)',
  `DIR_NAME_SEQ` varchar(2000) DEFAULT NULL COMMENT '文件夹名称序列',
  `STORE_TYPE` varchar(50) DEFAULT NULL COMMENT '文件存储类型，包括mongodb、hdfs、windows_disk、linux_disk等，来自于数据字典',
  `STORE_URL` varchar(100) DEFAULT NULL,
  PRIMARY KEY (`DIR_ID`) USING BTREE
) ENGINE=InnoDB DEFAULT CHARSET=utf8 ROW_FORMAT=DYNAMIC;

-- ----------------------------
-- Table structure for bsc_att_link
-- ----------------------------
DROP TABLE IF EXISTS `bsc_att_link`;
CREATE TABLE `bsc_att_link` (
  `LINK_ID` varchar(50) NOT NULL COMMENT '主键',
  `TABLE_NAME` varchar(50) NOT NULL COMMENT '业务表名。如：NOTICE或ads.NOTICE。存在多个业务表时只需指定主业务表名即可。',
  `PK_NAME` varchar(50) NOT NULL COMMENT '业务表主键字段名',
  `RECORD_ID` varchar(50) NOT NULL COMMENT '业务记录ID',
  `DETAIL_ID` varchar(50) DEFAULT NULL COMMENT '附件文件记录ID',
  `DIR_ID` varchar(50) DEFAULT NULL COMMENT '附件文件夹ID',
  `LINK_TYPE` char(1) DEFAULT NULL COMMENT '连接类型，a表示附件，d代表文件夹',
  PRIMARY KEY (`LINK_ID`) USING BTREE,
  KEY `idx_bal_tpr` (`TABLE_NAME`,`PK_NAME`,`RECORD_ID`,`DETAIL_ID`) USING BTREE,
  KEY `IDX_BSC_ATT_LINK_RECORD_ID` (`RECORD_ID`) USING BTREE,
  KEY `IDX_BSC_ATT_LINK_DETAIL_ID` (`DETAIL_ID`) USING BTREE
) ENGINE=InnoDB DEFAULT CHARSET=utf8 ROW_FORMAT=DYNAMIC;

-- ----------------------------
-- Table structure for bsc_att_store_config
-- ----------------------------
DROP TABLE IF EXISTS `bsc_att_store_config`;
CREATE TABLE `bsc_att_store_config` (
  `STORE_CONFIG_ID` varchar(50) NOT NULL COMMENT '主键',
  `ROOT_DIR_ID` varchar(50) NOT NULL COMMENT '根目录（文件库）ID',
  `STORE_KEY` varchar(500) NOT NULL COMMENT '配置键',
  `STORE_DESC` varchar(500) NOT NULL COMMENT '配置键描述',
  `STORE_VALUE` varchar(500) NOT NULL COMMENT '配置值',
  `CREATER` varchar(50) NOT NULL COMMENT '创建人',
  `CREATE_TIME` datetime NOT NULL COMMENT '创建时间',
  `MODIFIER` varchar(50) DEFAULT NULL COMMENT '修改人',
  `MODIFY_TIME` datetime DEFAULT NULL COMMENT '修改时间',
  PRIMARY KEY (`STORE_CONFIG_ID`) USING BTREE
) ENGINE=InnoDB DEFAULT CHARSET=utf8 ROW_FORMAT=DYNAMIC COMMENT='文件存储配置表';

-- ----------------------------
-- Table structure for bsc_att_store_db
-- ----------------------------
DROP TABLE IF EXISTS `bsc_att_store_db`;
CREATE TABLE `bsc_att_store_db` (
  `STORE_DB_ID` varchar(50) NOT NULL COMMENT '主键',
  `DETAIL_ID` varchar(50) NOT NULL COMMENT '文件记录ID',
  `ATT_CONTENT` blob NOT NULL COMMENT '文件内容',
  PRIMARY KEY (`STORE_DB_ID`) USING BTREE
) ENGINE=InnoDB DEFAULT CHARSET=utf8 ROW_FORMAT=DYNAMIC COMMENT='数据库文件存储表';